transaction_id,timestamp,transaction_date,amount,merchant_category,transaction_type,city,country,channel,device_type,is_international,failed_attempts,is_fraud,hour,day_of_week,month,is_night,anomaly_flag,anomaly_score
TXN100000,2026-04-13 16:32:26,2026-04-13,440.5,Grocery,Mobile Wallet,Delhi,India,Mobile,iOS,0,0,0,16,Monday,2026-04,0,0,-0.22096705133498423
TXN100001,2026-06-29 00:55:27,2026-06-29,578.74,Fashion,ATM,Mumbai,India,ATM,iOS,0,0,0,0,Monday,2026-06,1,0,-0.19546780356662447
TXN100002,2026-04-03 08:16:08,2026-04-03,1772.47,Travel,POS,Lucknow,India,In-Store,Android,0,0,0,8,Friday,2026-04,0,0,-0.25299021534597166
TXN100003,2026-01-15 17:53:38,2026-01-15,3523.58,Online Services,ATM,Lucknow,India,ATM,Android,0,0,0,17,Thursday,2026-01,0,0,-0.19776727652769138
TXN100004,2026-04-17 11:53:08,2026-04-17,439.52,Grocery,Mobile Wallet,Bengaluru,India,Mobile,iOS,0,0,0,11,Friday,2026-04,0,0,-0.22096705133498423
TXN100005,2026-03-13 22:53:04,2026-03-13,1299.24,Online Services,Online,Pune,India,Digital,Android,0,0,0,22,Friday,2026-03,0,0,-0.2592622275967126
TXN100006,2026-01-21 13:00:30,2026-01-21,703.49,Online Services,POS,Lucknow,India,In-Store,iOS,0,0,0,13,Wednesday,2026-01,0,0,-0.24736047145067208
TXN100007,2026-04-13 14:34:06,2026-04-13,567.22,Travel,Mobile Wallet,Pune,India,Mobile,iOS,0,0,0,14,Monday,2026-04,0,0,-0.24024202824127278
TXN100008,2026-05-02 04:12:40,2026-05-02,1127.77,Utilities,Online,Mumbai,India,Digital,Windows,1,0,0,4,Saturday,2026-05,1,1,0.00974431806383802
TXN100009,2026-03-16 15:43:03,2026-03-16,985.43,Grocery,Bank Transfer,Pune,India,Digital,Android,0,0,0,15,Monday,2026-03,0,0,-0.25522333882972914
TXN100010,2026-03-29 09:26:38,2026-03-29,217.09,Jewelry,ATM,Chennai,India,ATM,MacOS,0,0,0,9,Sunday,2026-03,0,0,-0.11496478521676512
TXN100011,2026-04-27 07:33:50,2026-04-27,1288.55,Food & Dining,Bank Transfer,Kolkata,India,Digital,MacOS,0,1,0,7,Monday,2026-04,0,0,-0.1839840105914708
TXN100012,2026-04-10 02:31:16,2026-04-10,1425.78,Travel,POS,Pune,India,In-Store,Android,0,0,1,2,Friday,2026-04,1,0,-0.2087812243847565
TXN100013,2026-04-14 19:15:41,2026-04-14,1993.92,Fashion,POS,Kolkata,India,In-Store,Android,0,1,0,19,Tuesday,2026-04,0,0,-0.16978998581276628
TXN100014,2026-06-01 08:38:05,2026-06-01,693.56,Grocery,Bank Transfer,Delhi,India,Digital,Android,0,0,0,8,Monday,2026-06,0,0,-0.24607724115839968
TXN100015,2026-05-11 15:26:11,2026-05-11,307.89,Jewelry,Online,Mumbai,India,Digital,Android,0,0,0,15,Monday,2026-05,0,0,-0.1799274078033915
TXN100016,2026-05-30 04:05:15,2026-05-30,782.86,Grocery,POS,Kolkata,India,In-Store,iOS,0,0,0,4,Saturday,2026-05,1,0,-0.20880931933284547
TXN100017,2026-02-22 01:35:50,2026-02-22,1928.97,Entertainment,Online,Jaipur,India,Digital,iOS,0,0,0,1,Sunday,2026-02,1,0,-0.1973183768170435
TXN100018,2026-01-02 21:52:48,2026-01-02,1032.06,Fashion,Online,Delhi,India,Digital,Android,0,1,0,21,Friday,2026-01,0,0,-0.1805152273213283
TXN100019,2026-03-29 09:58:23,2026-03-29,2163.42,Jewelry,Mobile Wallet,Kolkata,India,Mobile,iOS,0,1,0,9,Sunday,2026-03,0,0,-0.1634284704765005
TXN100020,2026-06-07 20:08:09,2026-06-07,387.33,Travel,POS,Bengaluru,India,In-Store,Windows,0,0,0,20,Sunday,2026-06,0,0,-0.20448460094871823
TXN100021,2026-02-07 08:54:53,2026-02-07,2099.97,Food & Dining,Mobile Wallet,Pune,India,Mobile,iOS,1,0,0,8,Saturday,2026-02,0,0,-0.03514573056396797
TXN100022,2026-05-10 09:31:54,2026-05-10,1338.41,Food & Dining,Online,Bengaluru,India,Digital,Android,0,1,0,9,Sunday,2026-05,0,0,-0.18618385702236379
TXN100023,2026-01-21 13:23:45,2026-01-21,825.57,Healthcare,ATM,Lucknow,India,ATM,Android,1,0,0,13,Wednesday,2026-01,0,0,-0.05547193494232472
TXN100024,2026-06-10 23:03:34,2026-06-10,2581.9,Grocery,Online,Chennai,India,Digital,iOS,0,0,0,23,Wednesday,2026-06,1,0,-0.18142374276903223
TXN100025,2026-02-27 09:46:19,2026-02-27,1328.78,Electronics,Bank Transfer,Delhi,India,Digital,iOS,0,0,0,9,Friday,2026-02,0,0,-0.25897957513417924
TXN100026,2026-01-22 07:02:18,2026-01-22,499.01,Electronics,Bank Transfer,Ahmedabad,India,Digital,Windows,0,0,0,7,Thursday,2026-01,0,0,-0.23377839582894894
TXN100027,2026-03-30 19:21:21,2026-03-30,2405.47,Healthcare,Online,Ahmedabad,India,Digital,Android,0,0,0,19,Monday,2026-03,0,0,-0.23886174294092904
TXN100028,2026-02-18 08:55:01,2026-02-18,903.82,Electronics,Mobile Wallet,Kolkata,India,Mobile,iOS,0,0,0,8,Wednesday,2026-02,0,0,-0.25900072633753146
TXN100029,2026-02-28 00:46:15,2026-02-28,1129.53,Food & Dining,Online,Pune,India,Digital,Android,0,1,0,0,Saturday,2026-02,1,0,-0.11596961987015098
TXN100030,2026-06-19 12:40:19,2026-06-19,549.7,Electronics,ATM,Mumbai,India,ATM,Windows,1,0,0,12,Friday,2026-06,0,0,-0.024063786998878678
TXN100031,2026-01-15 12:43:58,2026-01-15,1052.22,Online Services,Mobile Wallet,Ahmedabad,India,Mobile,Windows,0,0,0,12,Thursday,2026-01,0,0,-0.2600588496014047
TXN100032,2026-06-24 05:25:39,2026-06-24,514.48,Jewelry,Mobile Wallet,Mumbai,India,Mobile,MacOS,0,0,1,5,Wednesday,2026-06,1,0,-0.1847875783783951
TXN100033,2026-02-20 15:52:04,2026-02-20,955.51,Food & Dining,Mobile Wallet,Ahmedabad,India,Mobile,MacOS,0,0,0,15,Friday,2026-02,0,0,-0.2560594852692483
TXN100034,2026-04-18 18:05:49,2026-04-18,1123.88,Fashion,POS,Delhi,India,In-Store,iOS,0,0,0,18,Saturday,2026-04,0,0,-0.26116076042459013
TXN100035,2026-02-24 07:23:36,2026-02-24,1780.45,Electronics,Online,Unknown,India,Digital,MacOS,0,2,0,7,Tuesday,2026-02,0,0,-0.01322716636535215
TXN100036,2026-03-05 22:07:35,2026-03-05,355.92,Grocery,Online,Lucknow,India,Digital,Android,0,0,0,22,Thursday,2026-03,0,0,-0.1952977129581966
TXN100037,2026-05-11 15:09:27,2026-05-11,2446.46,Unknown,POS,Hyderabad,India,In-Store,Android,0,0,0,15,Monday,2026-05,0,0,-0.2350475255655139
TXN100038,2026-02-20 10:18:19,2026-02-20,2508.5,Entertainment,Bank Transfer,Kolkata,India,Digital,Android,0,0,0,10,Friday,2026-02,0,0,-0.23360455434633032
TXN100039,2026-05-15 21:03:51,2026-05-15,942.76,Food & Dining,Online,Chennai,India,Digital,Android,0,0,0,21,Friday,2026-05,0,0,-0.2593193595517305
TXN100040,2026-01-21 17:09:59,2026-01-21,1215.91,Jewelry,ATM,Ahmedabad,India,ATM,Windows,0,0,0,17,Wednesday,2026-01,0,0,-0.26187003791464436
TXN100041,2026-03-14 07:04:39,2026-03-14,1401.39,Unknown,POS,Pune,India,In-Store,Android,0,0,1,7,Saturday,2026-03,0,0,-0.2560373788780243
TXN100042,2026-06-16 12:49:32,2026-06-16,1172.27,Healthcare,POS,Chennai,India,In-Store,Windows,0,0,0,12,Tuesday,2026-06,0,0,-0.25824626195280714
TXN100043,2026-01-18 15:31:03,2026-01-18,1777.11,Food & Dining,ATM,Mumbai,India,ATM,Windows,1,1,0,15,Sunday,2026-01,0,1,0.0295330265410767
TXN100044,2026-05-12 11:40:43,2026-05-12,804.49,Food & Dining,POS,Bengaluru,India,In-Store,Windows,0,0,0,11,Tuesday,2026-05,0,0,-0.2558153269856685
TXN100045,2026-03-30 22:56:09,2026-03-30,596.99,Travel,Bank Transfer,Lucknow,India,Digital,Android,0,0,0,22,Monday,2026-03,0,0,-0.2426009598562019
TXN100046,2026-03-01 04:16:48,2026-03-01,1544.62,Food & Dining,Online,Unknown,India,Digital,iOS,1,0,0,4,Sunday,2026-03,1,1,0.015449869401704786
TXN100047,2026-01-14 16:06:20,2026-01-14,323.54,Food & Dining,Bank Transfer,Jaipur,India,Digital,Windows,0,1,0,16,Wednesday,2026-01,0,0,-0.10308829682030074
TXN100048,2026-01-09 23:02:36,2026-01-09,1799.45,Healthcare,Online,Chennai,India,Digital,Android,0,1,0,23,Friday,2026-01,1,0,-0.11043903957414247
TXN100049,2026-03-31 04:32:31,2026-03-31,1954.85,Jewelry,Online,Bengaluru,India,Digital,Windows,0,0,0,4,Tuesday,2026-03,1,0,-0.19640282482335597
TXN100050,2026-02-22 01:08:51,2026-02-22,586.5,Travel,ATM,Pune,India,ATM,Windows,0,0,0,1,Sunday,2026-02,1,0,-0.19556032773229903
TXN100051,2026-05-10 12:27:05,2026-05-10,3420.94,Grocery,Mobile Wallet,Chennai,India,Mobile,Android,0,1,1,12,Sunday,2026-05,0,0,-0.11720139448462696
TXN100052,2026-03-25 03:09:09,2026-03-25,828.05,Food & Dining,Online,Mumbai,India,Digital,Android,0,1,0,3,Wednesday,2026-03,1,0,-0.10397947515972361
TXN100053,2026-04-02 16:55:31,2026-04-02,772.94,Food & Dining,POS,Delhi,India,In-Store,Android,0,0,0,16,Thursday,2026-04,0,0,-0.25419082784898483
TXN100054,2026-04-21 12:17:34,2026-04-21,650.14,Electronics,POS,Chennai,India,In-Store,Windows,0,0,0,12,Tuesday,2026-04,0,0,-0.24415733903136072
TXN100055,2026-06-21 10:37:05,2026-06-21,1569.45,Utilities,Online,Jaipur,India,Digital,Android,0,0,0,10,Sunday,2026-06,0,0,-0.25423887697973346
TXN100056,2026-01-08 03:27:33,2026-01-08,801.84,Jewelry,Bank Transfer,Hyderabad,India,Digital,iOS,0,0,0,3,Thursday,2026-01,1,0,-0.20832802315827464
TXN100057,2026-06-24 05:13:34,2026-06-24,347.34,Jewelry,Bank Transfer,Jaipur,India,Digital,Android,0,1,0,5,Wednesday,2026-06,1,0,-0.051469011907577245
TXN100058,2026-02-04 05:04:23,2026-02-04,1441.29,Electronics,Online,Bengaluru,India,Digital,iOS,0,0,0,5,Wednesday,2026-02,1,0,-0.20977018710693418
TXN100059,2026-03-22 21:34:54,2026-03-22,868.67,Online Services,POS,Mumbai,India,In-Store,Android,0,0,0,21,Sunday,2026-03,0,0,-0.2581412751522207
TXN100060,2026-06-13 04:22:15,2026-06-13,2614.27,Healthcare,Bank Transfer,Pune,India,Digital,iOS,0,0,0,4,Saturday,2026-06,1,0,-0.17988565143020252
TXN100061,2026-02-19 04:23:50,2026-02-19,1403.91,Food & Dining,POS,Lucknow,India,In-Store,Android,0,0,0,4,Thursday,2026-02,1,0,-0.21001346996008763
TXN100062,2026-04-14 13:18:13,2026-04-14,1356.85,Food & Dining,ATM,Kolkata,India,ATM,iOS,0,0,0,13,Tuesday,2026-04,0,0,-0.25621420552486446
TXN100063,2026-05-12 12:24:33,2026-05-12,2469.09,Online Services,Online,Hyderabad,India,Digital,Android,0,0,0,12,Tuesday,2026-05,0,0,-0.23424726273881818
TXN100064,2026-01-02 12:31:06,2026-01-02,1246.4,Food & Dining,ATM,Lucknow,India,ATM,Windows,0,0,0,12,Friday,2026-01,0,0,-0.26002335120812964
TXN100065,2026-05-14 00:56:13,2026-05-14,2050.34,Fashion,Online,Chennai,India,Digital,Windows,0,1,0,0,Thursday,2026-05,1,0,-0.10844865166207551
TXN100066,2026-02-23 02:52:15,2026-02-23,652.05,Food & Dining,Mobile Wallet,Hyderabad,India,Mobile,Windows,0,0,0,2,Monday,2026-02,1,0,-0.1958928209345036
TXN100067,2026-04-16 06:35:41,2026-04-16,4092.17,Food & Dining,POS,Bengaluru,India,In-Store,Android,0,0,1,6,Thursday,2026-04,0,0,-0.1782672315367052
TXN100068,2026-01-04 02:58:12,2026-01-04,1366.96,Electronics,Online,Mumbai,India,Digital,Android,0,0,0,2,Sunday,2026-01,1,0,-0.21167567522685438
TXN100069,2026-02-23 13:08:15,2026-02-23,419.31,Online Services,Mobile Wallet,Pune,India,Mobile,iOS,0,0,0,13,Monday,2026-02,0,0,-0.2149295988111976
TXN100070,2026-05-26 12:39:01,2026-05-26,1224.5,Healthcare,Online,Lucknow,India,Digital,Windows,0,0,0,12,Tuesday,2026-05,0,0,-0.26190696729332547
TXN100071,2026-02-13 09:27:37,2026-02-13,1273.26,Entertainment,POS,Chennai,India,In-Store,Android,0,0,0,9,Friday,2026-02,0,0,-0.26022095768989806
TXN100072,2026-06-11 18:36:23,2026-06-11,1211.77,Grocery,POS,Mumbai,India,In-Store,Android,0,0,1,18,Thursday,2026-06,0,0,-0.2621341793716361
TXN100073,2026-01-14 05:26:23,2026-01-14,174.18,Entertainment,Online,Chennai,India,Digital,Windows,0,1,1,5,Wednesday,2026-01,1,1,0.0070113079510967236
TXN100074,2026-04-05 06:19:25,2026-04-05,707.36,Grocery,Mobile Wallet,Pune,India,Mobile,iOS,0,0,0,6,Sunday,2026-04,0,0,-0.2465065908454122
TXN100075,2026-02-17 16:28:07,2026-02-17,362.75,Grocery,Bank Transfer,Lucknow,India,Digital,iOS,1,0,0,16,Tuesday,2026-02,0,0,-0.015486142697068828
TXN100076,2026-01-15 06:38:26,2026-01-15,366.98,Food & Dining,Online,Chennai,India,Digital,iOS,0,0,0,6,Thursday,2026-01,0,0,-0.19873326216112314
TXN100077,2026-02-09 23:38:23,2026-02-09,1252.8,Fashion,Bank Transfer,Unknown,India,Digital,Android,0,0,0,23,Monday,2026-02,1,0,-0.21791651183324623
TXN100078,2026-03-23 22:07:55,2026-03-23,700.17,Food & Dining,POS,Chennai,India,In-Store,Windows,0,0,0,22,Monday,2026-03,0,0,-0.24628226230351352
TXN100079,2026-04-21 12:55:25,2026-04-21,819.76,Grocery,Mobile Wallet,Lucknow,India,Mobile,Windows,0,0,0,12,Tuesday,2026-04,0,0,-0.25663513793929876
TXN100080,2026-02-22 10:37:10,2026-02-22,535.95,Fashion,POS,Mumbai,India,In-Store,MacOS,0,0,0,10,Sunday,2026-02,0,0,-0.2343463740325209
TXN100081,2026-01-24 05:25:20,2026-01-24,3305.85,Electronics,ATM,Bengaluru,India,ATM,Android,0,2,0,5,Saturday,2026-01,1,1,0.057672883406396314
TXN100082,2026-06-03 23:40:38,2026-06-03,1132.19,Jewelry,POS,Delhi,India,In-Store,iOS,0,0,0,23,Wednesday,2026-06,1,0,-0.22264933139180565
TXN100083,2026-05-04 14:25:34,2026-05-04,324.23,Food & Dining,POS,Mumbai,India,In-Store,Android,0,0,0,14,Monday,2026-05,0,0,-0.18607856070279155
TXN100084,2026-02-10 07:06:06,2026-02-10,1835.81,Healthcare,POS,Hyderabad,India,In-Store,MacOS,0,0,0,7,Tuesday,2026-02,0,0,-0.25144165265065094
TXN100085,2026-06-06 20:19:53,2026-06-06,833.79,Travel,Online,Delhi,India,Digital,iOS,1,0,0,20,Saturday,2026-06,0,0,-0.05543037328890221
TXN100086,2026-01-15 08:22:14,2026-01-15,2849.58,Grocery,Bank Transfer,Chennai,India,Digital,MacOS,0,0,0,8,Thursday,2026-01,0,0,-0.22038164363762747
TXN100087,2026-02-14 02:52:25,2026-02-14,1089.54,Jewelry,POS,Lucknow,India,In-Store,Android,0,0,0,2,Saturday,2026-02,1,0,-0.22189044724251167
TXN100088,2026-03-06 11:26:25,2026-03-06,628.46,Travel,Mobile Wallet,Mumbai,India,Mobile,Android,0,0,0,11,Friday,2026-03,0,0,-0.2458156275979556
TXN100089,2026-03-30 19:39:04,2026-03-30,710.78,Fashion,Online,Lucknow,India,Digital,MacOS,0,0,0,19,Monday,2026-03,0,0,-0.24692043247172835
TXN100090,2026-03-12 09:17:35,2026-03-12,794.8,Entertainment,Bank Transfer,Mumbai,India,Digital,MacOS,0,0,0,9,Thursday,2026-03,0,0,-0.2556154025248542
TXN100091,2026-01-09 07:46:58,2026-01-09,1622.63,Grocery,Mobile Wallet,Lucknow,India,Mobile,Windows,0,2,0,7,Friday,2026-01,0,0,-0.01700479856180448
TXN100092,2026-03-29 15:03:39,2026-03-29,585.18,Utilities,ATM,Hyderabad,India,ATM,Android,0,0,0,15,Sunday,2026-03,0,0,-0.24096414038426034
TXN100093,2026-05-09 12:46:31,2026-05-09,2965.93,Food & Dining,Mobile Wallet,Kolkata,India,Mobile,Android,0,0,0,12,Saturday,2026-05,0,0,-0.215912367749179
TXN100094,2026-05-16 20:26:56,2026-05-16,1472.7,Travel,Bank Transfer,Delhi,India,Digital,Windows,0,0,0,20,Saturday,2026-05,0,0,-0.25356890468809773
TXN100095,2026-03-04 02:38:06,2026-03-04,1312.28,Grocery,POS,Delhi,India,In-Store,iOS,0,1,0,2,Wednesday,2026-03,1,0,-0.11601594231083379
TXN100096,2026-05-19 10:47:42,2026-05-19,1162.63,Electronics,ATM,Mumbai,India,ATM,Windows,0,0,0,10,Tuesday,2026-05,0,0,-0.2590619287647523
TXN100097,2026-03-22 16:21:10,2026-03-22,1079.14,Online Services,Online,Chennai,India,Digital,Android,0,0,0,16,Sunday,2026-03,0,0,-0.26156040229319166
TXN100098,2026-05-16 12:10:56,2026-05-16,397.18,Healthcare,POS,Pune,India,In-Store,Android,0,0,0,12,Saturday,2026-05,0,0,-0.20688261227658317
TXN100099,2026-06-12 23:54:15,2026-06-12,1385.79,Travel,Online,Pune,India,Digital,Windows,0,0,0,23,Friday,2026-06,1,0,-0.21137083983461924
TXN100100,2026-06-12 08:42:59,2026-06-12,5118.35,Grocery,Bank Transfer,Delhi,India,Digital,Android,0,1,0,8,Friday,2026-06,0,0,-0.07265608572735771
TXN100101,2026-02-02 17:58:49,2026-02-02,1907.33,Healthcare,POS,Kolkata,India,In-Store,iOS,0,0,0,17,Monday,2026-02,0,0,-0.2516973274644301
TXN100102,2026-05-03 07:52:58,2026-05-03,1557.39,Food & Dining,POS,Pune,India,In-Store,iOS,0,1,0,7,Sunday,2026-05,0,0,-0.17810461048126996
TXN100103,2026-01-05 15:05:53,2026-01-05,321.19,Fashion,Online,Ahmedabad,India,Digital,iOS,0,1,0,15,Monday,2026-01,0,0,-0.10308829682030063
TXN100104,2026-02-10 13:53:16,2026-02-10,2614.71,Fashion,Mobile Wallet,Pune,India,Mobile,Android,0,1,0,13,Tuesday,2026-02,0,0,-0.14725003296343697
TXN100105,2026-01-28 03:53:51,2026-01-28,2083.91,Electronics,Online,Jaipur,India,Digital,Windows,0,1,0,3,Wednesday,2026-01,1,0,-0.10416604239673855
TXN100106,2026-05-15 22:14:32,2026-05-15,2790.41,Entertainment,Online,Lucknow,India,Digital,Android,0,0,0,22,Friday,2026-05,0,0,-0.22426679663573335
TXN100107,2026-03-13 18:19:42,2026-03-13,532.14,Jewelry,Online,Delhi,India,Digital,Android,0,0,0,18,Friday,2026-03,0,0,-0.234556280226437
TXN100108,2026-01-12 10:11:23,2026-01-12,796.4,Electronics,Mobile Wallet,Kolkata,India,Mobile,Android,0,0,0,10,Monday,2026-01,0,0,-0.25536963509607774
TXN100109,2026-06-11 04:53:38,2026-06-11,334.08,Entertainment,Mobile Wallet,Chennai,India,Mobile,MacOS,0,0,0,4,Thursday,2026-06,1,0,-0.13094462527648498
TXN100110,2026-02-02 01:49:47,2026-02-02,312.3,Fashion,ATM,Mumbai,India,ATM,iOS,1,1,0,1,Monday,2026-02,1,1,0.0763638012776382
TXN100111,2026-02-17 17:26:30,2026-02-17,691.23,Fashion,Mobile Wallet,Bengaluru,India,Mobile,iOS,0,0,0,17,Tuesday,2026-02,0,0,-0.24623974853686353
TXN100112,2026-05-31 08:44:40,2026-05-31,1594.34,Travel,Online,Hyderabad,India,Digital,Windows,0,0,0,8,Sunday,2026-05,0,0,-0.2531517273439334
TXN100113,2026-03-03 05:42:07,2026-03-03,785.93,Utilities,Mobile Wallet,Delhi,India,Mobile,Windows,0,1,0,5,Tuesday,2026-03,1,0,-0.10356630329840988
TXN100114,2026-02-06 06:32:49,2026-02-06,642.06,Food & Dining,Online,Kolkata,India,Digital,Android,1,1,0,6,Friday,2026-02,0,1,0.03201198046842835
TXN100115,2026-04-09 03:05:51,2026-04-09,1438.78,Food & Dining,Online,Mumbai,India,Digital,Android,0,0,0,3,Thursday,2026-04,1,0,-0.20917100090235397
TXN100116,2026-06-21 19:44:54,2026-06-21,81.96,Travel,Online,Bengaluru,India,Digital,MacOS,1,0,0,19,Sunday,2026-06,0,1,0.04472296199423975
TXN100117,2026-04-14 16:26:14,2026-04-14,710.57,Electronics,ATM,Jaipur,India,ATM,iOS,0,0,0,16,Tuesday,2026-04,0,0,-0.24692043247172835
TXN100118,2026-02-04 12:25:39,2026-02-04,1437.47,Grocery,Bank Transfer,Delhi,India,Digital,iOS,1,0,0,12,Wednesday,2026-02,0,0,-0.05559752387389527
TXN100119,2026-04-11 09:09:14,2026-04-11,794.14,Healthcare,POS,Chennai,India,In-Store,MacOS,0,0,0,9,Saturday,2026-04,0,0,-0.2556154025248542
TXN100120,2026-06-24 09:48:23,2026-06-24,3100.64,Electronics,Mobile Wallet,Hyderabad,India,Mobile,Android,0,0,0,9,Wednesday,2026-06,0,0,-0.2125490365203857
TXN100121,2026-05-11 09:38:20,2026-05-11,646.11,Healthcare,POS,Bengaluru,India,In-Store,Windows,0,0,0,9,Monday,2026-05,0,0,-0.2449878211169883
TXN100122,2026-01-01 18:46:08,2026-01-01,682.85,Fashion,Online,Chennai,India,Digital,Unknown,0,1,0,18,Thursday,2026-01,0,0,-0.18228008707655613
TXN100123,2026-01-05 18:33:08,2026-01-05,498.28,Fashion,POS,Pune,India,In-Store,iOS,0,0,0,18,Monday,2026-01,0,0,-0.23377839582894894
TXN100124,2026-05-22 19:44:05,2026-05-22,598.15,Food & Dining,Bank Transfer,Mumbai,India,Digital,iOS,0,0,0,19,Friday,2026-05,0,0,-0.24275319802328882
TXN100125,2026-04-13 10:30:42,2026-04-13,1368.69,Fashion,Mobile Wallet,Delhi,India,Mobile,Android,0,0,0,10,Monday,2026-04,0,0,-0.2567004139589866
TXN100126,2026-01-27 03:51:40,2026-01-27,2093.27,Grocery,POS,Mumbai,India,In-Store,Windows,1,0,0,3,Tuesday,2026-01,1,1,0.02278354998544574
TXN100127,2026-05-17 22:14:19,2026-05-17,6148.32,Travel,ATM,Bengaluru,India,ATM,MacOS,0,0,0,22,Sunday,2026-05,0,0,-0.09832324934605274
TXN100128,2026-01-15 00:31:21,2026-01-15,1740.51,Entertainment,Online,Ahmedabad,India,Digital,iOS,0,2,0,0,Thursday,2026-01,1,1,0.03174843909304037
TXN100129,2026-03-31 09:10:37,2026-03-31,427.4,Entertainment,ATM,Ahmedabad,India,ATM,iOS,0,0,0,9,Tuesday,2026-03,0,0,-0.2188534900143641
TXN100130,2026-02-11 00:27:10,2026-02-11,2961.11,Travel,Mobile Wallet,Hyderabad,India,Mobile,Android,0,0,0,0,Wednesday,2026-02,1,0,-0.16022896907822343
TXN100131,2026-05-04 05:46:29,2026-05-04,1619.24,Food & Dining,Online,Pune,India,Digital,Windows,0,1,0,5,Monday,2026-05,1,0,-0.1145205611474226
TXN100132,2026-06-28 23:11:34,2026-06-28,1122.1,Electronics,Mobile Wallet,Jaipur,India,Mobile,Windows,0,1,0,23,Sunday,2026-06,1,0,-0.11630268047705261
TXN100133,2026-03-04 12:49:11,2026-03-04,2575.62,Electronics,POS,Kolkata,India,In-Store,Windows,0,0,0,12,Wednesday,2026-03,0,0,-0.2307923191479963
TXN100134,2026-04-06 13:35:20,2026-04-06,7290.76,Grocery,Online,Delhi,India,Digital,Windows,0,0,0,13,Monday,2026-04,0,0,-0.06934074216372521
TXN100135,2026-02-21 18:40:31,2026-02-21,942.76,Online Services,Mobile Wallet,Delhi,India,Mobile,Android,1,0,0,18,Saturday,2026-02,0,0,-0.05645354432713412
TXN100136,2026-04-06 22:19:17,2026-04-06,563.19,Electronics,POS,Bengaluru,India,In-Store,Android,0,1,0,22,Monday,2026-04,0,0,-0.1680751220039829
TXN100137,2026-05-12 00:54:22,2026-05-12,3171.45,Electronics,POS,Ahmedabad,India,In-Store,Android,0,0,0,0,Tuesday,2026-05,1,0,-0.15223339118337187
TXN100138,2026-05-31 18:36:21,2026-05-31,9182.45,Travel,Online,Lucknow,India,Digital,iOS,0,0,0,18,Sunday,2026-05,0,0,-0.037990723642568835
TXN100139,2026-05-23 22:46:12,2026-05-23,1231.4,Grocery,Online,Jaipur,India,Digital,Android,0,1,0,22,Saturday,2026-05,0,0,-0.18532074582465935
TXN100140,2026-06-20 20:58:05,2026-06-20,1124.09,Entertainment,Mobile Wallet,Bengaluru,India,Mobile,Android,0,0,0,20,Saturday,2026-06,0,0,-0.26116076042459013
TXN100141,2026-01-29 15:12:02,2026-01-29,1258.52,Grocery,ATM,Jaipur,India,ATM,Android,0,0,0,15,Thursday,2026-01,0,0,-0.260629810048945
TXN100142,2026-02-05 14:06:58,2026-02-05,1570.99,Electronics,Mobile Wallet,Lucknow,India,Mobile,Android,0,1,0,14,Thursday,2026-02,0,0,-0.17837884902632684
TXN100143,2026-01-13 08:18:52,2026-01-13,355.39,Entertainment,Online,Ahmedabad,India,Digital,Android,0,1,0,8,Tuesday,2026-01,0,0,-0.11296828008271043
TXN100144,2026-06-09 01:55:01,2026-06-09,1400.69,Fashion,Online,Chennai,India,Digital,MacOS,0,2,0,1,Tuesday,2026-06,1,1,0.028498698082388918
TXN100145,2026-03-12 02:23:17,2026-03-12,1364.8,Healthcare,Online,Lucknow,India,Digital,Windows,0,0,1,2,Thursday,2026-03,1,0,-0.21167567522685438
TXN100146,2026-03-27 17:45:09,2026-03-27,1303.42,Food & Dining,POS,Bengaluru,India,In-Store,Android,0,0,0,17,Friday,2026-03,0,0,-0.2593949301861309
TXN100147,2026-01-28 20:06:31,2026-01-28,1253.39,Travel,Mobile Wallet,Kolkata,India,Mobile,iOS,0,0,0,20,Wednesday,2026-01,0,0,-0.2601290640520823
TXN100148,2026-03-07 23:23:34,2026-03-07,1184.44,Entertainment,Bank Transfer,Jaipur,India,Digital,iOS,0,0,0,23,Saturday,2026-03,1,0,-0.21795549765079408
TXN100149,2026-06-19 02:17:43,2026-06-19,204.17,Grocery,POS,Pune,India,In-Store,MacOS,0,0,0,2,Friday,2026-06,1,0,-0.04703883467075565
TXN100150,2026-02-14 17:34:53,2026-02-14,615.95,Food & Dining,Mobile Wallet,Bengaluru,India,Mobile,Android,0,0,1,17,Saturday,2026-02,0,0,-0.24746144888531652
TXN100151,2026-03-03 07:10:05,2026-03-03,2174.79,Fashion,Bank Transfer,Chennai,India,Digital,Android,0,0,0,7,Tuesday,2026-03,0,0,-0.2440727192812791
TXN100152,2026-05-14 03:17:54,2026-05-14,2623.75,Travel,Online,Kolkata,India,Digital,iOS,0,0,0,3,Thursday,2026-05,1,0,-0.17916709880915366
TXN100153,2026-01-28 03:54:39,2026-01-28,781.89,Entertainment,Bank Transfer,Ahmedabad,India,Digital,Windows,0,1,0,3,Wednesday,2026-01,1,0,-0.10371222187104734
TXN100154,2026-01-28 13:50:50,2026-01-28,510.19,Online Services,POS,Hyderabad,India,In-Store,Android,0,1,0,13,Wednesday,2026-01,0,0,-0.15576559796524891
TXN100155,2026-04-18 20:12:59,2026-04-18,1946.08,Jewelry,Online,Delhi,India,Digital,Android,0,0,0,20,Saturday,2026-04,0,0,-0.24960469519431727
TXN100156,2026-02-13 02:30:18,2026-02-13,1364.12,Entertainment,Online,Lucknow,India,Digital,Android,0,0,0,2,Friday,2026-02,1,0,-0.21167567522685438
TXN100157,2026-03-25 13:45:00,2026-03-25,994.6,Fashion,POS,Delhi,India,In-Store,iOS,0,0,0,13,Wednesday,2026-03,0,0,-0.2551192714482
TXN100158,2026-01-30 03:21:40,2026-01-30,2185.24,Electronics,POS,Bengaluru,India,In-Store,Android,0,0,0,3,Friday,2026-01,1,0,-0.19227380380362147
TXN100159,2026-03-16 15:50:21,2026-03-16,427.1,Travel,Online,Ahmedabad,India,Digital,Windows,0,0,0,15,Monday,2026-03,0,0,-0.21966548827774912
TXN100160,2026-05-08 05:30:00,2026-05-08,2776.0,Food & Dining,Online,Mumbai,India,Digital,MacOS,0,0,0,5,Friday,2026-05,1,0,-0.1690913149231219
TXN100161,2026-04-02 17:36:40,2026-04-02,329.76,Fashion,Bank Transfer,Kolkata,India,Digital,Android,0,0,0,17,Thursday,2026-04,0,0,-0.18569867770426013
TXN100162,2026-05-09 08:10:37,2026-05-09,566.69,Online Services,Mobile Wallet,Pune,India,Mobile,Windows,0,0,0,8,Saturday,2026-05,0,0,-0.23941091364046097
TXN100163,2026-05-01 21:15:37,2026-05-01,476.89,Fashion,Bank Transfer,Delhi,India,Digital,Android,1,0,0,21,Friday,2026-05,0,0,-0.020329745809399613
TXN100164,2026-01-27 12:57:55,2026-01-27,688.17,Fashion,Online,Jaipur,India,Digital,iOS,0,0,0,12,Tuesday,2026-01,0,0,-0.24595930101804414
TXN100165,2026-05-01 05:32:22,2026-05-01,1400.89,Fashion,Online,Chennai,India,Digital,Windows,0,0,0,5,Friday,2026-05,1,0,-0.20986533119340106
TXN100166,2026-04-26 05:47:42,2026-04-26,1886.99,Online Services,Online,Delhi,India,Digital,Android,0,0,0,5,Sunday,2026-04,1,0,-0.19790246764282188
TXN100167,2026-01-03 03:14:29,2026-01-03,1027.38,Entertainment,Online,Bengaluru,India,Digital,Android,0,2,0,3,Saturday,2026-01,1,1,0.029382748696190397
TXN100168,2026-04-13 14:56:12,2026-04-13,394.61,Entertainment,POS,Kolkata,India,In-Store,Android,0,0,0,14,Monday,2026-04,0,0,-0.2065310602735284
TXN100169,2026-06-04 04:25:16,2026-06-04,221.32,Fashion,ATM,Kolkata,India,ATM,iOS,0,0,0,4,Thursday,2026-06,1,0,-0.05634534989784579
TXN100170,2026-05-17 03:01:18,2026-05-17,2158.35,Utilities,Bank Transfer,Lucknow,India,Digital,Windows,0,0,0,3,Sunday,2026-05,1,0,-0.19251976468206217
TXN100171,2026-03-03 00:49:45,2026-03-03,1954.85,Grocery,Bank Transfer,Mumbai,India,Digital,Windows,0,1,0,0,Tuesday,2026-03,1,0,-0.10639909083591925
TXN100172,2026-06-14 20:27:28,2026-06-14,2582.98,Online Services,Online,Lucknow,India,Digital,Android,0,0,0,20,Sunday,2026-06,0,0,-0.2305742018139269
TXN100173,2026-02-20 11:27:15,2026-02-20,986.38,Food & Dining,POS,Hyderabad,India,In-Store,iOS,0,0,0,11,Friday,2026-02,0,0,-0.2551196982663841
TXN100174,2026-06-21 05:15:31,2026-06-21,1871.55,Fashion,Bank Transfer,Pune,India,Digital,Windows,0,1,0,5,Sunday,2026-06,1,0,-0.10745492654227395
TXN100175,2026-06-01 00:05:36,2026-06-01,657.45,Food & Dining,POS,Ahmedabad,India,In-Store,iOS,0,0,0,0,Monday,2026-06,1,0,-0.19534730243207227
TXN100176,2026-02-28 11:55:33,2026-02-28,1610.78,Entertainment,Online,Bengaluru,India,Digital,Android,1,0,0,11,Saturday,2026-02,0,0,-0.04882126918438079
TXN100177,2026-04-28 23:34:59,2026-04-28,747.14,Grocery,POS,Bengaluru,India,In-Store,Windows,1,0,0,23,Tuesday,2026-04,1,1,0.019271949546401212
TXN100178,2026-06-09 12:38:56,2026-06-09,1375.72,Online Services,Online,Ahmedabad,India,Digital,MacOS,0,0,0,12,Tuesday,2026-06,0,0,-0.2565680717377821
TXN100179,2026-04-06 19:18:24,2026-04-06,1320.28,Fashion,Online,Ahmedabad,India,Digital,Android,0,0,1,19,Monday,2026-04,0,0,-0.25969395730272693
TXN100180,2026-06-29 14:12:28,2026-06-29,1266.25,Fashion,Mobile Wallet,Ahmedabad,India,Mobile,Android,0,0,0,14,Monday,2026-06,0,0,-0.2603594436420933
TXN100181,2026-04-23 04:31:19,2026-04-23,2273.99,Electronics,Mobile Wallet,Mumbai,India,Mobile,iOS,0,0,0,4,Thursday,2026-04,1,0,-0.1898511945094996
TXN100182,2026-03-03 19:04:25,2026-03-03,392.43,Fashion,Online,Ahmedabad,India,Digital,MacOS,0,0,0,19,Tuesday,2026-03,0,0,-0.20490055216728614
TXN100183,2026-02-21 19:49:46,2026-02-21,2302.36,Food & Dining,Online,Ahmedabad,India,Digital,Windows,0,0,0,19,Saturday,2026-02,0,0,-0.24067512683641873
TXN100184,2026-01-12 23:55:24,2026-01-12,1216.72,Fashion,Bank Transfer,Delhi,India,Digital,Windows,0,0,0,23,Monday,2026-01,1,0,-0.21823287280471187
TXN100185,2026-02-08 21:31:25,2026-02-08,2576.96,Healthcare,Online,Jaipur,India,Digital,Android,0,0,0,21,Sunday,2026-02,0,0,-0.23071533609623357
TXN100186,2026-05-10 20:34:15,2026-05-10,2555.77,Fashion,POS,Kolkata,India,In-Store,MacOS,0,0,0,20,Sunday,2026-05,0,0,-0.2303176666344462
TXN100187,2026-05-11 21:27:53,2026-05-11,156.52,Jewelry,Online,Ahmedabad,India,Digital,iOS,0,0,0,21,Monday,2026-05,0,0,-0.05557922298010154
TXN100188,2026-04-23 18:31:10,2026-04-23,2537.43,Entertainment,Online,Delhi,India,Digital,MacOS,0,0,0,18,Thursday,2026-04,0,0,-0.23162988730762124
TXN100189,2026-04-11 21:14:34,2026-04-11,2629.25,Utilities,Bank Transfer,Hyderabad,India,Digital,iOS,0,0,0,21,Saturday,2026-04,0,0,-0.22929281025571213
TXN100190,2026-04-23 15:00:28,2026-04-23,400.75,Grocery,Bank Transfer,Kolkata,India,Digital,Windows,0,0,0,15,Thursday,2026-04,0,0,-0.20920466745344762
TXN100191,2026-03-22 19:45:28,2026-03-22,314.35,Fashion,Online,Pune,India,Digital,Android,0,0,0,19,Sunday,2026-03,0,0,-0.18086509164066233
TXN100192,2026-04-23 05:01:48,2026-04-23,2038.11,Fashion,POS,Kolkata,India,In-Store,Windows,0,0,0,5,Thursday,2026-04,1,0,-0.1978968927518615
TXN100193,2026-01-02 14:34:55,2026-01-02,1200.97,Food & Dining,Online,Mumbai,India,Digital,Android,0,1,0,14,Friday,2026-01,0,0,-0.18381992991006257
TXN100194,2026-05-10 23:00:06,2026-05-10,1482.01,Online Services,Online,Ahmedabad,India,Digital,Android,0,0,0,23,Sunday,2026-05,1,0,-0.2086321663362774
TXN100195,2026-02-23 21:15:33,2026-02-23,3466.94,Grocery,Mobile Wallet,Kolkata,India,Mobile,iOS,0,0,0,21,Monday,2026-02,0,0,-0.1999983362814845
TXN100196,2026-03-28 15:47:10,2026-03-28,1396.93,Grocery,ATM,Hyderabad,India,ATM,iOS,0,0,0,15,Saturday,2026-03,0,0,-0.25529370887093666
TXN100197,2026-05-09 20:44:00,2026-05-09,206.7,Online Services,POS,Mumbai,India,In-Store,iOS,0,1,0,20,Saturday,2026-05,0,0,-0.04395997807540275
TXN100198,2026-05-27 14:35:09,2026-05-27,485.87,Electronics,Bank Transfer,Ahmedabad,India,Digital,Android,0,0,0,14,Wednesday,2026-05,0,0,-0.2325312227819163
TXN100199,2026-05-06 18:26:46,2026-05-06,2524.68,Entertainment,Mobile Wallet,Lucknow,India,Mobile,Android,0,0,0,18,Wednesday,2026-05,0,0,-0.23234193802891112
TXN100200,2026-05-10 10:58:39,2026-05-10,1128.49,Food & Dining,Bank Transfer,Kolkata,India,Digital,Android,0,0,0,10,Sunday,2026-05,0,0,-0.26116076042459013
TXN100201,2026-02-22 13:47:29,2026-02-22,616.6,Online Services,Online,Ahmedabad,India,Digital,Android,0,0,0,13,Sunday,2026-02,0,0,-0.24790520482868428
TXN100202,2026-06-21 09:35:24,2026-06-21,1574.96,Grocery,Online,Lucknow,India,Digital,iOS,0,0,1,9,Sunday,2026-06,0,0,-0.2539403637937525
TXN100203,2026-06-09 09:24:45,2026-06-09,674.41,Grocery,ATM,Mumbai,India,ATM,iOS,0,0,0,9,Tuesday,2026-06,0,0,-0.24551708785475074
TXN100204,2026-06-09 12:19:29,2026-06-09,404.37,Food & Dining,POS,Chennai,India,In-Store,MacOS,0,0,0,12,Tuesday,2026-06,0,0,-0.21077515414359943
TXN100205,2026-03-09 08:31:16,2026-03-09,2473.45,Jewelry,Mobile Wallet,Jaipur,India,Mobile,Android,0,0,0,8,Monday,2026-03,0,0,-0.23390619424553943
TXN100206,2026-05-03 17:48:13,2026-05-03,2790.64,Fashion,ATM,Chennai,India,ATM,Android,0,0,0,17,Sunday,2026-05,0,0,-0.22426679663573335
TXN100207,2026-05-25 13:16:04,2026-05-25,1611.48,Travel,Mobile Wallet,Lucknow,India,Mobile,iOS,0,0,0,13,Monday,2026-05,0,0,-0.253637843762089
TXN100208,2026-02-07 14:06:39,2026-02-07,321.28,Entertainment,Online,Bengaluru,India,Digital,Windows,0,0,0,14,Saturday,2026-02,0,0,-0.1851513351984691
TXN100209,2026-01-24 22:03:34,2026-01-24,4818.13,Jewelry,Mobile Wallet,Jaipur,India,Mobile,Android,1,0,0,22,Saturday,2026-01,0,1,0.01546871349404122
TXN100210,2026-03-10 20:05:07,2026-03-10,4688.32,Online Services,POS,Jaipur,India,In-Store,MacOS,0,2,0,20,Tuesday,2026-03,0,1,0.029858745458075653
TXN100211,2026-04-26 22:47:42,2026-04-26,3036.43,Jewelry,Mobile Wallet,Hyderabad,India,Mobile,iOS,1,0,0,22,Sunday,2026-04,0,0,-0.013498466303112133
TXN100212,2026-04-08 08:52:03,2026-04-08,1398.29,Grocery,Online,Hyderabad,India,Digital,Windows,0,0,0,8,Wednesday,2026-04,0,0,-0.25607480611169325
TXN100213,2026-05-19 21:46:28,2026-05-19,1179.52,Grocery,POS,Ahmedabad,India,In-Store,MacOS,0,0,0,21,Tuesday,2026-05,0,0,-0.2585062389601057
TXN100214,2026-05-24 13:12:54,2026-05-24,1555.93,Entertainment,Bank Transfer,Kolkata,India,Digital,Android,0,0,0,13,Sunday,2026-05,0,0,-0.2537510281588127
TXN100215,2026-04-07 12:03:11,2026-04-07,439.98,Utilities,POS,Chennai,India,In-Store,iOS,0,0,0,12,Tuesday,2026-04,0,0,-0.22096705133498423
TXN100216,2026-05-04 14:54:24,2026-05-04,709.11,Travel,POS,Pune,India,In-Store,MacOS,1,0,0,14,Monday,2026-05,0,0,-0.04528209900745228
TXN100217,2026-03-11 18:43:04,2026-03-11,686.08,Electronics,Mobile Wallet,Bengaluru,India,Mobile,Windows,1,0,0,18,Wednesday,2026-03,0,0,-0.04477391431904687
TXN100218,2026-04-03 08:37:07,2026-04-03,1782.43,Utilities,POS,Pune,India,In-Store,iOS,0,0,0,8,Friday,2026-04,0,0,-0.2510767121032645
TXN100219,2026-01-03 09:51:04,2026-01-03,1336.29,Grocery,ATM,Ahmedabad,India,ATM,MacOS,1,0,1,9,Saturday,2026-01,0,0,-0.05554300342161045
TXN100220,2026-05-28 09:34:45,2026-05-28,509.47,Fashion,Online,Lucknow,India,Digital,Windows,0,1,0,9,Thursday,2026-05,0,0,-0.15576559796524891
TXN100221,2026-06-13 05:24:16,2026-06-13,306.72,Food & Dining,Mobile Wallet,Jaipur,India,Mobile,iOS,0,1,0,5,Saturday,2026-06,1,0,-0.04442182072150236
TXN100222,2026-05-27 20:46:35,2026-05-27,1457.53,Food & Dining,ATM,Bengaluru,India,ATM,Android,0,0,0,20,Wednesday,2026-05,0,0,-0.2532992318026616
TXN100223,2026-03-31 09:52:34,2026-03-31,468.45,Healthcare,POS,Ahmedabad,India,In-Store,iOS,0,0,0,9,Tuesday,2026-03,0,0,-0.23196432328171457
TXN100224,2026-05-27 13:02:02,2026-05-27,401.74,Fashion,Online,Bengaluru,India,Digital,iOS,0,1,0,13,Wednesday,2026-05,0,0,-0.12713026292956386
TXN100225,2026-05-28 03:43:29,2026-05-28,5867.48,Entertainment,ATM,Delhi,India,ATM,Android,0,0,0,3,Thursday,2026-05,1,0,-0.05918203697632063
TXN100226,2026-04-06 19:15:27,2026-04-06,6958.69,Food & Dining,Online,Chennai,India,Digital,MacOS,0,0,0,19,Monday,2026-04,0,0,-0.07855788067389458
TXN100227,2026-02-21 10:10:39,2026-02-21,765.68,Food & Dining,Online,Hyderabad,India,Digital,MacOS,0,2,0,10,Saturday,2026-02,0,0,-0.013381607917392069
TXN100228,2026-06-10 17:40:27,2026-06-10,255.0,Entertainment,ATM,Chennai,India,ATM,Android,0,1,0,17,Wednesday,2026-06,0,0,-0.07115307916345925
TXN100229,2026-06-17 23:10:24,2026-06-17,2889.06,Travel,Online,Pune,India,Digital,iOS,0,0,1,23,Wednesday,2026-06,1,0,-0.16564454139767187
TXN100230,2026-05-08 05:28:12,2026-05-08,1434.94,Grocery,Online,Bengaluru,India,Digital,Windows,0,0,0,5,Friday,2026-05,1,0,-0.2107771752523347
TXN100231,2026-02-08 21:54:00,2026-02-08,2030.45,Grocery,ATM,Mumbai,India,ATM,Windows,0,0,0,21,Sunday,2026-02,0,0,-0.24785978759977406
TXN100232,2026-03-23 15:03:20,2026-03-23,659.97,Electronics,Online,Hyderabad,India,Digital,Android,0,0,0,15,Monday,2026-03,0,0,-0.24395572306654006
TXN100233,2026-04-14 15:56:55,2026-04-14,477.88,Food & Dining,POS,Pune,India,In-Store,iOS,0,1,0,15,Tuesday,2026-04,0,0,-0.1493623364771653
TXN100234,2026-05-09 05:01:14,2026-05-09,905.47,Online Services,Online,Delhi,India,Digital,MacOS,0,1,0,5,Saturday,2026-05,1,0,-0.1075397461132932
TXN100235,2026-01-11 04:19:09,2026-01-11,1260.71,Healthcare,ATM,Delhi,India,ATM,iOS,0,0,0,4,Sunday,2026-01,1,0,-0.21866534558154904
TXN100236,2026-06-27 08:19:23,2026-06-27,2226.74,Utilities,ATM,Mumbai,India,ATM,iOS,0,0,0,8,Saturday,2026-06,0,0,-0.24343799466075272
TXN100237,2026-05-31 14:31:05,2026-05-31,3094.31,Fashion,Bank Transfer,Jaipur,India,Digital,Windows,0,1,0,14,Sunday,2026-05,0,0,-0.12046181419293689
TXN100238,2026-06-08 04:27:41,2026-06-08,273.16,Fashion,Online,Bengaluru,India,Digital,iOS,0,0,0,4,Monday,2026-06,1,0,-0.09754105681795222
TXN100239,2026-02-11 16:10:26,2026-02-11,1521.43,Fashion,Online,Delhi,India,Digital,MacOS,0,0,0,16,Wednesday,2026-02,0,0,-0.2528492995220091
TXN100240,2026-04-09 08:00:10,2026-04-09,1213.19,Electronics,Online,Hyderabad,India,Digital,MacOS,0,0,0,8,Thursday,2026-04,0,0,-0.2621341793716361
TXN100241,2026-01-07 16:40:06,2026-01-07,2907.52,Grocery,POS,Pune,India,In-Store,Android,0,0,0,16,Wednesday,2026-01,0,0,-0.21698219550480208
TXN100242,2026-05-24 06:20:00,2026-05-24,509.07,Entertainment,Mobile Wallet,Mumbai,India,Mobile,Android,0,0,0,6,Sunday,2026-05,0,0,-0.23513947715591915
TXN100243,2026-03-31 20:57:56,2026-03-31,1928.82,Jewelry,Online,Jaipur,India,Digital,Android,0,0,0,20,Tuesday,2026-03,0,0,-0.24947605218064867
TXN100244,2026-04-22 19:17:40,2026-04-22,1606.29,Electronics,Online,Jaipur,India,Digital,Android,0,0,0,19,Wednesday,2026-04,0,0,-0.2529110353068278
TXN100245,2026-03-01 16:02:47,2026-03-01,1333.17,Grocery,Online,Ahmedabad,India,Digital,Android,0,0,0,16,Sunday,2026-03,0,0,-0.2599641583338214
TXN100246,2026-04-23 07:47:34,2026-04-23,539.56,Utilities,ATM,Pune,India,ATM,MacOS,0,0,0,7,Thursday,2026-04,0,0,-0.23444779720360648
TXN100247,2026-01-02 20:55:19,2026-01-02,590.82,Travel,Bank Transfer,Hyderabad,India,Digital,Windows,1,1,0,20,Friday,2026-01,0,1,0.03613845651430825
TXN100248,2026-05-09 12:36:37,2026-05-09,865.19,Utilities,ATM,Delhi,India,ATM,Android,0,0,0,12,Saturday,2026-05,0,0,-0.257158626971519
TXN100249,2026-02-17 03:40:33,2026-02-17,733.53,Healthcare,Mobile Wallet,Ahmedabad,India,Mobile,MacOS,0,0,0,3,Tuesday,2026-02,1,0,-0.20538108003731925
TXN100250,2026-05-20 06:57:48,2026-05-20,3005.17,Jewelry,POS,Kolkata,India,In-Store,MacOS,0,1,0,6,Wednesday,2026-05,0,0,-0.12645157986669364
TXN100251,2026-02-06 18:15:27,2026-02-06,1222.25,Fashion,Online,Hyderabad,India,Digital,MacOS,0,1,1,18,Friday,2026-02,0,0,-0.1854771864523202
TXN100252,2026-06-09 19:34:13,2026-06-09,2071.04,Entertainment,Online,Bengaluru,India,Digital,Windows,0,0,0,19,Tuesday,2026-06,0,0,-0.2490864330854899
TXN100253,2026-01-09 07:10:32,2026-01-09,343.46,Food & Dining,ATM,Pune,India,ATM,Android,0,0,0,7,Friday,2026-01,0,0,-0.19242334812772832
TXN100254,2026-04-09 23:57:22,2026-04-09,251.24,Entertainment,ATM,Mumbai,India,ATM,iOS,0,0,0,23,Thursday,2026-04,1,0,-0.08093874413954039
TXN100255,2026-05-27 03:48:02,2026-05-27,951.22,Fashion,POS,Delhi,India,In-Store,Unknown,0,0,0,3,Wednesday,2026-05,1,0,-0.21650308267270546
TXN100256,2026-02-17 06:29:43,2026-02-17,394.42,Electronics,Bank Transfer,Kolkata,India,Digital,Windows,0,1,0,6,Tuesday,2026-02,0,0,-0.12509991882041627
TXN100257,2026-05-11 16:09:20,2026-05-11,1132.18,Food & Dining,ATM,Bengaluru,India,ATM,Android,0,0,0,16,Monday,2026-05,0,0,-0.26116076042459013
TXN100258,2026-05-28 06:34:26,2026-05-28,558.65,Food & Dining,Mobile Wallet,Mumbai,India,Mobile,MacOS,0,0,0,6,Thursday,2026-05,0,0,-0.23776242661713343
TXN100259,2026-06-01 16:20:17,2026-06-01,1401.01,Utilities,ATM,Delhi,India,ATM,MacOS,0,0,0,16,Monday,2026-06,0,0,-0.2560373788780243
TXN100260,2026-02-23 09:37:22,2026-02-23,586.24,Healthcare,Bank Transfer,Lucknow,India,Digital,iOS,0,0,0,9,Monday,2026-02,0,0,-0.2421153434671327
TXN100261,2026-04-30 11:37:10,2026-04-30,1717.87,Entertainment,Online,Lucknow,India,Digital,Windows,0,0,0,11,Thursday,2026-04,0,0,-0.254139716859871
TXN100262,2026-06-10 02:50:34,2026-06-10,541.96,Grocery,Bank Transfer,Jaipur,India,Digital,Windows,0,0,0,2,Wednesday,2026-06,1,0,-0.18676687965833855
TXN100263,2026-06-01 16:00:16,2026-06-01,246.79,Healthcare,Mobile Wallet,Kolkata,India,Mobile,Android,0,0,0,16,Monday,2026-06,0,0,-0.14245043923176182
TXN100264,2026-04-26 02:33:41,2026-04-26,2169.31,Food & Dining,POS,Kolkata,India,In-Store,iOS,0,0,0,2,Sunday,2026-04,1,0,-0.191928971143912
TXN100265,2026-03-16 03:10:10,2026-03-16,592.89,Online Services,Bank Transfer,Lucknow,India,Digital,Android,0,0,0,3,Monday,2026-03,1,0,-0.19636547485093392
TXN100266,2026-04-23 22:14:15,2026-04-23,3287.89,Online Services,Bank Transfer,Ahmedabad,India,Digital,MacOS,0,1,0,22,Thursday,2026-04,0,0,-0.11886071281494814
TXN100267,2026-06-13 17:03:33,2026-06-13,656.42,Grocery,Online,Ahmedabad,India,Digital,MacOS,0,0,0,17,Saturday,2026-06,0,0,-0.2453685181046385
TXN100268,2026-06-15 00:17:31,2026-06-15,567.86,Utilities,ATM,Jaipur,India,ATM,iOS,0,0,0,0,Monday,2026-06,1,0,-0.19562565468663856
TXN100269,2026-04-14 20:55:01,2026-04-14,873.74,Grocery,Online,Delhi,India,Digital,iOS,0,0,0,20,Tuesday,2026-04,0,0,-0.2585593790515664
TXN100270,2026-03-25 21:21:58,2026-03-25,700.43,Fashion,Mobile Wallet,Ahmedabad,India,Mobile,iOS,1,0,0,21,Wednesday,2026-03,0,0,-0.044490040760813865
TXN100271,2026-04-22 21:41:56,2026-04-22,1213.1,Food & Dining,Bank Transfer,Ahmedabad,India,Digital,Android,0,0,0,21,Wednesday,2026-04,0,0,-0.2621341793716361
TXN100272,2026-04-09 15:42:43,2026-04-09,1513.34,Electronics,Online,Chennai,India,Digital,Android,0,0,0,15,Thursday,2026-04,0,0,-0.2533888247168034
TXN100273,2026-06-02 12:25:57,2026-06-02,1708.59,Healthcare,Online,Chennai,India,Digital,Android,0,1,0,12,Tuesday,2026-06,0,0,-0.17938780714130098
TXN100274,2026-04-03 21:31:15,2026-04-03,1023.95,Grocery,ATM,Hyderabad,India,ATM,Android,0,0,0,21,Friday,2026-04,0,0,-0.2561224204302606
TXN100275,2026-05-26 14:14:17,2026-05-26,330.1,Electronics,POS,Chennai,India,In-Store,Android,1,0,0,14,Tuesday,2026-05,0,0,-0.009013948328773558
TXN100276,2026-05-08 00:05:07,2026-05-08,4353.57,Food & Dining,Online,Delhi,India,Digital,Windows,0,0,0,0,Friday,2026-05,1,0,-0.10036612432472547
TXN100277,2026-04-20 15:48:09,2026-04-20,816.11,Healthcare,POS,Delhi,India,In-Store,iOS,0,0,0,15,Monday,2026-04,0,0,-0.2566965175899918
TXN100278,2026-03-23 19:08:15,2026-03-23,782.75,Online Services,POS,Chennai,India,In-Store,Windows,1,0,0,19,Monday,2026-03,0,0,-0.053612081746408635
TXN100279,2026-02-23 09:59:04,2026-02-23,1021.37,Healthcare,Online,Bengaluru,India,Digital,iOS,0,0,0,9,Monday,2026-02,0,0,-0.25562203063098893
TXN100280,2026-06-12 10:35:34,2026-06-12,889.76,Healthcare,Bank Transfer,Mumbai,India,Digital,iOS,0,0,0,10,Friday,2026-06,0,0,-0.26018847820937513
TXN100281,2026-06-18 07:35:23,2026-06-18,270.63,Fashion,Mobile Wallet,Jaipur,India,Mobile,Windows,0,0,0,7,Thursday,2026-06,0,0,-0.16320319250563137
TXN100282,2026-06-10 19:56:02,2026-06-10,1737.1,Grocery,Bank Transfer,Delhi,India,Digital,Windows,0,0,0,19,Wednesday,2026-06,0,0,-0.2533548431854456
TXN100283,2026-03-09 07:12:34,2026-03-09,568.88,Grocery,Bank Transfer,Lucknow,India,Digital,Android,0,0,0,7,Monday,2026-03,0,0,-0.24022313215042218
TXN100284,2026-02-02 15:17:01,2026-02-02,846.36,Food & Dining,Online,Delhi,India,Digital,iOS,0,0,0,15,Monday,2026-02,0,0,-0.257846382356725
TXN100285,2026-05-22 22:11:06,2026-05-22,4480.42,Healthcare,Online,Hyderabad,India,Digital,Android,0,0,0,22,Friday,2026-05,0,0,-0.1613859147109828
TXN100286,2026-01-21 19:33:47,2026-01-21,2334.59,Fashion,Online,Delhi,India,Digital,iOS,0,0,0,19,Wednesday,2026-01,0,0,-0.2404408967997831
TXN100287,2026-02-17 01:23:12,2026-02-17,3982.87,Healthcare,Bank Transfer,Kolkata,India,Digital,Windows,0,0,0,1,Tuesday,2026-02,1,0,-0.1123186153838972
TXN100288,2026-05-28 00:32:41,2026-05-28,638.03,Food & Dining,Mobile Wallet,Lucknow,India,Mobile,Android,0,0,0,0,Thursday,2026-05,1,0,-0.19507121420093665
TXN100289,2026-05-08 03:28:17,2026-05-08,1966.54,Grocery,Bank Transfer,Mumbai,India,Digital,Android,0,0,0,3,Friday,2026-05,1,0,-0.19654296088912043
TXN100290,2026-05-16 09:02:31,2026-05-16,1514.15,Electronics,Mobile Wallet,Delhi,India,Mobile,Unknown,0,1,0,9,Saturday,2026-05,0,0,-0.17625848831518282
TXN100291,2026-05-15 21:13:04,2026-05-15,1049.74,Online Services,ATM,Chennai,India,ATM,Windows,1,0,0,21,Friday,2026-05,0,0,-0.05834108522566295
TXN100292,2026-05-25 15:29:15,2026-05-25,601.56,Healthcare,POS,Delhi,India,In-Store,Android,0,0,0,15,Monday,2026-05,0,0,-0.2446304204283501
TXN100293,2026-05-08 03:40:55,2026-05-08,2611.51,Online Services,POS,Jaipur,India,In-Store,Android,0,0,0,3,Friday,2026-05,1,0,-0.18105994197770253
TXN100294,2026-02-02 01:16:07,2026-02-02,726.84,Grocery,Online,Hyderabad,India,Digital,Android,0,0,0,1,Monday,2026-02,1,0,-0.20494058681186
TXN100295,2026-06-25 13:34:07,2026-06-25,1222.96,Jewelry,Online,Jaipur,India,Digital,Android,0,0,0,13,Thursday,2026-06,0,0,-0.26190696729332547
TXN100296,2026-04-25 13:20:03,2026-04-25,2276.72,Electronics,Bank Transfer,Mumbai,India,Digital,Android,0,0,0,13,Saturday,2026-04,0,0,-0.2420934673536025
TXN100297,2026-04-29 05:39:49,2026-04-29,502.01,Grocery,POS,Mumbai,India,In-Store,MacOS,0,0,0,5,Wednesday,2026-04,1,0,-0.18317205533580516
TXN100298,2026-01-22 12:22:03,2026-01-22,459.02,Jewelry,POS,Mumbai,India,In-Store,Android,0,0,0,12,Thursday,2026-01,0,0,-0.22900231117654274
TXN100299,2026-06-07 17:06:16,2026-06-07,8208.16,Travel,POS,Hyderabad,India,In-Store,MacOS,0,0,0,17,Sunday,2026-06,0,0,-0.048639178048416
TXN100300,2026-02-07 12:11:59,2026-02-07,551.12,Entertainment,Online,Jaipur,India,Digital,MacOS,0,0,0,12,Saturday,2026-02,0,0,-0.2367373832539737
TXN100301,2026-04-19 22:48:23,2026-04-19,3997.36,Electronics,POS,Ahmedabad,India,In-Store,iOS,0,0,0,22,Sunday,2026-04,0,0,-0.18325732032484499
TXN100302,2026-02-20 00:55:58,2026-02-20,1051.11,Food & Dining,POS,Kolkata,India,In-Store,Android,0,1,1,0,Friday,2026-02,1,0,-0.11329321662541703
TXN100303,2026-01-08 21:15:24,2026-01-08,780.0,Online Services,POS,Mumbai,India,In-Store,Windows,1,0,0,21,Thursday,2026-01,0,0,-0.05236294059415669
TXN100304,2026-01-27 01:34:58,2026-01-27,844.45,Travel,Bank Transfer,Bengaluru,India,Digital,Android,0,0,0,1,Tuesday,2026-01,1,0,-0.20532674610117907
TXN100305,2026-01-27 18:33:29,2026-01-27,1043.39,Healthcare,POS,Jaipur,India,In-Store,MacOS,0,0,0,18,Tuesday,2026-01,0,0,-0.25809321836339183
TXN100306,2026-01-21 15:30:05,2026-01-21,3198.16,Electronics,ATM,Jaipur,India,ATM,Unknown,0,0,0,15,Wednesday,2026-01,0,0,-0.20752588794322951
TXN100307,2026-01-30 08:42:29,2026-01-30,2007.97,Entertainment,Mobile Wallet,Chennai,India,Mobile,Android,0,0,0,8,Friday,2026-01,0,0,-0.24753537820094856
TXN100308,2026-04-07 21:19:37,2026-04-07,925.85,Fashion,Mobile Wallet,Pune,India,Mobile,Android,0,1,0,21,Tuesday,2026-04,0,0,-0.18427837479443104
TXN100309,2026-01-28 13:57:28,2026-01-28,246.49,Electronics,Mobile Wallet,Pune,India,Mobile,MacOS,0,0,0,13,Wednesday,2026-01,0,0,-0.14162616240302228
TXN100310,2026-04-21 20:50:33,2026-04-21,1114.87,Travel,Online,Lucknow,India,Digital,Windows,0,1,0,20,Tuesday,2026-04,0,0,-0.18449544189829475
TXN100311,2026-03-02 12:14:01,2026-03-02,1219.59,Electronics,Online,Hyderabad,India,Digital,Windows,0,1,0,12,Monday,2026-03,0,0,-0.1850804224609205
TXN100312,2026-02-17 08:52:34,2026-02-17,3001.34,Online Services,Online,Mumbai,India,Digital,Unknown,0,1,0,8,Tuesday,2026-02,0,0,-0.1280351600028572
TXN100313,2026-05-27 02:13:22,2026-05-27,338.29,Fashion,Online,Chennai,India,Digital,MacOS,0,1,0,2,Wednesday,2026-05,1,0,-0.05079961535843147
TXN100314,2026-01-04 19:23:03,2026-01-04,738.92,Travel,Mobile Wallet,Mumbai,India,Mobile,Android,0,0,0,19,Sunday,2026-01,0,0,-0.25082554598226925
TXN100315,2026-02-04 05:28:58,2026-02-04,720.5,Fashion,ATM,Mumbai,India,ATM,Windows,0,0,0,5,Wednesday,2026-02,1,0,-0.20640517766583233
TXN100316,2026-02-18 02:58:23,2026-02-18,1048.69,Travel,Online,Chennai,India,Digital,Windows,1,0,0,2,Wednesday,2026-02,1,1,0.010160920384002736
TXN100317,2026-01-17 13:43:42,2026-01-17,1179.49,Healthcare,Online,Chennai,India,Digital,iOS,0,0,0,13,Saturday,2026-01,0,0,-0.2585062389601057
TXN100318,2026-06-21 23:05:06,2026-06-21,1557.33,Jewelry,Online,Kolkata,India,Digital,Android,0,1,0,23,Sunday,2026-06,1,0,-0.11236671393729791
TXN100319,2026-06-07 17:11:39,2026-06-07,240.84,Fashion,ATM,Delhi,India,ATM,MacOS,0,2,0,17,Sunday,2026-06,0,1,0.0344823909585783
TXN100320,2026-02-15 03:26:32,2026-02-15,1259.39,Online Services,Bank Transfer,Pune,India,Digital,Android,0,0,0,3,Sunday,2026-02,1,0,-0.21888534618447109
TXN100321,2026-04-27 12:25:24,2026-04-27,1334.78,Food & Dining,Mobile Wallet,Delhi,India,Mobile,iOS,0,0,0,12,Monday,2026-04,0,0,-0.25997228996952787
TXN100322,2026-01-06 08:58:19,2026-01-06,1164.59,Electronics,Mobile Wallet,Lucknow,India,Mobile,Android,0,0,0,8,Tuesday,2026-01,0,0,-0.2583848869885776
TXN100323,2026-04-09 04:20:41,2026-04-09,951.37,Healthcare,Online,Chennai,India,Digital,iOS,0,0,0,4,Thursday,2026-04,1,0,-0.21650308267270546
TXN100324,2026-05-04 22:05:34,2026-05-04,71.1,Food & Dining,POS,Hyderabad,India,In-Store,iOS,0,0,0,22,Monday,2026-05,0,0,-0.015372564764246976
TXN100325,2026-02-06 01:45:05,2026-02-06,1727.65,Entertainment,Online,Lucknow,India,Digital,Android,0,0,0,1,Friday,2026-02,1,0,-0.2076104761830233
TXN100326,2026-01-24 05:13:02,2026-01-24,503.43,Online Services,POS,Chennai,India,In-Store,iOS,0,0,0,5,Saturday,2026-01,1,0,-0.18410272203207467
TXN100327,2026-04-03 21:44:17,2026-04-03,1791.79,Fashion,Mobile Wallet,Delhi,India,Mobile,Android,1,0,0,21,Friday,2026-04,0,0,-0.042396443104618875
TXN100328,2026-02-15 21:39:23,2026-02-15,2981.3,Online Services,ATM,Ahmedabad,India,ATM,Android,0,0,0,21,Sunday,2026-02,0,0,-0.21499546452863744
TXN100329,2026-06-30 05:42:46,2026-06-30,286.9,Utilities,Bank Transfer,Ahmedabad,India,Digital,Windows,0,1,0,5,Tuesday,2026-06,1,0,-0.04022794452282852
TXN100330,2026-04-05 18:49:26,2026-04-05,1748.66,Food & Dining,POS,Pune,India,In-Store,MacOS,1,0,0,18,Sunday,2026-04,0,0,-0.044459071390294036
TXN100331,2026-04-09 01:48:31,2026-04-09,408.11,Entertainment,Online,Bengaluru,India,Digital,iOS,0,0,0,1,Thursday,2026-04,1,0,-0.1597869270804777
TXN100332,2026-04-26 07:16:17,2026-04-26,1060.06,Travel,Online,Hyderabad,India,Digital,iOS,0,0,0,7,Sunday,2026-04,0,0,-0.2594310774956045
TXN100333,2026-06-09 01:19:25,2026-06-09,991.52,Jewelry,POS,Mumbai,India,In-Store,MacOS,0,0,0,1,Tuesday,2026-06,1,0,-0.2201883147121122
TXN100334,2026-06-10 05:39:14,2026-06-10,2008.48,Entertainment,Bank Transfer,Jaipur,India,Digital,Windows,0,0,0,5,Wednesday,2026-06,1,0,-0.1966405783381759
TXN100335,2026-03-08 06:38:49,2026-03-08,1783.51,Grocery,Online,Lucknow,India,Digital,Android,0,0,0,6,Sunday,2026-03,0,0,-0.2510767121032645
TXN100336,2026-05-08 08:00:20,2026-05-08,1352.48,Travel,Bank Transfer,Chennai,India,Digital,MacOS,0,2,0,8,Friday,2026-05,0,0,-0.01604335492818776
TXN100337,2026-01-18 08:12:03,2026-01-18,294.51,Entertainment,Bank Transfer,Ahmedabad,India,Digital,Windows,0,0,0,8,Sunday,2026-01,0,0,-0.17337974507001974
TXN100338,2026-01-25 19:44:48,2026-01-25,146.66,Grocery,POS,Bengaluru,India,In-Store,Android,0,0,0,19,Sunday,2026-01,0,0,-0.04839452147106593
TXN100339,2026-02-23 18:22:43,2026-02-23,2275.21,Grocery,Bank Transfer,Hyderabad,India,Digital,Android,0,0,0,18,Monday,2026-02,0,0,-0.2420934673536025
TXN100340,2026-02-27 21:32:05,2026-02-27,1992.56,Food & Dining,POS,Hyderabad,India,In-Store,MacOS,0,0,0,21,Friday,2026-02,0,0,-0.2483632133899396
TXN100341,2026-03-08 03:49:40,2026-03-08,493.74,Fashion,Bank Transfer,Ahmedabad,India,Digital,iOS,0,0,0,3,Sunday,2026-03,1,0,-0.18575089974563547
TXN100342,2026-04-14 01:49:49,2026-04-14,1447.91,Fashion,Bank Transfer,Jaipur,India,Digital,Android,0,1,0,1,Tuesday,2026-04,1,0,-0.11394084654512204
TXN100343,2026-06-23 09:40:12,2026-06-23,927.58,Travel,Mobile Wallet,Bengaluru,India,Mobile,Windows,0,0,0,9,Tuesday,2026-06,0,0,-0.2594487904489545
TXN100344,2026-01-24 12:45:39,2026-01-24,2615.45,Electronics,POS,Kolkata,India,In-Store,iOS,0,0,0,12,Saturday,2026-01,0,0,-0.22985963381179175
TXN100345,2026-04-24 14:18:13,2026-04-24,1172.47,Healthcare,POS,Jaipur,India,In-Store,Android,0,0,0,14,Friday,2026-04,0,0,-0.25824626195280714
TXN100346,2026-02-01 11:22:33,2026-02-01,2253.66,Food & Dining,Online,Delhi,India,Digital,iOS,0,0,0,11,Sunday,2026-02,0,0,-0.2428331428528518
TXN100347,2026-06-24 18:16:25,2026-06-24,671.25,Electronics,Online,Hyderabad,India,Digital,iOS,0,2,0,18,Wednesday,2026-06,0,0,-0.011015989769056711
TXN100348,2026-03-27 05:21:49,2026-03-27,1377.49,Travel,Bank Transfer,Bengaluru,India,Digital,iOS,0,0,0,5,Friday,2026-03,1,0,-0.21099422888146485
TXN100349,2026-05-31 15:03:15,2026-05-31,788.28,Entertainment,Mobile Wallet,Ahmedabad,India,Mobile,iOS,0,1,0,15,Sunday,2026-05,0,0,-0.18720031135029686
TXN100350,2026-05-07 07:11:41,2026-05-07,668.63,Grocery,POS,Hyderabad,India,In-Store,Android,0,1,0,7,Thursday,2026-05,0,0,-0.18074675129101708
TXN100351,2026-06-04 06:32:56,2026-06-04,170.05,Electronics,Online,Jaipur,India,Digital,Android,0,0,0,6,Thursday,2026-06,0,0,-0.06969073748412846
TXN100352,2026-05-10 08:45:08,2026-05-10,2295.68,Grocery,Online,Mumbai,India,Digital,iOS,0,0,0,8,Sunday,2026-05,0,0,-0.24192555624793793
TXN100353,2026-01-17 20:45:11,2026-01-17,4445.98,Utilities,POS,Mumbai,India,In-Store,Android,0,0,0,20,Saturday,2026-01,0,0,-0.16301220752327406
TXN100354,2026-04-14 07:04:24,2026-04-14,361.26,Utilities,Online,Hyderabad,India,Digital,Windows,0,0,0,7,Tuesday,2026-04,0,0,-0.19674241883466953
TXN100355,2026-06-10 16:44:41,2026-06-10,1910.03,Utilities,Online,Bengaluru,India,Digital,Windows,0,0,0,16,Wednesday,2026-06,0,0,-0.2508953813833005
TXN100356,2026-05-17 04:31:00,2026-05-17,1847.4,Healthcare,Bank Transfer,Bengaluru,India,Digital,Windows,0,1,0,4,Sunday,2026-05,1,0,-0.10920950114285655
TXN100357,2026-02-12 09:50:40,2026-02-12,726.56,Entertainment,Online,Lucknow,India,Digital,iOS,0,0,0,9,Thursday,2026-02,0,0,-0.24874076153386665
TXN100358,2026-06-25 15:44:43,2026-06-25,607.9,Food & Dining,POS,Delhi,India,In-Store,iOS,0,1,0,15,Thursday,2026-06,0,0,-0.17311606589898515
TXN100359,2026-02-08 11:30:30,2026-02-08,2819.75,Entertainment,Bank Transfer,Lucknow,India,Digital,Android,1,0,0,11,Sunday,2026-02,0,0,-0.018814048558969287
TXN100360,2026-06-19 00:33:07,2026-06-19,2591.75,Grocery,Online,Lucknow,India,Digital,Android,0,2,0,0,Friday,2026-06,1,1,0.048196844708026654
TXN100361,2026-01-26 06:58:25,2026-01-26,1573.71,Entertainment,ATM,Delhi,India,ATM,Android,0,0,0,6,Monday,2026-01,0,0,-0.2537296829401952
TXN100362,2026-04-09 21:48:04,2026-04-09,723.44,Utilities,ATM,Ahmedabad,India,ATM,MacOS,0,0,0,21,Thursday,2026-04,0,0,-0.24847855944884278
TXN100363,2026-02-19 03:37:06,2026-02-19,2621.66,Food & Dining,ATM,Mumbai,India,ATM,iOS,0,0,0,3,Thursday,2026-02,1,0,-0.17988565143020252
TXN100364,2026-06-02 18:58:29,2026-06-02,561.57,Fashion,POS,Ahmedabad,India,In-Store,Android,0,0,0,18,Tuesday,2026-06,0,0,-0.23872750580825236
TXN100365,2026-06-01 12:45:27,2026-06-01,3416.97,Travel,POS,Lucknow,India,In-Store,Windows,0,0,1,12,Monday,2026-06,0,0,-0.20041218021416957
TXN100366,2026-01-13 20:56:54,2026-01-13,4047.14,Entertainment,Mobile Wallet,Bengaluru,India,Mobile,iOS,0,1,0,20,Tuesday,2026-01,0,0,-0.10150630536714522
TXN100367,2026-03-01 15:58:55,2026-03-01,2821.95,Healthcare,Bank Transfer,Delhi,India,Digital,iOS,0,0,0,15,Sunday,2026-03,0,0,-0.22306914527968652
TXN100368,2026-05-15 11:55:46,2026-05-15,1442.66,Online Services,POS,Jaipur,India,In-Store,MacOS,0,0,0,11,Friday,2026-05,0,0,-0.2520878829146459
TXN100369,2026-02-26 15:42:41,2026-02-26,142.89,Fashion,Online,Chennai,India,Digital,Windows,0,0,0,15,Thursday,2026-02,0,0,-0.045613775424787395
TXN100370,2026-02-05 02:52:57,2026-02-05,945.94,Utilities,Online,Chennai,India,Digital,iOS,0,0,0,2,Thursday,2026-02,1,0,-0.21546027392340455
TXN100371,2026-06-22 14:53:12,2026-06-22,4500.32,Food & Dining,Online,Pune,India,Digital,Android,0,0,0,14,Monday,2026-06,0,0,-0.16041602776244646
TXN100372,2026-01-20 02:02:27,2026-01-20,2320.75,Online Services,ATM,Hyderabad,India,ATM,Android,0,0,0,2,Tuesday,2026-01,1,0,-0.18619468114327004
TXN100373,2026-03-06 09:22:56,2026-03-06,1553.48,Food & Dining,Online,Kolkata,India,Digital,iOS,0,1,0,9,Friday,2026-03,0,0,-0.1780716529665114
TXN100374,2026-01-08 01:03:03,2026-01-08,636.08,Food & Dining,POS,Kolkata,India,In-Store,Android,0,0,0,1,Thursday,2026-01,1,0,-0.19424107926651613
TXN100375,2026-05-24 15:29:58,2026-05-24,2488.72,Food & Dining,Bank Transfer,Jaipur,India,Digital,iOS,0,0,0,15,Sunday,2026-05,0,0,-0.23478551330771785
TXN100376,2026-05-22 01:11:38,2026-05-22,311.57,Healthcare,Online,Pune,India,Digital,iOS,0,0,0,1,Friday,2026-05,1,0,-0.12139214166017509
TXN100377,2026-04-25 19:30:04,2026-04-25,956.55,Jewelry,Bank Transfer,Mumbai,India,Digital,Android,0,0,0,19,Saturday,2026-04,0,0,-0.2564236433581681
TXN100378,2026-05-23 23:56:47,2026-05-23,4411.21,Grocery,Bank Transfer,Jaipur,India,Digital,Android,0,0,0,23,Saturday,2026-05,1,0,-0.09796274386618287
TXN100379,2026-04-02 15:19:21,2026-04-02,576.23,Grocery,Online,Lucknow,India,Digital,Windows,0,1,0,15,Thursday,2026-04,0,0,-0.16942351456870636
TXN100380,2026-04-08 16:50:52,2026-04-08,1785.32,Jewelry,Bank Transfer,Jaipur,India,Digital,MacOS,0,0,0,16,Wednesday,2026-04,0,0,-0.2510767121032645
TXN100381,2026-03-07 09:34:44,2026-03-07,268.89,Food & Dining,Bank Transfer,Chennai,India,Digital,Android,0,0,0,9,Saturday,2026-03,0,0,-0.16066838959016605
TXN100382,2026-02-01 05:48:42,2026-02-01,650.82,Entertainment,POS,Kolkata,India,In-Store,Windows,0,0,0,5,Sunday,2026-02,1,0,-0.19519042528598868
TXN100383,2026-03-27 09:27:08,2026-03-27,1265.94,Food & Dining,Online,Mumbai,India,Digital,Windows,0,1,0,9,Friday,2026-03,0,0,-0.1847453205997479
TXN100384,2026-02-20 05:38:36,2026-02-20,1455.2,Grocery,POS,Hyderabad,India,In-Store,iOS,0,0,0,5,Friday,2026-02,1,0,-0.2097269495892698
TXN100385,2026-06-02 21:23:16,2026-06-02,5732.78,Utilities,Mobile Wallet,Lucknow,India,Mobile,iOS,0,1,0,21,Tuesday,2026-06,0,0,-0.06016344312313471
TXN100386,2026-03-04 04:42:48,2026-03-04,732.72,Healthcare,ATM,Hyderabad,India,ATM,iOS,0,0,0,4,Wednesday,2026-03,1,0,-0.20538108003731925
TXN100387,2026-05-05 08:24:26,2026-05-05,1764.37,Travel,Online,Chennai,India,Digital,iOS,0,0,1,8,Tuesday,2026-05,0,0,-0.2536019259184483
TXN100388,2026-05-30 06:40:00,2026-05-30,1725.21,Travel,Bank Transfer,Pune,India,Digital,Windows,0,0,0,6,Saturday,2026-05,0,0,-0.25400697852338633
TXN100389,2026-02-27 03:53:31,2026-02-27,684.66,Online Services,POS,Hyderabad,India,In-Store,iOS,0,0,0,3,Friday,2026-02,1,0,-0.1992114622088707
TXN100390,2026-02-27 00:47:46,2026-02-27,2356.09,Grocery,ATM,Pune,India,ATM,iOS,0,0,0,0,Friday,2026-02,1,0,-0.18491494152634347
TXN100391,2026-03-27 01:38:18,2026-03-27,1871.58,Online Services,Bank Transfer,Lucknow,India,Digital,Android,0,1,0,1,Friday,2026-03,1,0,-0.10745492654227395
TXN100392,2026-02-18 05:06:35,2026-02-18,881.14,Travel,POS,Kolkata,India,In-Store,Android,0,0,0,5,Wednesday,2026-02,1,0,-0.21004003065721438
TXN100393,2026-06-29 10:50:19,2026-06-29,1281.47,Entertainment,Bank Transfer,Bengaluru,India,Digital,MacOS,1,0,0,10,Monday,2026-06,0,0,-0.056553105156346595
TXN100394,2026-06-19 01:06:46,2026-06-19,508.95,Jewelry,Bank Transfer,Jaipur,India,Digital,Android,0,0,0,1,Friday,2026-06,1,0,-0.18500954574982598
TXN100395,2026-03-11 09:33:13,2026-03-11,539.98,Healthcare,ATM,Ahmedabad,India,ATM,MacOS,0,0,0,9,Wednesday,2026-03,0,0,-0.2339575300028281
TXN100396,2026-01-15 03:02:36,2026-01-15,1077.88,Fashion,Online,Mumbai,India,Digital,iOS,0,0,0,3,Thursday,2026-01,1,0,-0.2223307418018879
TXN100397,2026-02-23 13:54:02,2026-02-23,1994.16,Healthcare,Mobile Wallet,Delhi,India,Mobile,MacOS,0,0,0,13,Monday,2026-02,0,0,-0.2483632133899396
TXN100398,2026-04-11 01:41:18,2026-04-11,839.82,Fashion,Mobile Wallet,Delhi,India,Mobile,Windows,0,0,0,1,Saturday,2026-04,1,0,-0.205891510898575
TXN100399,2026-01-08 08:13:51,2026-01-08,669.7,Travel,Online,Lucknow,India,Digital,Windows,0,0,0,8,Thursday,2026-01,0,0,-0.24555860490079617
TXN100400,2026-02-22 17:28:21,2026-02-22,911.8,Jewelry,POS,Jaipur,India,In-Store,iOS,0,1,0,17,Sunday,2026-02,0,0,-0.1856472108292857
TXN100401,2026-03-01 19:18:17,2026-03-01,2127.91,Utilities,Online,Jaipur,India,Digital,Windows,1,0,0,19,Sunday,2026-03,0,0,-0.03515120677468331
TXN100402,2026-04-18 11:32:54,2026-04-18,371.87,Entertainment,Bank Transfer,Jaipur,India,Digital,iOS,0,0,1,11,Saturday,2026-04,0,0,-0.19830889552616132
TXN100403,2026-01-05 08:43:37,2026-01-05,2184.36,Fashion,Bank Transfer,Mumbai,India,Digital,Android,0,0,0,8,Monday,2026-01,0,0,-0.24385781593090583
TXN100404,2026-04-13 23:13:59,2026-04-13,1651.73,Grocery,Online,Kolkata,India,Digital,iOS,0,0,0,23,Monday,2026-04,1,0,-0.20724332556112218
TXN100405,2026-01-06 18:03:26,2026-01-06,370.46,Grocery,Mobile Wallet,Bengaluru,India,Mobile,Windows,0,0,0,18,Tuesday,2026-01,0,0,-0.1983480444586707
TXN100406,2026-04-19 10:57:34,2026-04-19,908.49,Food & Dining,Online,Jaipur,India,Digital,Android,0,0,0,10,Sunday,2026-04,0,0,-0.2588043803479709
TXN100407,2026-04-26 00:26:27,2026-04-26,1824.13,Utilities,Bank Transfer,Ahmedabad,India,Digital,Windows,0,0,0,0,Sunday,2026-04,1,0,-0.2015576732037212
TXN100408,2026-04-04 15:11:50,2026-04-04,237.85,Food & Dining,POS,Bengaluru,India,In-Store,Android,0,0,0,15,Saturday,2026-04,0,0,-0.1341306941050927
TXN100409,2026-02-16 21:04:46,2026-02-16,479.02,Online Services,POS,Mumbai,India,In-Store,iOS,0,0,0,21,Monday,2026-02,0,0,-0.23223460729997636
TXN100410,2026-04-09 05:13:36,2026-04-09,324.3,Grocery,Online,Jaipur,India,Digital,iOS,0,0,0,5,Thursday,2026-04,1,0,-0.1271203981147515
TXN100411,2026-02-24 23:50:24,2026-02-24,690.64,Fashion,Online,Lucknow,India,Digital,Android,0,0,0,23,Tuesday,2026-02,1,0,-0.19917980016961417
TXN100412,2026-06-17 08:10:32,2026-06-17,2515.4,Electronics,ATM,Mumbai,India,ATM,Android,0,0,0,8,Wednesday,2026-06,0,0,-0.23370216573375274
TXN100413,2026-02-21 13:30:17,2026-02-21,2076.86,Fashion,POS,Bengaluru,India,In-Store,iOS,0,1,0,13,Saturday,2026-02,0,0,-0.16769030118730138
TXN100414,2026-05-24 20:06:13,2026-05-24,731.92,Grocery,Online,Pune,India,Digital,Android,0,0,0,20,Sunday,2026-05,0,0,-0.25158032072309744
TXN100415,2026-01-13 09:30:17,2026-01-13,2497.77,Jewelry,Online,Pune,India,Digital,Windows,0,0,0,9,Tuesday,2026-01,0,0,-0.23383087049891282
TXN100416,2026-04-24 05:48:04,2026-04-24,1864.45,Electronics,Online,Lucknow,India,Digital,Android,0,0,0,5,Friday,2026-04,1,0,-0.19912625953229368
TXN100417,2026-05-04 01:30:54,2026-05-04,3041.49,Online Services,Bank Transfer,Hyderabad,India,Digital,Android,0,0,0,1,Monday,2026-05,1,0,-0.16024233389698034
TXN100418,2026-04-16 20:49:20,2026-04-16,1021.64,Fashion,Bank Transfer,Delhi,India,Digital,Android,0,1,0,20,Thursday,2026-04,0,0,-0.18100814829344547
TXN100419,2026-06-07 12:06:58,2026-06-07,1687.94,Jewelry,Online,Lucknow,India,Digital,iOS,0,0,0,12,Sunday,2026-06,0,0,-0.2555021682100842
TXN100420,2026-05-27 23:19:08,2026-05-27,16276.16,Food & Dining,POS,Pune,India,In-Store,MacOS,0,2,0,23,Wednesday,2026-05,1,1,0.09821060849311958
TXN100421,2026-05-25 17:24:31,2026-05-25,856.06,Jewelry,Online,Lucknow,India,Digital,Windows,0,0,0,17,Monday,2026-05,0,0,-0.25691404570143067
TXN100422,2026-04-30 13:05:11,2026-04-30,1041.08,Grocery,Mobile Wallet,Chennai,India,Mobile,Android,0,0,0,13,Thursday,2026-04,0,0,-0.25809321836339183
TXN100423,2026-03-04 11:00:13,2026-03-04,965.72,Healthcare,Mobile Wallet,Pune,India,Mobile,Android,0,1,0,11,Wednesday,2026-03,0,0,-0.1815064390869544
TXN100424,2026-01-19 23:47:58,2026-01-19,1020.04,Online Services,Bank Transfer,Kolkata,India,Digital,Android,0,1,0,23,Monday,2026-01,1,0,-0.11268815157623258
TXN100425,2026-04-02 16:39:53,2026-04-02,1713.82,Electronics,Mobile Wallet,Jaipur,India,Mobile,iOS,1,0,0,16,Thursday,2026-04,0,0,-0.04523272065619233
TXN100426,2026-02-27 02:27:28,2026-02-27,1148.82,Grocery,Bank Transfer,Kolkata,India,Digital,iOS,0,0,0,2,Friday,2026-02,1,0,-0.22113141476773945
TXN100427,2026-03-31 21:51:12,2026-03-31,368.01,Fashion,Bank Transfer,Hyderabad,India,Digital,Android,0,0,0,21,Tuesday,2026-03,0,0,-0.198455712004458
TXN100428,2026-04-27 18:22:05,2026-04-27,1112.58,Jewelry,POS,Lucknow,India,In-Store,Android,0,1,0,18,Monday,2026-04,0,0,-0.18449544189829475
TXN100429,2026-03-03 17:06:42,2026-03-03,719.78,Food & Dining,POS,Chennai,India,In-Store,MacOS,0,0,0,17,Tuesday,2026-03,0,0,-0.2483050949672339
TXN100430,2026-01-23 20:00:45,2026-01-23,275.11,Food & Dining,Online,Pune,India,Digital,MacOS,0,0,0,20,Friday,2026-01,0,0,-0.16750939881318339
TXN100431,2026-05-07 11:43:42,2026-05-07,2740.86,Electronics,POS,Jaipur,India,In-Store,Android,0,0,0,11,Thursday,2026-05,0,0,-0.22756049351811752
TXN100432,2026-05-17 13:40:23,2026-05-17,716.59,Grocery,ATM,Chennai,India,ATM,Android,0,0,1,13,Sunday,2026-05,0,0,-0.24817853583607113
TXN100433,2026-05-20 18:08:53,2026-05-20,1490.24,Utilities,Online,Chennai,India,Digital,MacOS,0,1,0,18,Wednesday,2026-05,0,0,-0.17789989782411125
TXN100434,2026-05-09 14:38:52,2026-05-09,87.95,Grocery,Online,Kolkata,India,Digital,iOS,0,0,0,14,Saturday,2026-05,0,0,-0.0159148340544204
TXN100435,2026-02-27 13:43:40,2026-02-27,1634.57,Entertainment,POS,Delhi,India,In-Store,MacOS,1,0,0,13,Friday,2026-02,0,0,-0.04756205714654915
TXN100436,2026-05-02 20:58:24,2026-05-02,853.43,Online Services,Online,Bengaluru,India,Digital,iOS,1,0,0,20,Saturday,2026-05,0,0,-0.05516436799863955
TXN100437,2026-01-01 00:41:02,2026-01-01,316.12,Electronics,ATM,Delhi,India,ATM,iOS,0,0,0,0,Thursday,2026-01,1,0,-0.12482305601699828
TXN100438,2026-02-03 02:37:40,2026-02-03,705.19,Entertainment,Mobile Wallet,Lucknow,India,Mobile,Android,0,1,0,2,Tuesday,2026-02,1,0,-0.09418082188021892
TXN100439,2026-04-06 02:34:35,2026-04-06,633.3,Grocery,Bank Transfer,Lucknow,India,Digital,Windows,0,0,0,2,Monday,2026-04,1,0,-0.19424107926651613
TXN100440,2026-05-06 03:41:09,2026-05-06,1999.28,Entertainment,ATM,Delhi,India,ATM,Windows,0,0,0,3,Wednesday,2026-05,1,0,-0.19742416915244287
TXN100441,2026-04-28 18:19:02,2026-04-28,1178.91,Electronics,ATM,Bengaluru,India,ATM,Android,0,0,0,18,Tuesday,2026-04,0,0,-0.2585062389601057
TXN100442,2026-02-17 20:15:20,2026-02-17,324.41,Healthcare,POS,Pune,India,In-Store,iOS,0,0,0,20,Tuesday,2026-02,0,0,-0.18607856070279155
TXN100443,2026-03-30 06:15:53,2026-03-30,1557.45,Travel,Online,Chennai,India,Digital,Android,0,0,0,6,Monday,2026-03,0,0,-0.25377867623909817
TXN100444,2026-04-27 06:46:06,2026-04-27,209.22,Food & Dining,Mobile Wallet,Chennai,India,Mobile,iOS,0,0,0,6,Monday,2026-04,0,0,-0.11137615293549108
TXN100445,2026-05-09 12:13:56,2026-05-09,445.83,Entertainment,Online,Delhi,India,Digital,Windows,1,0,0,12,Saturday,2026-05,0,0,-0.022480367043342886
TXN100446,2026-01-16 04:49:29,2026-01-16,1109.56,Electronics,Online,Delhi,India,Digital,Android,0,0,0,4,Friday,2026-01,1,0,-0.22268088155452276
TXN100447,2026-03-10 03:16:35,2026-03-10,665.52,Healthcare,Bank Transfer,Mumbai,India,Digital,Windows,0,0,0,3,Tuesday,2026-03,1,0,-0.19655329133883032
TXN100448,2026-01-22 19:27:01,2026-01-22,2845.14,Travel,Online,Bengaluru,India,Digital,MacOS,1,0,0,19,Thursday,2026-01,0,0,-0.01759853013153445
TXN100449,2026-04-03 18:55:54,2026-04-03,1255.71,Entertainment,POS,Kolkata,India,In-Store,Android,0,1,0,18,Friday,2026-04,0,0,-0.1851097321863423
TXN100450,2026-03-17 08:22:23,2026-03-17,1809.43,Electronics,Online,Chennai,India,Digital,Windows,0,0,1,8,Tuesday,2026-03,0,0,-0.25177313019777525
TXN100451,2026-06-03 08:10:25,2026-06-03,1869.44,Healthcare,Online,Kolkata,India,Digital,Android,0,0,0,8,Wednesday,2026-06,0,0,-0.2525567557455584
TXN100452,2026-05-24 20:52:19,2026-05-24,769.31,Grocery,Online,Jaipur,India,Digital,Android,0,0,0,20,Sunday,2026-05,0,0,-0.254625364074436
TXN100453,2026-06-28 01:29:28,2026-06-28,467.62,Fashion,Online,Pune,India,Digital,Android,0,0,0,1,Sunday,2026-06,1,0,-0.17969703245582297
TXN100454,2026-03-27 01:17:01,2026-03-27,1053.68,Travel,ATM,Delhi,India,ATM,Windows,0,0,0,1,Friday,2026-03,1,0,-0.22330301992895762
TXN100455,2026-01-29 16:20:29,2026-01-29,2194.65,Healthcare,Mobile Wallet,Mumbai,India,Mobile,Android,0,1,0,16,Thursday,2026-01,0,0,-0.1631174666150773
TXN100456,2026-03-10 16:44:54,2026-03-10,910.31,Travel,POS,Mumbai,India,In-Store,MacOS,0,0,0,16,Tuesday,2026-03,0,0,-0.2591224852600399
TXN100457,2026-02-16 04:05:19,2026-02-16,1759.46,Online Services,Mobile Wallet,Lucknow,India,Mobile,Windows,0,1,0,4,Monday,2026-02,1,0,-0.11248334780653235
TXN100458,2026-04-04 08:07:07,2026-04-04,1072.99,Online Services,Online,Jaipur,India,Digital,iOS,0,0,0,8,Saturday,2026-04,0,0,-0.26167450533765946
TXN100459,2026-05-24 02:06:06,2026-05-24,316.55,Electronics,POS,Pune,India,In-Store,iOS,0,0,0,2,Sunday,2026-05,1,0,-0.12482305601699828
TXN100460,2026-06-25 03:25:06,2026-06-25,338.84,Entertainment,Online,Pune,India,Digital,iOS,0,0,0,3,Thursday,2026-06,1,0,-0.13455515227999215
TXN100461,2026-03-26 14:57:02,2026-03-26,3827.54,Grocery,ATM,Hyderabad,India,ATM,Windows,1,0,0,14,Thursday,2026-03,0,1,0.0017527825439632716
TXN100462,2026-02-08 06:40:42,2026-02-08,430.94,Fashion,POS,Delhi,India,In-Store,iOS,0,0,0,6,Sunday,2026-02,0,0,-0.2194651973957829
TXN100463,2026-04-10 04:11:26,2026-04-10,658.47,Healthcare,ATM,Lucknow,India,ATM,Android,0,0,0,4,Friday,2026-04,1,0,-0.19519420136195448
TXN100464,2026-02-02 04:49:47,2026-02-02,2284.88,Entertainment,Bank Transfer,Bengaluru,India,Digital,MacOS,0,1,0,4,Monday,2026-02,1,0,-0.09519855605014749
TXN100465,2026-04-11 07:30:42,2026-04-11,422.4,Entertainment,POS,Bengaluru,India,In-Store,Android,0,0,0,7,Saturday,2026-04,0,0,-0.21671966497901385
TXN100466,2026-01-23 14:20:18,2026-01-23,634.72,Travel,ATM,Ahmedabad,India,ATM,Android,0,0,0,14,Friday,2026-01,0,0,-0.2476053036320363
TXN100467,2026-01-10 05:05:23,2026-01-10,925.82,Fashion,Mobile Wallet,Pune,India,Mobile,iOS,0,1,0,5,Saturday,2026-01,1,0,-0.10731355275467014
TXN100468,2026-03-10 05:00:19,2026-03-10,833.94,Grocery,Online,Kolkata,India,Digital,MacOS,0,0,0,5,Tuesday,2026-03,1,0,-0.2050298211605327
TXN100469,2026-04-10 20:57:06,2026-04-10,504.51,Healthcare,POS,Jaipur,India,In-Store,Android,1,0,0,20,Friday,2026-04,0,0,-0.023088359362903654
TXN100470,2026-02-03 11:21:03,2026-02-03,939.35,Food & Dining,Bank Transfer,Mumbai,India,Digital,iOS,0,0,0,11,Tuesday,2026-02,0,0,-0.2596346476224944
TXN100471,2026-06-29 02:51:23,2026-06-29,1887.99,Healthcare,ATM,Delhi,India,ATM,iOS,0,1,0,2,Monday,2026-06,1,0,-0.10708918569976389
TXN100472,2026-05-18 05:04:39,2026-05-18,993.94,Travel,Online,Jaipur,India,Digital,iOS,0,1,0,5,Monday,2026-05,1,0,-0.11140006710222383
TXN100473,2026-05-27 13:03:19,2026-05-27,647.57,Travel,POS,Chennai,India,In-Store,Android,0,1,0,13,Wednesday,2026-05,0,0,-0.1790446872076384
TXN100474,2026-04-06 17:26:20,2026-04-06,2337.6,Fashion,POS,Hyderabad,India,In-Store,Windows,0,1,0,17,Monday,2026-04,0,0,-0.15962852414765644
TXN100475,2026-01-01 06:21:48,2026-01-01,4294.83,Grocery,POS,Mumbai,India,In-Store,Android,0,0,0,6,Thursday,2026-01,0,0,-0.17247898977957887
TXN100476,2026-03-10 17:06:24,2026-03-10,2354.57,Fashion,Online,Jaipur,India,Digital,Windows,1,0,0,17,Tuesday,2026-03,0,0,-0.02620678360283335
TXN100477,2026-01-04 13:57:05,2026-01-04,446.48,Utilities,Mobile Wallet,Jaipur,India,Mobile,Windows,0,0,0,13,Sunday,2026-01,0,0,-0.2224036545692532
TXN100478,2026-01-16 10:32:32,2026-01-16,456.06,Online Services,Bank Transfer,Hyderabad,India,Digital,MacOS,0,0,0,10,Friday,2026-01,0,0,-0.2278189247697024
TXN100479,2026-01-24 10:27:43,2026-01-24,1555.57,Food & Dining,POS,Jaipur,India,In-Store,Android,0,0,0,10,Saturday,2026-01,0,0,-0.2537510281588127
TXN100480,2026-03-21 17:03:01,2026-03-21,1257.44,Food & Dining,Bank Transfer,Lucknow,India,Digital,Windows,0,0,1,17,Saturday,2026-03,0,0,-0.260629810048945
TXN100481,2026-01-02 13:18:49,2026-01-02,411.65,Grocery,Mobile Wallet,Mumbai,India,Mobile,Android,0,0,1,13,Friday,2026-01,0,0,-0.21461071130250103
TXN100482,2026-05-08 02:35:43,2026-05-08,1379.05,Online Services,Online,Chennai,India,Digital,Android,0,1,0,2,Friday,2026-05,1,0,-0.11640392989467552
TXN100483,2026-06-09 21:09:33,2026-06-09,1186.89,Grocery,Online,Mumbai,India,Digital,Android,1,1,0,21,Tuesday,2026-06,0,1,0.027120842313334115
TXN100484,2026-03-25 11:03:11,2026-03-25,3577.2,Jewelry,POS,Hyderabad,India,In-Store,Android,0,1,0,11,Wednesday,2026-03,0,0,-0.1137057046158364
TXN100485,2026-06-01 08:05:34,2026-06-01,774.02,Food & Dining,Bank Transfer,Chennai,India,Digital,Android,0,1,0,8,Monday,2026-06,0,0,-0.18694696132725208
TXN100486,2026-05-20 13:05:01,2026-05-20,3325.19,Fashion,Online,Bengaluru,India,Digital,Windows,0,1,0,13,Wednesday,2026-05,0,0,-0.11846555228529454
TXN100487,2026-06-27 19:17:23,2026-06-27,3443.81,Online Services,Mobile Wallet,Delhi,India,Mobile,iOS,0,0,0,19,Saturday,2026-06,0,0,-0.1999860489977271
TXN100488,2026-06-12 15:58:50,2026-06-12,640.08,Grocery,POS,Pune,India,In-Store,Android,0,0,0,15,Friday,2026-06,0,0,-0.2459003158517014
TXN100489,2026-05-04 12:59:59,2026-05-04,1455.68,Food & Dining,POS,Bengaluru,India,In-Store,iOS,0,1,0,12,Monday,2026-05,0,0,-0.1779675362774661
TXN100490,2026-02-02 01:20:27,2026-02-02,925.96,Food & Dining,Online,Lucknow,India,Digital,Android,0,0,0,1,Monday,2026-02,1,0,-0.21519921259071834
TXN100491,2026-06-10 17:24:13,2026-06-10,896.11,Electronics,Online,Mumbai,India,Digital,MacOS,0,0,0,17,Wednesday,2026-06,0,0,-0.26015657391614944
TXN100492,2026-06-28 03:48:19,2026-06-28,1335.41,Fashion,Bank Transfer,Chennai,India,Digital,iOS,0,0,1,3,Sunday,2026-06,1,0,-0.2118769323811367
TXN100493,2026-06-20 01:28:33,2026-06-20,582.92,Entertainment,Mobile Wallet,Delhi,India,Mobile,Android,0,0,0,1,Saturday,2026-06,1,0,-0.19587346700087604
TXN100494,2026-04-11 03:46:38,2026-04-11,306.06,Healthcare,POS,Delhi,India,In-Store,Android,0,0,0,3,Saturday,2026-04,1,0,-0.12062645002154904
TXN100495,2026-01-12 08:00:07,2026-01-12,716.54,Grocery,Mobile Wallet,Hyderabad,India,Mobile,Android,0,0,0,8,Monday,2026-01,0,0,-0.24817853583607113
TXN100496,2026-03-08 19:33:43,2026-03-08,2820.6,Jewelry,Bank Transfer,Hyderabad,India,Digital,Android,0,0,0,19,Sunday,2026-03,0,0,-0.22333017804781247
TXN100497,2026-03-06 19:16:30,2026-03-06,932.02,Electronics,POS,Hyderabad,India,In-Store,iOS,0,0,0,19,Friday,2026-03,0,0,-0.2595042147700696
TXN100498,2026-06-10 12:33:46,2026-06-10,1076.43,Electronics,Bank Transfer,Kolkata,India,Digital,MacOS,0,0,0,12,Wednesday,2026-06,0,0,-0.2619140610102935
TXN100499,2026-06-17 16:32:30,2026-06-17,2067.55,Travel,POS,Mumbai,India,In-Store,Windows,0,0,0,16,Wednesday,2026-06,0,0,-0.24917853422857694
TXN100500,2026-03-15 22:14:32,2026-03-15,305.6,Grocery,POS,Ahmedabad,India,In-Store,iOS,0,0,0,22,Sunday,2026-03,0,0,-0.17903467914011545
TXN100501,2026-02-12 00:59:18,2026-02-12,1558.2,Grocery,Online,Lucknow,India,Digital,Android,0,0,0,0,Thursday,2026-02,1,0,-0.2067372781100647
TXN100502,2026-02-13 20:55:08,2026-02-13,4170.88,Jewelry,Bank Transfer,Jaipur,India,Digital,Android,0,0,0,20,Friday,2026-02,0,0,-0.17552742152921275
TXN100503,2026-01-29 13:55:13,2026-01-29,1179.95,Travel,Online,Lucknow,India,Digital,Android,0,0,0,13,Thursday,2026-01,0,0,-0.2592326479570341
TXN100504,2026-05-21 14:43:19,2026-05-21,235.48,Grocery,Bank Transfer,Pune,India,Digital,Android,0,0,0,14,Thursday,2026-05,0,0,-0.13142215862409368
TXN100505,2026-01-12 15:31:18,2026-01-12,1031.62,Grocery,Bank Transfer,Hyderabad,India,Digital,Android,0,0,0,15,Monday,2026-01,0,0,-0.256409835748081
TXN100506,2026-04-05 10:05:43,2026-04-05,1786.79,Healthcare,Online,Pune,India,Digital,iOS,0,1,0,10,Sunday,2026-04,0,0,-0.177915235529148
TXN100507,2026-02-15 16:10:19,2026-02-15,1199.5,Online Services,POS,Lucknow,India,In-Store,Windows,0,0,0,16,Sunday,2026-02,0,0,-0.2615859716178578
TXN100508,2026-05-10 09:46:26,2026-05-10,1363.71,Travel,POS,Kolkata,India,In-Store,Android,0,0,0,9,Sunday,2026-05,0,0,-0.2579164764703095
TXN100509,2026-02-04 10:16:06,2026-02-04,1501.3,Grocery,ATM,Pune,India,ATM,Android,0,0,0,10,Wednesday,2026-02,0,0,-0.25445190487681973
TXN100510,2026-03-22 09:22:49,2026-03-22,520.2,Electronics,Online,Mumbai,India,Digital,Android,0,0,0,9,Sunday,2026-03,0,0,-0.23397969936220442
TXN100511,2026-03-31 14:46:58,2026-03-31,574.9,Grocery,ATM,Chennai,India,ATM,Android,0,0,0,14,Tuesday,2026-03,0,0,-0.24038579684711475
TXN100512,2026-01-08 05:20:29,2026-01-08,815.89,Grocery,Online,Ahmedabad,India,Digital,Windows,0,0,0,5,Thursday,2026-01,1,0,-0.20623256332543688
TXN100513,2026-04-03 20:53:29,2026-04-03,1501.38,Fashion,Online,Ahmedabad,India,Digital,Android,0,0,0,20,Friday,2026-04,0,0,-0.25445190487681973
TXN100514,2026-06-03 07:44:37,2026-06-03,423.58,Electronics,Online,Lucknow,India,Digital,iOS,0,0,0,7,Wednesday,2026-06,0,0,-0.21678898891276777
TXN100515,2026-03-31 16:06:41,2026-03-31,5682.06,Food & Dining,Online,Jaipur,India,Digital,Android,0,0,0,16,Tuesday,2026-03,0,0,-0.11361784250997709
TXN100516,2026-06-11 10:34:44,2026-06-11,157.79,Travel,Bank Transfer,Hyderabad,India,Digital,iOS,0,0,0,10,Thursday,2026-06,0,0,-0.05712129715808345
TXN100517,2026-04-25 22:43:00,2026-04-25,279.95,Jewelry,Mobile Wallet,Lucknow,India,Mobile,iOS,0,0,0,22,Saturday,2026-04,0,0,-0.16934336769863417
TXN100518,2026-04-15 04:40:06,2026-04-15,1707.76,Online Services,POS,Pune,India,In-Store,Android,0,0,0,4,Wednesday,2026-04,1,0,-0.20825186644882632
TXN100519,2026-05-15 10:17:14,2026-05-15,1594.06,Food & Dining,POS,Kolkata,India,In-Store,iOS,0,0,0,10,Friday,2026-05,0,0,-0.2531517273439334
TXN100520,2026-02-27 11:11:57,2026-02-27,1034.94,Fashion,Online,Chennai,India,Digital,MacOS,0,0,0,11,Friday,2026-02,0,0,-0.25705070964369386
TXN100521,2026-04-24 15:24:28,2026-04-24,1883.64,Fashion,POS,Ahmedabad,India,In-Store,Android,0,1,0,15,Friday,2026-04,0,0,-0.17567766737335738
TXN100522,2026-03-16 05:18:14,2026-03-16,1727.04,Fashion,Online,Bengaluru,India,Digital,iOS,0,0,0,5,Monday,2026-03,1,0,-0.2076104761830233
TXN100523,2026-06-06 16:03:16,2026-06-06,1096.7,Healthcare,ATM,Ahmedabad,India,ATM,Android,0,0,0,16,Saturday,2026-06,0,0,-0.2611364952240398
TXN100524,2026-04-30 02:56:29,2026-04-30,1359.12,Food & Dining,Mobile Wallet,Chennai,India,Mobile,MacOS,1,2,0,2,Thursday,2026-04,1,1,0.10505618717485932
TXN100525,2026-06-13 15:53:41,2026-06-13,88.89,Online Services,Online,Mumbai,India,Digital,MacOS,0,0,0,15,Saturday,2026-06,0,0,-0.0159148340544204
TXN100526,2026-01-21 00:27:37,2026-01-21,985.81,Jewelry,Bank Transfer,Pune,India,Digital,Android,0,1,0,0,Wednesday,2026-01,1,0,-0.11193342868123601
TXN100527,2026-06-13 10:58:51,2026-06-13,1055.58,Fashion,Online,Delhi,India,Digital,MacOS,0,1,0,10,Saturday,2026-06,0,0,-0.18227066783784174
TXN100528,2026-05-18 14:30:27,2026-05-18,5065.78,Food & Dining,POS,Kolkata,India,In-Store,Windows,1,1,1,14,Monday,2026-05,0,1,0.07032650838922438
TXN100529,2026-04-11 00:52:44,2026-04-11,566.49,Grocery,Online,Jaipur,India,Digital,MacOS,0,0,0,0,Saturday,2026-04,1,0,-0.19562565468663856
TXN100530,2026-06-01 23:19:33,2026-06-01,1065.62,Electronics,POS,Bengaluru,India,In-Store,Windows,0,1,1,23,Monday,2026-06,1,0,-0.11277088808672531
TXN100531,2026-06-26 11:27:27,2026-06-26,3425.17,Fashion,Online,Lucknow,India,Digital,Android,0,0,0,11,Friday,2026-06,0,0,-0.20022938985197714
TXN100532,2026-04-09 05:26:41,2026-04-09,1716.58,Electronics,POS,Hyderabad,India,In-Store,Windows,0,1,0,5,Thursday,2026-04,1,0,-0.11171632454782732
TXN100533,2026-02-05 14:03:19,2026-02-05,1118.93,Online Services,POS,Hyderabad,India,In-Store,Windows,0,0,0,14,Thursday,2026-02,0,0,-0.2606218512088001
TXN100534,2026-04-06 19:52:25,2026-04-06,2368.13,Electronics,POS,Hyderabad,India,In-Store,Android,0,0,0,19,Monday,2026-04,0,0,-0.2405953894227275
TXN100535,2026-06-01 01:15:52,2026-06-01,581.62,Food & Dining,ATM,Bengaluru,India,ATM,Windows,0,0,0,1,Monday,2026-06,1,0,-0.1953374521302242
TXN100536,2026-05-31 02:36:57,2026-05-31,4360.09,Entertainment,Mobile Wallet,Chennai,India,Mobile,iOS,0,0,0,2,Sunday,2026-05,1,0,-0.09980583501174267
TXN100537,2026-02-06 16:16:19,2026-02-06,1833.53,Healthcare,POS,Jaipur,India,In-Store,MacOS,0,1,0,16,Friday,2026-02,0,0,-0.17667510698850675
TXN100538,2026-01-12 18:56:47,2026-01-12,298.64,Fashion,Online,Ahmedabad,India,Digital,iOS,0,0,0,18,Monday,2026-01,0,0,-0.1753297590301094
TXN100539,2026-04-23 20:00:55,2026-04-23,675.76,Online Services,Online,Lucknow,India,Digital,Android,0,0,1,20,Thursday,2026-04,0,0,-0.245829493418608
TXN100540,2026-01-13 21:44:30,2026-01-13,195.19,Food & Dining,Mobile Wallet,Delhi,India,Mobile,MacOS,0,1,0,21,Tuesday,2026-01,0,0,-0.03958153986604507
TXN100541,2026-01-23 01:02:02,2026-01-23,2072.72,Fashion,ATM,Jaipur,India,ATM,iOS,0,2,0,1,Friday,2026-01,1,1,0.03866886268100833
TXN100542,2026-04-09 19:34:02,2026-04-09,1721.25,Grocery,POS,Lucknow,India,In-Store,Android,0,0,0,19,Thursday,2026-04,0,0,-0.25483129742647814
TXN100543,2026-04-15 11:07:11,2026-04-15,758.83,Food & Dining,Online,Delhi,India,Digital,Android,0,0,0,11,Wednesday,2026-04,0,0,-0.2516240925992332
TXN100544,2026-01-30 22:00:35,2026-01-30,2864.89,Utilities,POS,Kolkata,India,In-Store,Windows,0,0,0,22,Friday,2026-01,0,0,-0.21943777485126414
TXN100545,2026-01-17 05:57:18,2026-01-17,1025.75,Entertainment,Online,Chennai,India,Digital,Android,0,0,0,5,Saturday,2026-01,1,0,-0.2226994663714877
TXN100546,2026-04-23 16:20:19,2026-04-23,8943.73,Online Services,Mobile Wallet,Kolkata,India,Mobile,MacOS,0,1,0,16,Thursday,2026-04,0,0,-0.014134103646996299
TXN100547,2026-03-03 12:10:56,2026-03-03,420.08,Food & Dining,Mobile Wallet,Chennai,India,Mobile,MacOS,0,0,0,12,Tuesday,2026-03,0,0,-0.21539906866213643
TXN100548,2026-03-25 09:19:36,2026-03-25,1832.35,Grocery,Online,Pune,India,Digital,Android,0,0,0,9,Wednesday,2026-03,0,0,-0.25101131162927937
TXN100549,2026-04-22 11:38:58,2026-04-22,797.98,Grocery,POS,Ahmedabad,India,In-Store,Android,0,0,0,11,Wednesday,2026-04,0,0,-0.2550136511915754
TXN100550,2026-03-27 13:37:08,2026-03-27,638.02,Travel,Online,Mumbai,India,Digital,iOS,1,0,0,13,Friday,2026-03,0,0,-0.03821849119292009
TXN100551,2026-05-21 16:36:47,2026-05-21,954.84,Healthcare,POS,Mumbai,India,In-Store,Android,0,0,0,16,Thursday,2026-05,0,0,-0.2555571716527198
TXN100552,2026-01-19 13:51:17,2026-01-19,1470.86,Utilities,Mobile Wallet,Chennai,India,Mobile,iOS,0,0,0,13,Monday,2026-01,0,0,-0.2537299128370143
TXN100553,2026-06-26 12:04:21,2026-06-26,1148.99,Travel,POS,Mumbai,India,In-Store,Android,0,1,0,12,Friday,2026-06,0,0,-0.18331431564937978
TXN100554,2026-04-10 11:14:29,2026-04-10,1885.87,Food & Dining,POS,Bengaluru,India,In-Store,Windows,0,1,0,11,Friday,2026-04,0,0,-0.17567766737335738
TXN100555,2026-05-20 23:05:36,2026-05-20,1782.16,Fashion,Online,Lucknow,India,Digital,MacOS,0,2,0,23,Wednesday,2026-05,1,1,0.03232910108198339
TXN100556,2026-05-27 05:40:35,2026-05-27,3502.17,Fashion,Bank Transfer,Jaipur,India,Digital,iOS,0,0,0,5,Wednesday,2026-05,1,0,-0.13860460030037125
TXN100557,2026-03-17 23:21:57,2026-03-17,419.48,Electronics,ATM,Kolkata,India,ATM,iOS,0,0,0,23,Tuesday,2026-03,1,0,-0.16627490287372204
TXN100558,2026-01-09 03:56:31,2026-01-09,315.49,Electronics,POS,Pune,India,In-Store,Android,0,0,0,3,Friday,2026-01,1,0,-0.12410438293806303
TXN100559,2026-01-28 23:32:06,2026-01-28,1038.76,Electronics,Online,Ahmedabad,India,Digital,Windows,0,0,0,23,Wednesday,2026-01,1,0,-0.22346971323419612
TXN100560,2026-05-08 07:36:26,2026-05-08,581.21,Grocery,POS,Ahmedabad,India,In-Store,Android,1,0,0,7,Friday,2026-05,0,0,-0.02842487284841111
TXN100561,2026-02-21 08:48:41,2026-02-21,2206.48,Electronics,Mobile Wallet,Pune,India,Mobile,iOS,0,0,0,8,Saturday,2026-02,0,0,-0.24327907742052146
TXN100562,2026-03-24 15:13:06,2026-03-24,466.72,Grocery,POS,Hyderabad,India,In-Store,Android,0,0,0,15,Tuesday,2026-03,0,0,-0.23151283713097198
TXN100563,2026-04-21 03:48:24,2026-04-21,706.48,Entertainment,POS,Hyderabad,India,In-Store,Android,0,0,0,3,Tuesday,2026-04,1,0,-0.20349758862609046
TXN100564,2026-05-24 15:43:55,2026-05-24,840.61,Travel,POS,Hyderabad,India,In-Store,iOS,0,0,0,15,Sunday,2026-05,0,0,-0.257846382356725
TXN100565,2026-04-27 00:35:23,2026-04-27,4502.66,Jewelry,Bank Transfer,Pune,India,Digital,Android,0,0,0,0,Monday,2026-04,1,0,-0.09481886256202232
TXN100566,2026-03-10 17:29:53,2026-03-10,5920.08,Electronics,POS,Mumbai,India,In-Store,iOS,0,0,0,17,Tuesday,2026-03,0,0,-0.10480089843362594
TXN100567,2026-04-09 22:15:22,2026-04-09,440.05,Fashion,Online,Delhi,India,Digital,Android,0,0,0,22,Thursday,2026-04,0,0,-0.22096705133498423
TXN100568,2026-05-20 07:03:36,2026-05-20,189.32,Fashion,ATM,Pune,India,ATM,iOS,0,1,0,7,Wednesday,2026-05,0,0,-0.03655011623640747
TXN100569,2026-01-25 00:30:14,2026-01-25,692.85,Grocery,ATM,Mumbai,India,ATM,Android,0,0,0,0,Sunday,2026-01,1,0,-0.19968465721297862
TXN100570,2026-06-29 21:48:57,2026-06-29,1064.71,Online Services,Bank Transfer,Jaipur,India,Digital,Windows,0,0,0,21,Monday,2026-06,0,0,-0.26029128870110335
TXN100571,2026-05-03 13:57:38,2026-05-03,1060.81,Grocery,Mobile Wallet,Pune,India,Mobile,iOS,1,1,0,13,Sunday,2026-05,0,1,0.02844007145232519
TXN100572,2026-02-22 04:35:08,2026-02-22,1025.19,Jewelry,POS,Kolkata,India,In-Store,Android,0,1,0,4,Sunday,2026-02,1,0,-0.11232595266023859
TXN100573,2026-05-31 23:39:26,2026-05-31,2106.38,Online Services,Online,Mumbai,India,Digital,Android,1,0,0,23,Sunday,2026-05,1,1,0.021365091929523516
TXN100574,2026-05-24 21:55:16,2026-05-24,794.53,Food & Dining,Mobile Wallet,Ahmedabad,India,Mobile,Android,0,0,0,21,Sunday,2026-05,0,0,-0.2556154025248542
TXN100575,2026-02-26 09:54:59,2026-02-26,1300.73,Food & Dining,POS,Chennai,India,In-Store,iOS,0,0,0,9,Thursday,2026-02,0,0,-0.25900655996579697
TXN100576,2026-02-08 12:52:15,2026-02-08,1836.74,Entertainment,ATM,Chennai,India,ATM,Android,0,0,0,12,Sunday,2026-02,0,0,-0.25144165265065094
TXN100577,2026-04-19 13:00:06,2026-04-19,1307.06,Fashion,ATM,Pune,India,ATM,Android,0,1,0,13,Sunday,2026-04,0,0,-0.18429762909685676
TXN100578,2026-06-30 21:37:33,2026-06-30,1882.9,Entertainment,POS,Kolkata,India,In-Store,iOS,0,0,0,21,Tuesday,2026-06,0,0,-0.2523261056883771
TXN100579,2026-02-11 17:42:48,2026-02-11,279.68,Grocery,Online,Kolkata,India,Digital,Windows,0,0,0,17,Wednesday,2026-02,0,0,-0.16901267174225243
TXN100580,2026-06-16 09:55:39,2026-06-16,1201.82,Grocery,Bank Transfer,Chennai,India,Digital,Android,0,1,0,9,Tuesday,2026-06,0,0,-0.18381992991006257
TXN100581,2026-05-22 09:39:45,2026-05-22,1317.95,Food & Dining,Bank Transfer,Mumbai,India,Digital,Android,0,0,1,9,Friday,2026-05,0,0,-0.25969395730272693
TXN100582,2026-05-02 08:53:00,2026-05-02,960.57,Food & Dining,POS,Jaipur,India,In-Store,Android,0,0,0,8,Saturday,2026-05,0,0,-0.2566113227999477
TXN100583,2026-05-13 23:36:56,2026-05-13,679.85,Online Services,POS,Pune,India,In-Store,iOS,0,1,0,23,Wednesday,2026-05,1,0,-0.09198692768095396
TXN100584,2026-06-12 00:26:49,2026-06-12,1585.96,Grocery,Online,Jaipur,India,Digital,Android,0,0,0,0,Friday,2026-06,1,0,-0.20823286589952827
TXN100585,2026-03-16 18:24:13,2026-03-16,1209.97,Utilities,Online,Hyderabad,India,Digital,iOS,0,0,0,18,Monday,2026-03,0,0,-0.26193786997072255
TXN100586,2026-05-26 23:44:41,2026-05-26,1051.45,Electronics,POS,Delhi,India,In-Store,Android,0,0,0,23,Tuesday,2026-05,1,0,-0.2228204068163806
TXN100587,2026-03-17 07:49:01,2026-03-17,843.27,Fashion,POS,Bengaluru,India,In-Store,iOS,0,0,0,7,Tuesday,2026-03,0,0,-0.257846382356725
TXN100588,2026-01-09 08:20:09,2026-01-09,870.1,Travel,Mobile Wallet,Hyderabad,India,Mobile,Windows,0,0,0,8,Friday,2026-01,0,0,-0.2581412751522207
TXN100589,2026-03-15 01:53:02,2026-03-15,594.48,Fashion,Bank Transfer,Lucknow,India,Digital,MacOS,0,0,0,1,Sunday,2026-03,1,0,-0.19618103126391473
TXN100590,2026-05-25 07:12:13,2026-05-25,749.58,Electronics,ATM,Ahmedabad,India,ATM,iOS,0,0,0,7,Monday,2026-05,0,0,-0.25094117372255487
TXN100591,2026-01-07 21:25:54,2026-01-07,517.28,Food & Dining,POS,Bengaluru,India,In-Store,Android,0,0,0,21,Wednesday,2026-01,0,0,-0.23395575504714278
TXN100592,2026-06-23 02:18:27,2026-06-23,804.53,Utilities,Online,Ahmedabad,India,Digital,Windows,0,0,0,2,Tuesday,2026-06,1,0,-0.20865229202490443
TXN100593,2026-05-21 21:04:34,2026-05-21,1467.7,Fashion,Mobile Wallet,Pune,India,Mobile,Windows,0,0,0,21,Thursday,2026-05,0,0,-0.25418463394562674
TXN100594,2026-06-17 10:39:06,2026-06-17,2112.83,Food & Dining,POS,Hyderabad,India,In-Store,Android,0,0,0,10,Wednesday,2026-06,0,0,-0.24588819086604308
TXN100595,2026-06-19 14:06:12,2026-06-19,1052.62,Online Services,Online,Kolkata,India,Digital,iOS,0,0,0,14,Friday,2026-06,0,0,-0.2600588496014047
TXN100596,2026-05-17 20:01:24,2026-05-17,1029.59,Healthcare,POS,Chennai,India,In-Store,MacOS,0,0,0,20,Sunday,2026-05,0,0,-0.25576932937661195
TXN100597,2026-06-27 11:09:09,2026-06-27,1230.48,Food & Dining,Mobile Wallet,Chennai,India,Mobile,Windows,0,1,0,11,Saturday,2026-06,0,0,-0.1854771864523202
TXN100598,2026-01-27 07:38:46,2026-01-27,2408.31,Travel,Mobile Wallet,Jaipur,India,Mobile,Android,0,0,0,7,Tuesday,2026-01,0,0,-0.23886174294092904
TXN100599,2026-05-02 23:48:32,2026-05-02,915.99,Online Services,Online,Bengaluru,India,Digital,iOS,0,0,0,23,Saturday,2026-05,1,0,-0.2146381322755629
TXN100600,2026-01-05 19:01:17,2026-01-05,1588.17,Food & Dining,Mobile Wallet,Lucknow,India,Mobile,Android,0,0,0,19,Monday,2026-01,0,0,-0.2535143130458794
TXN100601,2026-01-29 01:34:55,2026-01-29,1475.07,Electronics,Online,Hyderabad,India,Digital,iOS,0,1,0,1,Thursday,2026-01,1,0,-0.11412203142310995
TXN100602,2026-06-14 10:52:49,2026-06-14,665.91,Travel,Online,Chennai,India,Digital,Windows,0,0,0,10,Sunday,2026-06,0,0,-0.24575265877558128
TXN100603,2026-06-15 13:19:07,2026-06-15,1930.15,Utilities,Mobile Wallet,Mumbai,India,Mobile,MacOS,0,1,0,13,Monday,2026-06,0,0,-0.1739879752391098
TXN100604,2026-03-24 13:07:04,2026-03-24,208.98,Grocery,Mobile Wallet,Kolkata,India,Mobile,Android,0,0,0,13,Tuesday,2026-03,0,0,-0.11137615293549108
TXN100605,2026-05-16 12:44:25,2026-05-16,2564.17,Jewelry,ATM,Ahmedabad,India,ATM,iOS,0,0,0,12,Saturday,2026-05,0,0,-0.23046388373595134
TXN100606,2026-04-19 07:05:53,2026-04-19,421.87,Electronics,ATM,Pune,India,ATM,Android,0,0,0,7,Sunday,2026-04,0,0,-0.21588101448650932
TXN100607,2026-03-06 16:46:50,2026-03-06,981.2,Utilities,Bank Transfer,Jaipur,India,Digital,Windows,0,2,0,16,Friday,2026-03,0,0,-0.014832977573461248
TXN100608,2026-03-27 06:53:36,2026-03-27,2128.51,Fashion,Bank Transfer,Bengaluru,India,Digital,Windows,0,1,0,6,Friday,2026-03,0,0,-0.16407393272002285
TXN100609,2026-05-25 15:17:06,2026-05-25,779.29,Food & Dining,Mobile Wallet,Delhi,India,Mobile,Android,0,0,0,15,Monday,2026-05,0,0,-0.25333473088711067
TXN100610,2026-03-12 14:05:05,2026-03-12,1322.58,Online Services,POS,Chennai,India,In-Store,Windows,0,0,0,14,Thursday,2026-03,0,0,-0.25969395730272693
TXN100611,2026-02-14 17:12:02,2026-02-14,2156.26,Fashion,Mobile Wallet,Jaipur,India,Mobile,iOS,0,0,0,17,Saturday,2026-02,0,0,-0.24417239473988533
TXN100612,2026-05-12 20:31:54,2026-05-12,4810.59,Food & Dining,Mobile Wallet,Mumbai,India,Mobile,Windows,0,0,0,20,Tuesday,2026-05,0,0,-0.14619742249014367
TXN100613,2026-02-05 00:31:21,2026-02-05,1083.51,Grocery,Online,Mumbai,India,Digital,Android,0,0,0,0,Thursday,2026-02,1,0,-0.2217454228074514
TXN100614,2026-03-11 10:59:27,2026-03-11,1266.27,Grocery,Mobile Wallet,Lucknow,India,Mobile,iOS,0,0,0,10,Wednesday,2026-03,0,0,-0.2603594436420933
TXN100615,2026-06-08 13:09:25,2026-06-08,1132.71,Travel,POS,Bengaluru,India,In-Store,iOS,1,0,0,13,Monday,2026-06,0,0,-0.05942713395913979
TXN100616,2026-01-19 22:00:11,2026-01-19,918.73,Healthcare,POS,Lucknow,India,In-Store,Android,0,0,0,22,Monday,2026-01,0,0,-0.2592117163059741
TXN100617,2026-04-18 19:28:42,2026-04-18,373.69,Grocery,ATM,Bengaluru,India,ATM,Android,0,1,0,19,Saturday,2026-04,0,0,-0.11753744169333524
TXN100618,2026-06-16 06:56:46,2026-06-16,447.35,Grocery,Online,Chennai,India,Digital,Windows,0,1,0,6,Tuesday,2026-06,0,0,-0.14054856003689042
TXN100619,2026-04-01 11:26:38,2026-04-01,1084.18,Fashion,POS,Hyderabad,India,In-Store,Android,0,1,0,11,Wednesday,2026-04,0,0,-0.18238231990911735
TXN100620,2026-03-31 06:20:31,2026-03-31,1440.68,Entertainment,Mobile Wallet,Pune,India,Mobile,Android,0,1,0,6,Tuesday,2026-03,0,0,-0.17914630531702846
TXN100621,2026-01-19 04:34:19,2026-01-19,3008.33,Healthcare,Online,Ahmedabad,India,Digital,Android,0,0,0,4,Monday,2026-01,1,0,-0.1600961924241842
TXN100622,2026-02-08 09:00:43,2026-02-08,927.25,Electronics,POS,Ahmedabad,India,In-Store,Android,0,0,0,9,Sunday,2026-02,0,0,-0.2594487904489545
TXN100623,2026-05-06 11:45:16,2026-05-06,3725.43,Grocery,Mobile Wallet,Hyderabad,India,Mobile,Android,1,1,0,11,Wednesday,2026-05,0,1,0.0556583746007816
TXN100624,2026-06-22 17:54:46,2026-06-22,418.38,Jewelry,POS,Mumbai,India,In-Store,Android,0,0,0,17,Monday,2026-06,0,0,-0.2145931806918629
TXN100625,2026-05-21 01:37:57,2026-05-21,1297.41,Travel,POS,Kolkata,India,In-Store,Windows,0,0,0,1,Thursday,2026-05,1,0,-0.21751240327617788
TXN100626,2026-05-06 10:59:13,2026-05-06,885.57,Online Services,POS,Pune,India,In-Store,MacOS,0,1,0,10,Wednesday,2026-05,0,0,-0.18688525914611293
TXN100627,2026-02-27 01:22:02,2026-02-27,383.74,Online Services,POS,Chennai,India,In-Store,iOS,0,0,0,1,Friday,2026-02,1,0,-0.15491335098311676
TXN100628,2026-05-28 01:18:06,2026-05-28,283.02,Utilities,ATM,Hyderabad,India,ATM,iOS,0,1,0,1,Thursday,2026-05,1,0,-0.038581309406793385
TXN100629,2026-03-02 09:06:06,2026-03-02,774.53,Electronics,Bank Transfer,Pune,India,Digital,Windows,0,1,0,9,Monday,2026-03,0,0,-0.18710285191037906
TXN100630,2026-05-07 22:12:23,2026-05-07,822.34,Utilities,POS,Ahmedabad,India,In-Store,iOS,0,0,0,22,Thursday,2026-05,0,0,-0.25645947813237097
TXN100631,2026-04-15 08:53:26,2026-04-15,538.87,Utilities,Bank Transfer,Pune,India,Digital,Windows,0,0,0,8,Wednesday,2026-04,0,0,-0.23459195774295416
TXN100632,2026-06-16 08:43:42,2026-06-16,2016.89,Entertainment,POS,Bengaluru,India,In-Store,MacOS,0,0,0,8,Tuesday,2026-06,0,0,-0.2479094819557791
TXN100633,2026-01-01 03:23:25,2026-01-01,792.7,Fashion,POS,Jaipur,India,In-Store,iOS,0,0,0,3,Thursday,2026-01,1,0,-0.20637784860571678
TXN100634,2026-05-11 06:32:07,2026-05-11,498.03,Travel,ATM,Bengaluru,India,ATM,iOS,0,1,0,6,Monday,2026-05,0,0,-0.15430735562897424
TXN100635,2026-04-02 05:07:23,2026-04-02,907.93,Grocery,Bank Transfer,Hyderabad,India,Digital,Android,0,0,0,5,Thursday,2026-04,1,0,-0.21345142972094733
TXN100636,2026-04-23 04:35:24,2026-04-23,661.81,Food & Dining,POS,Chennai,India,In-Store,Unknown,0,1,0,4,Thursday,2026-04,1,0,-0.09136284013407736
TXN100637,2026-06-02 07:50:02,2026-06-02,4095.24,Food & Dining,Online,Delhi,India,Digital,Android,0,1,0,7,Tuesday,2026-06,0,0,-0.10169109505109919
TXN100638,2026-02-25 18:12:32,2026-02-25,852.18,Fashion,Online,Lucknow,India,Digital,iOS,0,1,0,18,Wednesday,2026-02,0,0,-0.1861671954178412
TXN100639,2026-06-10 12:49:02,2026-06-10,526.27,Food & Dining,Online,Lucknow,India,Digital,MacOS,0,0,0,12,Wednesday,2026-06,0,0,-0.23282952588295353
TXN100640,2026-06-15 17:08:12,2026-06-15,4089.12,Fashion,Online,Delhi,India,Digital,MacOS,0,0,0,17,Monday,2026-06,0,0,-0.1782672315367052
TXN100641,2026-04-27 22:53:04,2026-04-27,1958.69,Entertainment,Bank Transfer,Pune,India,Digital,Android,0,0,0,22,Monday,2026-04,0,0,-0.2470821266932458
TXN100642,2026-05-14 05:47:35,2026-05-14,1193.98,Online Services,Online,Delhi,India,Digital,Android,0,0,0,5,Thursday,2026-05,1,0,-0.21761373155635677
TXN100643,2026-02-27 23:15:47,2026-02-27,579.97,Electronics,Bank Transfer,Lucknow,India,Digital,Android,0,1,0,23,Friday,2026-02,1,0,-0.0835295534112096
TXN100644,2026-02-13 16:46:12,2026-02-13,2024.81,Fashion,Online,Mumbai,India,Digital,Windows,0,0,0,16,Friday,2026-02,0,0,-0.24763106877127083
TXN100645,2026-06-22 06:58:15,2026-06-22,340.11,Electronics,POS,Ahmedabad,India,In-Store,Windows,0,0,0,6,Monday,2026-06,0,0,-0.189055008953748
TXN100646,2026-06-09 10:45:24,2026-06-09,1909.54,Entertainment,POS,Lucknow,India,In-Store,iOS,0,0,0,10,Tuesday,2026-06,0,0,-0.2508953813833005
TXN100647,2026-06-22 13:40:41,2026-06-22,1339.56,Healthcare,Online,Lucknow,India,Digital,iOS,0,0,0,13,Monday,2026-06,0,0,-0.2598137578625735
TXN100648,2026-03-02 14:26:43,2026-03-02,2421.27,Jewelry,Mobile Wallet,Mumbai,India,Mobile,Windows,0,0,0,14,Monday,2026-03,0,0,-0.23897640840668277
TXN100649,2026-02-16 18:59:39,2026-02-16,165.94,Travel,Online,Lucknow,India,Digital,Android,1,0,0,18,Monday,2026-02,0,1,0.03102919884519806
TXN100650,2026-05-29 04:26:12,2026-05-29,525.06,Jewelry,POS,Pune,India,In-Store,Android,0,0,0,4,Friday,2026-05,1,0,-0.18583293009282076
TXN100651,2026-03-21 06:22:07,2026-03-21,492.86,Grocery,Mobile Wallet,Mumbai,India,Mobile,Android,0,0,0,6,Saturday,2026-03,0,0,-0.23355399667109222
TXN100652,2026-04-28 18:30:30,2026-04-28,448.39,Entertainment,ATM,Ahmedabad,India,ATM,Android,0,0,0,18,Tuesday,2026-04,0,0,-0.22230953655244895
TXN100653,2026-06-13 14:32:27,2026-06-13,1540.73,Grocery,Online,Chennai,India,Digital,iOS,0,1,0,14,Saturday,2026-06,0,0,-0.17557290107304663
TXN100654,2026-05-27 23:56:50,2026-05-27,865.9,Online Services,POS,Bengaluru,India,In-Store,Android,0,0,0,23,Wednesday,2026-05,1,0,-0.20564965415459535
TXN100655,2026-01-20 19:18:38,2026-01-20,546.17,Food & Dining,Bank Transfer,Chennai,India,Digital,Windows,0,0,0,19,Tuesday,2026-01,0,0,-0.2363908008409653
TXN100656,2026-05-26 12:34:43,2026-05-26,453.76,Entertainment,Mobile Wallet,Mumbai,India,Mobile,Android,0,1,0,12,Tuesday,2026-05,0,0,-0.14227850141866671
TXN100657,2026-02-16 22:35:26,2026-02-16,508.3,Online Services,Mobile Wallet,Mumbai,India,Mobile,Android,0,0,0,22,Monday,2026-02,0,0,-0.23449941480531528
TXN100658,2026-02-18 03:23:25,2026-02-18,2192.13,Electronics,POS,Hyderabad,India,In-Store,Android,0,0,0,3,Wednesday,2026-02,1,0,-0.19159578395476606
TXN100659,2026-01-14 03:32:28,2026-01-14,1039.66,Grocery,Mobile Wallet,Jaipur,India,Mobile,MacOS,0,1,0,3,Wednesday,2026-01,1,0,-0.11248541780199639
TXN100660,2026-05-23 05:51:37,2026-05-23,2132.6,Online Services,Online,Jaipur,India,Digital,Windows,0,0,0,5,Saturday,2026-05,1,0,-0.19554669779446132
TXN100661,2026-06-08 00:51:32,2026-06-08,9244.08,Travel,Online,Mumbai,India,Digital,Unknown,0,0,0,0,Monday,2026-06,1,0,-0.0013293096949636984
TXN100662,2026-01-01 14:48:31,2026-01-01,1081.08,Grocery,Bank Transfer,Bengaluru,India,Digital,Android,0,0,0,14,Thursday,2026-01,0,0,-0.2616591188046758
TXN100663,2026-04-27 06:18:12,2026-04-27,352.97,Food & Dining,Online,Hyderabad,India,Digital,Windows,0,2,0,6,Monday,2026-04,0,1,0.02040948821512334
TXN100664,2026-02-23 06:37:42,2026-02-23,982.77,Entertainment,Online,Delhi,India,Digital,Android,0,1,0,6,Monday,2026-02,0,0,-0.18140053713357596
TXN100665,2026-04-28 22:05:07,2026-04-28,4930.88,Grocery,Online,Kolkata,India,Digital,Android,0,0,0,22,Tuesday,2026-04,0,0,-0.13963924729843125
TXN100666,2026-01-03 22:15:52,2026-01-03,2615.98,Travel,POS,Bengaluru,India,In-Store,Android,0,0,0,22,Saturday,2026-01,0,0,-0.22985963381179175
TXN100667,2026-05-24 19:34:29,2026-05-24,654.04,Grocery,Bank Transfer,Mumbai,India,Digital,iOS,0,0,0,19,Sunday,2026-05,0,0,-0.2453685181046385
TXN100668,2026-01-12 01:22:06,2026-01-12,859.86,Fashion,ATM,Mumbai,India,ATM,Android,0,0,0,1,Monday,2026-01,1,0,-0.20397663553350076
TXN100669,2026-03-15 01:06:09,2026-03-15,2038.59,Online Services,Online,Bengaluru,India,Digital,Android,0,1,0,1,Sunday,2026-03,1,0,-0.10786307346995105
TXN100670,2026-01-16 09:55:33,2026-01-16,1609.46,Jewelry,POS,Pune,India,In-Store,Android,0,0,0,9,Friday,2026-01,0,0,-0.2529110353068278
TXN100671,2026-04-12 19:24:15,2026-04-12,2056.05,Entertainment,Mobile Wallet,Hyderabad,India,Mobile,MacOS,0,0,0,19,Sunday,2026-04,0,0,-0.24874493321410635
TXN100672,2026-06-01 11:35:43,2026-06-01,905.75,Electronics,Bank Transfer,Mumbai,India,Digital,iOS,0,0,0,11,Monday,2026-06,0,0,-0.2582508044267787
TXN100673,2026-06-05 11:04:36,2026-06-05,1496.49,Online Services,POS,Kolkata,India,In-Store,Android,0,0,0,11,Friday,2026-06,0,0,-0.2546733965159
TXN100674,2026-04-27 05:38:43,2026-04-27,859.02,Food & Dining,Mobile Wallet,Delhi,India,Mobile,Windows,0,0,0,5,Monday,2026-04,1,0,-0.20415789563609316
TXN100675,2026-01-08 04:33:48,2026-01-08,3343.41,Electronics,Bank Transfer,Chennai,India,Digital,Android,0,0,0,4,Thursday,2026-01,1,0,-0.14527133242927326
TXN100676,2026-05-02 09:36:18,2026-05-02,323.42,Online Services,Online,Ahmedabad,India,Digital,Android,0,0,0,9,Saturday,2026-05,0,0,-0.1848056953954516
TXN100677,2026-04-02 17:49:00,2026-04-02,324.22,Utilities,Online,Kolkata,India,Digital,iOS,0,0,0,17,Thursday,2026-04,0,0,-0.18607856070279155
TXN100678,2026-06-13 23:17:09,2026-06-13,619.11,Healthcare,Online,Ahmedabad,India,Digital,Android,0,0,1,23,Saturday,2026-06,1,0,-0.1937992706658695
TXN100679,2026-03-31 01:46:04,2026-03-31,637.34,Healthcare,Bank Transfer,Lucknow,India,Digital,Android,0,0,0,1,Tuesday,2026-03,1,0,-0.1947329847917076
TXN100680,2026-05-16 09:49:09,2026-05-16,323.36,Electronics,Online,Pune,India,Digital,MacOS,1,0,0,9,Saturday,2026-05,0,0,-0.008797801296534291
TXN100681,2026-03-01 00:11:31,2026-03-01,279.99,Electronics,POS,Kolkata,India,In-Store,Android,0,0,0,0,Sunday,2026-03,1,0,-0.10392610967302207
TXN100682,2026-06-27 18:27:47,2026-06-27,2578.08,Healthcare,Online,Jaipur,India,Digital,MacOS,0,0,0,18,Saturday,2026-06,0,0,-0.23071533609623357
TXN100683,2026-01-28 12:44:56,2026-01-28,959.49,Electronics,Mobile Wallet,Pune,India,Mobile,Android,0,0,0,12,Wednesday,2026-01,0,0,-0.2570004260037666
TXN100684,2026-04-11 15:51:02,2026-04-11,903.13,Fashion,POS,Jaipur,India,In-Store,MacOS,0,1,0,15,Saturday,2026-04,0,0,-0.18600610562672953
TXN100685,2026-02-10 22:09:22,2026-02-10,1147.15,Utilities,Mobile Wallet,Delhi,India,Mobile,iOS,0,0,0,22,Tuesday,2026-02,0,0,-0.2597505546963681
TXN100686,2026-06-04 03:51:01,2026-06-04,3938.36,Utilities,Mobile Wallet,Delhi,India,Mobile,iOS,0,1,0,3,Thursday,2026-06,1,0,-0.03760585467933697
TXN100687,2026-05-25 17:45:28,2026-05-25,1203.56,Food & Dining,Online,Delhi,India,Digital,Android,0,0,0,17,Monday,2026-05,0,0,-0.2614552824269687
TXN100688,2026-06-10 23:07:11,2026-06-10,1003.26,Utilities,POS,Pune,India,In-Store,Android,1,0,1,23,Wednesday,2026-06,1,1,0.010671195345115958
TXN100689,2026-06-06 11:29:07,2026-06-06,658.48,Online Services,Online,Delhi,India,Digital,iOS,0,0,0,11,Saturday,2026-06,0,0,-0.24518472794085772
TXN100690,2026-05-21 00:52:01,2026-05-21,1770.77,Entertainment,Mobile Wallet,Bengaluru,India,Mobile,Android,0,0,0,0,Thursday,2026-05,1,0,-0.20830320332705665
TXN100691,2026-02-15 23:16:33,2026-02-15,1041.59,Electronics,POS,Ahmedabad,India,In-Store,Android,0,0,0,23,Sunday,2026-02,1,0,-0.22346971323419612
TXN100692,2026-02-04 07:49:24,2026-02-04,4112.12,Travel,Online,Ahmedabad,India,Digital,Android,0,0,0,7,Wednesday,2026-02,0,0,-0.17724223114850768
TXN100693,2026-05-14 07:04:51,2026-05-14,964.29,Travel,Online,Hyderabad,India,Digital,Android,0,1,1,7,Thursday,2026-05,0,0,-0.1815064390869544
TXN100694,2026-03-23 16:27:02,2026-03-23,2455.58,Grocery,POS,Jaipur,India,In-Store,Windows,0,1,0,16,Monday,2026-03,0,0,-0.15534441021118855
TXN100695,2026-04-25 06:26:05,2026-04-25,620.89,Travel,Mobile Wallet,Ahmedabad,India,Mobile,Windows,1,1,0,6,Saturday,2026-04,0,1,0.03316289988825227
TXN100696,2026-02-16 01:02:28,2026-02-16,616.05,Electronics,Bank Transfer,Mumbai,India,Digital,Android,0,0,0,1,Monday,2026-02,1,0,-0.1940065188421196
TXN100697,2026-06-02 07:22:33,2026-06-02,254.31,Food & Dining,Mobile Wallet,Ahmedabad,India,Mobile,Windows,1,0,0,7,Tuesday,2026-06,0,1,0.00813825859298778
TXN100698,2026-01-10 16:46:20,2026-01-10,2070.56,Online Services,POS,Mumbai,India,In-Store,iOS,0,0,0,16,Saturday,2026-01,0,0,-0.2490864330854899
TXN100699,2026-02-25 12:18:51,2026-02-25,1063.6,Grocery,Online,Hyderabad,India,Digital,Windows,0,0,0,12,Wednesday,2026-02,0,0,-0.26016362715050073
TXN100700,2026-01-30 10:59:20,2026-01-30,1829.23,Healthcare,Mobile Wallet,Lucknow,India,Mobile,Android,0,0,0,10,Friday,2026-01,0,0,-0.25101131162927937
TXN100701,2026-04-19 14:57:45,2026-04-19,4259.65,Healthcare,Online,Pune,India,Digital,Android,0,0,0,14,Sunday,2026-04,0,0,-0.17331856475109975
TXN100702,2026-01-05 12:58:06,2026-01-05,557.06,Grocery,Mobile Wallet,Kolkata,India,Mobile,Windows,0,0,0,12,Monday,2026-01,0,0,-0.2360239316031702
TXN100703,2026-04-29 21:05:10,2026-04-29,493.55,Online Services,POS,Lucknow,India,In-Store,Windows,0,0,0,21,Wednesday,2026-04,0,0,-0.23307339745543282
TXN100704,2026-02-02 01:17:55,2026-02-02,584.23,Food & Dining,Online,Hyderabad,India,Digital,Windows,0,0,0,1,Monday,2026-02,1,0,-0.19556394846816205
TXN100705,2026-04-28 18:31:46,2026-04-28,203.81,Fashion,Bank Transfer,Ahmedabad,India,Digital,Android,0,0,0,18,Tuesday,2026-04,0,0,-0.10636621532069501
TXN100706,2026-03-06 21:39:46,2026-03-06,939.58,Utilities,Mobile Wallet,Ahmedabad,India,Mobile,Android,1,0,0,21,Friday,2026-03,0,0,-0.05605328497130757
TXN100707,2026-05-26 21:10:16,2026-05-26,2224.66,Travel,Mobile Wallet,Jaipur,India,Mobile,Android,0,0,0,21,Tuesday,2026-05,0,0,-0.24343799466075272
TXN100708,2026-06-26 02:47:48,2026-06-26,1140.51,Healthcare,Online,Pune,India,Digital,MacOS,0,0,0,2,Friday,2026-06,1,0,-0.2225054679737009
TXN100709,2026-01-11 15:07:40,2026-01-11,312.08,Grocery,Online,Hyderabad,India,Digital,Android,0,0,0,15,Sunday,2026-01,0,0,-0.18178858914972712
TXN100710,2026-03-26 12:53:38,2026-03-26,824.27,Online Services,POS,Delhi,India,In-Store,MacOS,0,1,0,12,Thursday,2026-03,0,0,-0.18748610273740207
TXN100711,2026-01-26 07:16:46,2026-01-26,1212.13,Fashion,ATM,Kolkata,India,ATM,MacOS,0,0,0,7,Monday,2026-01,0,0,-0.2621341793716361
TXN100712,2026-03-04 00:04:47,2026-03-04,2368.49,Entertainment,Bank Transfer,Lucknow,India,Digital,Android,0,1,0,0,Wednesday,2026-03,1,0,-0.09025252290577968
TXN100713,2026-03-27 06:12:17,2026-03-27,2073.88,Electronics,Online,Bengaluru,India,Digital,Windows,0,2,0,6,Friday,2026-03,0,0,-0.006587801931120851
TXN100714,2026-02-28 05:44:26,2026-02-28,831.82,Healthcare,Mobile Wallet,Bengaluru,India,Mobile,Android,0,0,0,5,Saturday,2026-02,1,0,-0.20491107289740268
TXN100715,2026-01-27 00:19:21,2026-01-27,830.64,Utilities,ATM,Bengaluru,India,ATM,Android,0,0,0,0,Tuesday,2026-01,1,0,-0.20496275057506586
TXN100716,2026-06-26 10:45:51,2026-06-26,1763.94,Food & Dining,Mobile Wallet,Hyderabad,India,Mobile,Windows,0,0,1,10,Friday,2026-06,0,0,-0.2536019259184483
TXN100717,2026-06-10 22:47:43,2026-06-10,682.22,Entertainment,POS,Delhi,India,In-Store,Android,0,1,0,22,Wednesday,2026-06,0,0,-0.18228008707655613
TXN100718,2026-04-08 04:05:58,2026-04-08,2173.93,Food & Dining,POS,Chennai,India,In-Store,Android,0,1,0,4,Wednesday,2026-04,1,0,-0.09931671000230413
TXN100719,2026-04-15 18:16:20,2026-04-15,647.3,Online Services,Mobile Wallet,Bengaluru,India,Mobile,iOS,0,0,0,18,Wednesday,2026-04,0,0,-0.24457876720014216
TXN100720,2026-04-09 00:52:58,2026-04-09,3792.99,Food & Dining,ATM,Lucknow,India,ATM,iOS,0,0,0,0,Thursday,2026-04,1,0,-0.12466286846900787
TXN100721,2026-05-09 08:50:31,2026-05-09,1323.74,Online Services,Mobile Wallet,Chennai,India,Mobile,Android,0,0,0,8,Saturday,2026-05,0,0,-0.25918637976872205
TXN100722,2026-05-29 00:36:16,2026-05-29,228.67,Utilities,Mobile Wallet,Kolkata,India,Mobile,Android,0,0,0,0,Friday,2026-05,1,0,-0.06626790743374844
TXN100723,2026-02-24 09:20:54,2026-02-24,1830.51,Fashion,Bank Transfer,Jaipur,India,Digital,Android,0,0,0,9,Tuesday,2026-02,0,0,-0.25101131162927937
TXN100724,2026-01-06 07:23:47,2026-01-06,1344.63,Electronics,POS,Delhi,India,In-Store,MacOS,0,0,0,7,Tuesday,2026-01,0,0,-0.2588151980421104
TXN100725,2026-04-05 14:35:50,2026-04-05,1617.96,Fashion,Online,Jaipur,India,Digital,iOS,0,1,0,14,Sunday,2026-04,0,0,-0.18006581964884905
TXN100726,2026-05-13 12:28:30,2026-05-13,6644.28,Utilities,Online,Lucknow,India,Digital,iOS,0,1,0,12,Wednesday,2026-05,0,0,-0.04349053736164965
TXN100727,2026-04-12 16:10:51,2026-04-12,889.78,Electronics,Online,Pune,India,Digital,Android,0,1,0,16,Sunday,2026-04,0,0,-0.18661177332226186
TXN100728,2026-01-03 09:50:22,2026-01-03,316.72,Food & Dining,Online,Pune,India,Digital,iOS,0,0,0,9,Saturday,2026-01,0,0,-0.18248249100456293
TXN100729,2026-06-30 03:19:44,2026-06-30,3023.08,Utilities,Online,Bengaluru,India,Digital,iOS,0,0,0,3,Tuesday,2026-06,1,0,-0.1601900376732287
TXN100730,2026-01-23 17:03:06,2026-01-23,264.11,Fashion,POS,Lucknow,India,In-Store,Android,0,1,1,17,Friday,2026-01,0,0,-0.07486392028298017
TXN100731,2026-02-22 23:08:11,2026-02-22,603.58,Entertainment,POS,Jaipur,India,In-Store,iOS,0,0,0,23,Sunday,2026-02,1,0,-0.1940163562024751
TXN100732,2026-06-14 01:58:55,2026-06-14,1134.19,Travel,POS,Hyderabad,India,In-Store,Android,0,1,0,1,Sunday,2026-06,1,0,-0.11596961987015098
TXN100733,2026-03-24 00:05:20,2026-03-24,534.32,Grocery,Online,Chennai,India,Digital,Windows,0,1,0,0,Tuesday,2026-03,1,0,-0.07734757300723205
TXN100734,2026-05-25 06:01:24,2026-05-25,4822.86,Utilities,Online,Bengaluru,India,Digital,MacOS,0,0,0,6,Monday,2026-05,0,0,-0.14619742249014367
TXN100735,2026-03-26 15:31:53,2026-03-26,983.74,Grocery,Bank Transfer,Chennai,India,Digital,Android,0,0,0,15,Thursday,2026-03,0,0,-0.25522333882972914
TXN100736,2026-03-19 06:04:49,2026-03-19,3746.8,Travel,POS,Ahmedabad,India,In-Store,iOS,0,0,0,6,Thursday,2026-03,0,0,-0.19269068822442037
TXN100737,2026-04-20 13:34:59,2026-04-20,158.0,Online Services,POS,Ahmedabad,India,In-Store,Windows,0,0,0,13,Monday,2026-04,0,0,-0.05712129715808345
TXN100738,2026-01-01 02:59:30,2026-01-01,1176.01,Fashion,ATM,Ahmedabad,India,ATM,MacOS,0,0,0,2,Thursday,2026-01,1,0,-0.21923893918639215
TXN100739,2026-02-20 10:55:21,2026-02-20,525.01,Jewelry,Bank Transfer,Pune,India,Digital,Android,0,0,0,10,Friday,2026-02,0,0,-0.2324990761813998
TXN100740,2026-06-22 23:52:42,2026-06-22,699.23,Jewelry,POS,Mumbai,India,In-Store,MacOS,0,0,0,23,Monday,2026-06,1,0,-0.20119561785845097
TXN100741,2026-01-04 11:36:17,2026-01-04,1889.51,Travel,ATM,Lucknow,India,ATM,Windows,0,0,0,11,Sunday,2026-01,0,0,-0.25202643366333594
TXN100742,2026-04-23 12:50:50,2026-04-23,1659.74,Grocery,Mobile Wallet,Pune,India,Mobile,iOS,0,0,0,12,Thursday,2026-04,0,0,-0.2535346881441446
TXN100743,2026-02-01 20:17:14,2026-02-01,1442.67,Healthcare,Mobile Wallet,Lucknow,India,Mobile,Android,0,0,0,20,Sunday,2026-02,0,0,-0.2520878829146459
TXN100744,2026-02-03 11:08:50,2026-02-03,400.92,Food & Dining,POS,Kolkata,India,In-Store,iOS,0,1,1,11,Tuesday,2026-02,0,0,-0.12713026292956386
TXN100745,2026-04-02 22:45:31,2026-04-02,2832.59,Grocery,ATM,Jaipur,India,ATM,Android,0,0,0,22,Thursday,2026-04,0,0,-0.22051818959296382
TXN100746,2026-04-05 13:42:26,2026-04-05,544.24,Healthcare,Online,Ahmedabad,India,Digital,Android,0,0,0,13,Sunday,2026-04,0,0,-0.23573384212628967
TXN100747,2026-03-13 00:42:17,2026-03-13,3324.62,Grocery,POS,Ahmedabad,India,In-Store,iOS,0,0,1,0,Friday,2026-03,1,0,-0.14487066100865376
TXN100748,2026-02-08 23:32:42,2026-02-08,1794.6,Online Services,Mobile Wallet,Kolkata,India,Mobile,iOS,0,0,0,23,Sunday,2026-02,1,0,-0.20668851389437332
TXN100749,2026-06-03 04:13:36,2026-06-03,2501.55,Electronics,POS,Delhi,India,In-Store,Android,0,0,0,4,Wednesday,2026-06,1,0,-0.18499661125404165
TXN100750,2026-06-11 23:22:29,2026-06-11,1189.62,Grocery,Mobile Wallet,Mumbai,India,Mobile,iOS,0,1,0,23,Thursday,2026-06,1,0,-0.11622015391893237
TXN100751,2026-04-28 00:50:09,2026-04-28,287.37,Electronics,POS,Delhi,India,In-Store,MacOS,0,0,0,0,Tuesday,2026-04,1,0,-0.10824068105212681
TXN100752,2026-01-03 08:08:47,2026-01-03,825.18,Jewelry,Mobile Wallet,Pune,India,Mobile,Android,0,1,0,8,Saturday,2026-01,0,0,-0.18748610273740207
TXN100753,2026-05-03 03:56:49,2026-05-03,4280.71,Healthcare,ATM,Delhi,India,ATM,iOS,0,0,0,3,Sunday,2026-05,1,0,-0.10184109166110666
TXN100754,2026-02-19 13:27:23,2026-02-19,2119.13,Utilities,Online,Lucknow,India,Digital,iOS,0,0,0,13,Thursday,2026-02,0,0,-0.24651218330679286
TXN100755,2026-01-12 04:10:29,2026-01-12,774.27,Fashion,ATM,Hyderabad,India,ATM,Android,0,0,0,4,Monday,2026-01,1,0,-0.20905846555042318
TXN100756,2026-02-23 18:46:53,2026-02-23,3111.7,Fashion,Online,Lucknow,India,Digital,Android,0,0,0,18,Monday,2026-02,0,0,-0.21280232353256973
TXN100757,2026-05-13 22:04:03,2026-05-13,1374.03,Electronics,Online,Bengaluru,India,Digital,Windows,0,0,0,22,Wednesday,2026-05,0,0,-0.2565680717377821
TXN100758,2026-02-26 15:49:57,2026-02-26,4081.63,Food & Dining,Bank Transfer,Pune,India,Digital,Android,0,0,0,15,Thursday,2026-02,0,0,-0.17967165622862824
TXN100759,2026-05-25 17:22:39,2026-05-25,1029.29,Food & Dining,Online,Ahmedabad,India,Digital,iOS,0,0,0,17,Monday,2026-05,0,0,-0.25576932937661195
TXN100760,2026-04-22 18:01:32,2026-04-22,868.29,Entertainment,Bank Transfer,Pune,India,Digital,iOS,0,1,0,18,Wednesday,2026-04,0,0,-0.184917104161749
TXN100761,2026-02-16 19:33:29,2026-02-16,2417.61,Travel,Online,Delhi,India,Digital,iOS,0,0,0,19,Monday,2026-02,0,0,-0.23897640840668277
TXN100762,2026-05-31 02:23:55,2026-05-31,1341.58,Jewelry,Online,Chennai,India,Digital,Android,0,0,0,2,Sunday,2026-05,1,0,-0.21053299410251836
TXN100763,2026-03-26 09:11:05,2026-03-26,1713.02,Electronics,Mobile Wallet,Pune,India,Mobile,iOS,0,0,0,9,Thursday,2026-03,0,0,-0.254556493571449
TXN100764,2026-05-22 09:23:03,2026-05-22,550.0,Jewelry,POS,Jaipur,India,In-Store,Android,0,0,0,9,Friday,2026-05,0,0,-0.23701543556801907
TXN100765,2026-03-07 09:29:12,2026-03-07,2798.85,Grocery,ATM,Pune,India,ATM,Windows,0,2,0,9,Saturday,2026-03,0,1,0.0015039455749591424
TXN100766,2026-03-16 16:19:01,2026-03-16,2406.26,Food & Dining,ATM,Lucknow,India,ATM,Android,0,0,0,16,Monday,2026-03,0,0,-0.23886174294092904
TXN100767,2026-06-28 14:18:22,2026-06-28,3233.25,Fashion,POS,Chennai,India,In-Store,Windows,0,1,0,14,Sunday,2026-06,0,0,-0.11852925506792356
TXN100768,2026-04-13 08:04:52,2026-04-13,369.51,Fashion,Mobile Wallet,Mumbai,India,Mobile,Windows,0,0,0,8,Monday,2026-04,0,0,-0.19793628410251768
TXN100769,2026-06-15 04:54:13,2026-06-15,432.6,Food & Dining,Bank Transfer,Lucknow,India,Digital,Android,0,0,0,4,Monday,2026-06,1,0,-0.17051790327259458
TXN100770,2026-02-07 11:14:29,2026-02-07,603.35,Fashion,POS,Chennai,India,In-Store,Windows,0,0,0,11,Saturday,2026-02,0,0,-0.24363759464996293
TXN100771,2026-02-19 16:35:54,2026-02-19,905.53,Fashion,Mobile Wallet,Chennai,India,Mobile,iOS,0,1,0,16,Thursday,2026-02,0,0,-0.18533439171730892
TXN100772,2026-04-08 08:19:38,2026-04-08,377.53,Healthcare,Online,Pune,India,Digital,Android,0,1,0,8,Wednesday,2026-04,0,0,-0.12069151944596745
TXN100773,2026-03-23 11:59:29,2026-03-23,1825.89,Healthcare,POS,Kolkata,India,In-Store,MacOS,0,1,0,11,Monday,2026-03,0,0,-0.17739748024297447
TXN100774,2026-01-30 13:24:47,2026-01-30,772.3,Online Services,Mobile Wallet,Hyderabad,India,Mobile,iOS,0,0,0,13,Friday,2026-01,0,0,-0.25419082784898483
TXN100775,2026-03-20 15:12:25,2026-03-20,2995.23,Travel,ATM,Kolkata,India,ATM,Android,0,0,0,15,Friday,2026-03,0,0,-0.21418995760630816
TXN100776,2026-04-01 01:32:23,2026-04-01,5878.94,Entertainment,Bank Transfer,Chennai,India,Digital,MacOS,0,0,0,1,Wednesday,2026-04,1,0,-0.05918203697632063
TXN100777,2026-06-28 15:39:52,2026-06-28,681.82,Food & Dining,ATM,Pune,India,ATM,Android,0,0,0,15,Sunday,2026-06,0,0,-0.24634380307801612
TXN100778,2026-02-21 05:51:07,2026-02-21,593.58,Fashion,Mobile Wallet,Hyderabad,India,Mobile,Windows,0,0,0,5,Saturday,2026-02,1,0,-0.19636547485093392
TXN100779,2026-06-15 14:10:33,2026-06-15,1993.85,Food & Dining,Mobile Wallet,Ahmedabad,India,Mobile,Android,0,0,0,14,Monday,2026-06,0,0,-0.2483632133899396
TXN100780,2026-03-20 12:34:16,2026-03-20,1185.1,Travel,Online,Jaipur,India,Digital,iOS,0,0,0,12,Friday,2026-03,0,0,-0.26000564431973977
TXN100781,2026-01-30 19:15:45,2026-01-30,1474.0,Electronics,Online,Delhi,India,Digital,Android,0,0,0,19,Friday,2026-01,0,0,-0.2538691632353677
TXN100782,2026-04-16 06:09:51,2026-04-16,3176.44,Electronics,POS,Hyderabad,India,In-Store,iOS,0,0,0,6,Thursday,2026-04,0,0,-0.21025492438245713
TXN100783,2026-02-20 20:12:22,2026-02-20,882.41,Grocery,Bank Transfer,Ahmedabad,India,Digital,iOS,0,0,0,20,Friday,2026-02,0,0,-0.2611164770882655
TXN100784,2026-03-22 08:03:12,2026-03-22,467.5,Healthcare,Online,Ahmedabad,India,Digital,Android,0,0,0,8,Sunday,2026-03,0,0,-0.23165365393307719
TXN100785,2026-05-13 22:38:51,2026-05-13,409.78,Entertainment,Online,Jaipur,India,Digital,Android,1,0,0,22,Wednesday,2026-05,0,0,-0.018686829670800598
TXN100786,2026-01-29 13:33:23,2026-01-29,951.6,Jewelry,POS,Unknown,India,In-Store,Windows,0,0,0,13,Thursday,2026-01,0,0,-0.2562644413694883
TXN100787,2026-05-12 17:37:57,2026-05-12,827.58,Healthcare,Mobile Wallet,Mumbai,India,Mobile,Android,0,0,0,17,Tuesday,2026-05,0,0,-0.25646010302245065
TXN100788,2026-05-18 03:40:10,2026-05-18,2190.55,Grocery,Bank Transfer,Jaipur,India,Digital,iOS,0,0,0,3,Monday,2026-05,1,0,-0.19159578395476606
TXN100789,2026-05-25 23:08:49,2026-05-25,3340.87,Online Services,POS,Mumbai,India,In-Store,Android,0,0,1,23,Monday,2026-05,1,0,-0.14527133242927326
TXN100790,2026-03-15 07:17:50,2026-03-15,3330.37,Online Services,Online,Bengaluru,India,Digital,Android,0,0,0,7,Sunday,2026-03,0,0,-0.20328585214158718
TXN100791,2026-01-17 17:13:28,2026-01-17,625.87,Fashion,POS,Bengaluru,India,In-Store,Windows,0,0,0,17,Saturday,2026-01,0,0,-0.24639967942140134
TXN100792,2026-03-25 01:26:37,2026-03-25,576.75,Food & Dining,Online,Jaipur,India,Digital,Windows,0,0,0,1,Wednesday,2026-03,1,0,-0.19516163118158836
TXN100793,2026-03-10 02:04:12,2026-03-10,257.05,Jewelry,Online,Mumbai,India,Digital,MacOS,0,1,0,2,Tuesday,2026-03,1,0,-0.03187690818726174
TXN100794,2026-02-03 11:31:26,2026-02-03,1099.29,Food & Dining,Mobile Wallet,Kolkata,India,Mobile,Windows,0,0,0,11,Tuesday,2026-02,0,0,-0.260532791796482
TXN100795,2026-01-06 04:07:39,2026-01-06,2225.59,Online Services,Mobile Wallet,Delhi,India,Mobile,Android,0,0,0,4,Tuesday,2026-01,1,0,-0.19162985489368534
TXN100796,2026-02-22 07:33:56,2026-02-22,623.07,Grocery,Online,Kolkata,India,Digital,Android,0,0,0,7,Sunday,2026-02,0,0,-0.24736860181726672
TXN100797,2026-05-06 08:51:39,2026-05-06,335.59,Electronics,Online,Mumbai,India,Digital,Android,0,0,0,8,Wednesday,2026-05,0,0,-0.18811154426119187
TXN100798,2026-02-12 08:54:43,2026-02-12,4957.53,Fashion,POS,Lucknow,India,In-Store,MacOS,0,1,0,8,Thursday,2026-02,0,0,-0.074097052282593
TXN100799,2026-04-25 18:48:28,2026-04-25,623.83,Food & Dining,POS,Lucknow,India,In-Store,iOS,0,0,0,18,Saturday,2026-04,0,0,-0.24736860181726672
TXN100800,2026-04-21 04:37:43,2026-04-21,1002.36,Utilities,Online,Ahmedabad,India,Digital,Android,0,1,0,4,Tuesday,2026-04,1,0,-0.11146082520673861
TXN100801,2026-05-31 05:17:33,2026-05-31,755.1,Jewelry,POS,Lucknow,India,In-Store,iOS,0,0,0,5,Sunday,2026-05,1,0,-0.20724616509919613
TXN100802,2026-03-21 03:04:45,2026-03-21,377.39,Fashion,Online,Lucknow,India,Digital,Windows,0,2,0,3,Saturday,2026-03,1,1,0.05006141670384878
TXN100803,2026-04-05 08:29:24,2026-04-05,2256.35,Grocery,Bank Transfer,Delhi,India,Digital,Android,0,0,0,8,Sunday,2026-04,0,0,-0.2428331428528518
TXN100804,2026-04-28 16:24:55,2026-04-28,270.65,Utilities,Bank Transfer,Bengaluru,India,Digital,Android,0,1,0,16,Tuesday,2026-04,0,0,-0.0793349456529241
TXN100805,2026-05-24 19:18:37,2026-05-24,2695.89,Entertainment,ATM,Ahmedabad,India,ATM,Android,0,0,0,19,Sunday,2026-05,0,0,-0.2283913104570756
TXN100806,2026-01-08 05:52:33,2026-01-08,1358.91,Electronics,POS,Bengaluru,India,In-Store,MacOS,0,0,0,5,Thursday,2026-01,1,0,-0.2106793493163947
TXN100807,2026-05-12 01:27:27,2026-05-12,884.52,Food & Dining,Mobile Wallet,Mumbai,India,Mobile,Android,0,0,0,1,Tuesday,2026-05,1,0,-0.21018811033426305
TXN100808,2026-04-14 02:55:53,2026-04-14,896.43,Healthcare,Mobile Wallet,Jaipur,India,Mobile,iOS,0,0,0,2,Tuesday,2026-04,1,0,-0.21221503126386082
TXN100809,2026-05-12 05:46:51,2026-05-12,1577.22,Utilities,Online,Ahmedabad,India,Digital,MacOS,0,1,0,5,Tuesday,2026-05,1,0,-0.1125102731392269
TXN100810,2026-01-25 01:42:15,2026-01-25,655.73,Food & Dining,Online,Hyderabad,India,Digital,Windows,0,2,0,1,Sunday,2026-01,1,1,0.03520158751253444
TXN100811,2026-04-06 01:32:53,2026-04-06,1263.2,Travel,POS,Ahmedabad,India,In-Store,Android,0,1,0,1,Monday,2026-04,1,0,-0.11540810950051228
TXN100812,2026-06-04 22:01:07,2026-06-04,538.87,Jewelry,Online,Chennai,India,Digital,Android,0,0,0,22,Thursday,2026-06,0,0,-0.23459195774295416
TXN100813,2026-04-03 01:59:49,2026-04-03,196.21,Entertainment,POS,Bengaluru,India,In-Store,Windows,0,1,0,1,Friday,2026-04,1,0,-0.006485746165380224
TXN100814,2026-06-09 22:14:37,2026-06-09,1796.49,Fashion,ATM,Mumbai,India,ATM,Android,1,0,0,22,Tuesday,2026-06,0,0,-0.042396443104618875
TXN100815,2026-06-27 12:07:26,2026-06-27,7705.83,Travel,POS,Lucknow,India,In-Store,Windows,0,0,0,12,Saturday,2026-06,0,0,-0.05885694374218131
TXN100816,2026-03-02 21:17:03,2026-03-02,1724.76,Healthcare,POS,Chennai,India,In-Store,Windows,0,0,0,21,Monday,2026-03,0,0,-0.25400697852338633
TXN100817,2026-05-02 14:54:47,2026-05-02,1055.81,Travel,POS,Pune,India,In-Store,Windows,0,0,0,14,Saturday,2026-05,0,0,-0.259707964499478
TXN100818,2026-02-20 18:58:32,2026-02-20,798.48,Electronics,Mobile Wallet,Hyderabad,India,Mobile,Android,0,0,0,18,Friday,2026-02,0,0,-0.2553227682642294
TXN100819,2026-05-27 07:39:24,2026-05-27,818.76,Food & Dining,Online,Kolkata,India,Digital,iOS,0,0,0,7,Wednesday,2026-05,0,0,-0.25663513793929876
TXN100820,2026-01-21 08:00:35,2026-01-21,798.43,Travel,ATM,Bengaluru,India,ATM,Android,0,0,0,8,Wednesday,2026-01,0,0,-0.2550136511915754
TXN100821,2026-01-05 17:06:27,2026-01-05,1285.87,Entertainment,Online,Kolkata,India,Digital,MacOS,0,0,0,17,Monday,2026-01,0,0,-0.26023466005656776
TXN100822,2026-04-02 02:08:17,2026-04-02,162.54,Grocery,Online,Mumbai,India,Digital,iOS,0,0,0,2,Thursday,2026-04,1,0,-0.014998993113271575
TXN100823,2026-06-19 22:16:05,2026-06-19,141.43,Entertainment,POS,Kolkata,India,In-Store,iOS,0,1,0,22,Friday,2026-06,0,0,-0.008156752197838402
TXN100824,2026-03-02 20:32:02,2026-03-02,1573.34,Travel,Online,Mumbai,India,Digital,Android,1,2,0,20,Monday,2026-03,0,1,0.07066505362751718
TXN100825,2026-01-22 04:44:06,2026-01-22,935.14,Grocery,Online,Mumbai,India,Digital,Windows,0,1,0,4,Thursday,2026-01,1,0,-0.10673755123414963
TXN100826,2026-05-29 16:03:43,2026-05-29,498.39,Grocery,Online,Delhi,India,Digital,Android,0,0,0,16,Friday,2026-05,0,0,-0.23377839582894894
TXN100827,2026-03-11 20:26:20,2026-03-11,487.56,Jewelry,POS,Delhi,India,In-Store,Windows,0,0,0,20,Wednesday,2026-03,0,0,-0.23286521971166696
TXN100828,2026-01-01 14:49:30,2026-01-01,701.93,Online Services,Bank Transfer,Hyderabad,India,Digital,MacOS,0,0,0,14,Thursday,2026-01,0,0,-0.24736047145067208
TXN100829,2026-05-13 02:40:15,2026-05-13,784.72,Electronics,Online,Mumbai,India,Digital,Android,0,0,0,2,Wednesday,2026-05,1,0,-0.20858383267121577
TXN100830,2026-01-12 01:24:20,2026-01-12,3424.38,Utilities,ATM,Hyderabad,India,ATM,Unknown,0,0,0,1,Monday,2026-01,1,0,-0.14219931360108518
TXN100831,2026-03-31 21:13:56,2026-03-31,465.89,Entertainment,Online,Delhi,India,Digital,iOS,1,0,0,21,Tuesday,2026-03,0,0,-0.021783252515783502
TXN100832,2026-02-15 16:48:39,2026-02-15,2020.62,Jewelry,ATM,Hyderabad,India,ATM,Android,0,0,0,16,Sunday,2026-02,0,0,-0.2480370265412819
TXN100833,2026-02-03 19:45:17,2026-02-03,1758.49,Fashion,POS,Hyderabad,India,In-Store,Android,0,0,0,19,Tuesday,2026-02,0,0,-0.254147028946239
TXN100834,2026-06-26 16:59:18,2026-06-26,927.47,Healthcare,ATM,Jaipur,India,ATM,iOS,0,0,0,16,Friday,2026-06,0,0,-0.2594487904489545
TXN100835,2026-03-19 09:39:42,2026-03-19,2022.29,Grocery,Mobile Wallet,Jaipur,India,Mobile,Android,0,0,0,9,Thursday,2026-03,0,0,-0.24763106877127083
TXN100836,2026-02-14 23:48:29,2026-02-14,1561.4,Fashion,Mobile Wallet,Mumbai,India,Mobile,Windows,0,0,0,23,Saturday,2026-02,1,0,-0.20709931923888092
TXN100837,2026-06-04 21:48:53,2026-06-04,401.44,Jewelry,Online,Chennai,India,Digital,iOS,0,0,0,21,Thursday,2026-06,0,0,-0.2096496036068362
TXN100838,2026-03-14 16:10:55,2026-03-14,682.21,Food & Dining,Mobile Wallet,Kolkata,India,Mobile,Android,0,0,0,16,Saturday,2026-03,0,0,-0.24675427753199164
TXN100839,2026-01-26 20:11:24,2026-01-26,1495.5,Travel,Online,Hyderabad,India,Digital,Android,0,0,0,20,Monday,2026-01,0,0,-0.2546733965159
TXN100840,2026-02-16 15:48:38,2026-02-16,679.67,Grocery,Mobile Wallet,Chennai,India,Mobile,iOS,0,0,1,15,Monday,2026-02,0,0,-0.24579481874656506
TXN100841,2026-05-01 23:24:44,2026-05-01,1787.54,Healthcare,Online,Delhi,India,Digital,Windows,0,0,1,23,Friday,2026-05,1,0,-0.20694073826718484
TXN100842,2026-02-25 22:05:58,2026-02-25,2779.48,Entertainment,POS,Bengaluru,India,In-Store,Unknown,0,0,0,22,Wednesday,2026-02,0,0,-0.225311168654119
TXN100843,2026-04-04 23:45:49,2026-04-04,1073.08,Fashion,Online,Kolkata,India,Digital,MacOS,0,2,0,23,Saturday,2026-04,1,1,0.029992039807586024
TXN100844,2026-04-17 22:37:02,2026-04-17,675.4,Jewelry,Online,Lucknow,India,Digital,iOS,0,0,0,22,Friday,2026-04,0,0,-0.24551708785475074
TXN100845,2026-03-04 07:00:56,2026-03-04,616.65,Grocery,Bank Transfer,Kolkata,India,Digital,MacOS,0,0,0,7,Wednesday,2026-03,0,0,-0.24790520482868428
TXN100846,2026-02-17 08:20:05,2026-02-17,819.37,Travel,Mobile Wallet,Hyderabad,India,Mobile,MacOS,0,0,0,8,Tuesday,2026-02,0,0,-0.25663513793929876
TXN100847,2026-03-02 01:50:38,2026-03-02,774.81,Online Services,ATM,Mumbai,India,ATM,iOS,0,0,0,1,Monday,2026-03,1,0,-0.20920032394395105
TXN100848,2026-03-22 10:23:39,2026-03-22,2189.05,Travel,Bank Transfer,Mumbai,India,Digital,iOS,0,0,0,10,Sunday,2026-03,0,0,-0.24191555322537217
TXN100849,2026-01-26 09:16:17,2026-01-26,685.96,Travel,Bank Transfer,Hyderabad,India,Digital,Android,1,0,0,9,Monday,2026-01,0,0,-0.044365750011502114
TXN100850,2026-02-05 11:58:36,2026-02-05,952.79,Food & Dining,Online,Hyderabad,India,Digital,MacOS,0,0,0,11,Thursday,2026-02,0,0,-0.2562644413694883
TXN100851,2026-01-01 10:10:34,2026-01-01,2046.26,Utilities,Online,Pune,India,Digital,Windows,0,0,0,10,Thursday,2026-01,0,0,-0.24873653784651145
TXN100852,2026-01-08 22:51:31,2026-01-08,842.19,Grocery,Online,Kolkata,India,Digital,iOS,0,0,0,22,Thursday,2026-01,0,0,-0.257846382356725
TXN100853,2026-04-23 06:29:42,2026-04-23,768.65,Jewelry,POS,Jaipur,India,In-Store,Android,0,1,1,6,Thursday,2026-04,0,0,-0.18655182536469006
TXN100854,2026-04-09 15:34:23,2026-04-09,2201.88,Utilities,Online,Jaipur,India,Digital,Windows,0,0,0,15,Thursday,2026-04,0,0,-0.24300526443481002
TXN100855,2026-06-29 06:13:14,2026-06-29,2773.89,Electronics,Online,Lucknow,India,Digital,Android,0,0,0,6,Monday,2026-06,0,0,-0.2256310669137968
TXN100856,2026-02-16 18:49:49,2026-02-16,1130.82,Healthcare,Online,Chennai,India,Digital,iOS,0,0,0,18,Monday,2026-02,0,0,-0.26116076042459013
TXN100857,2026-05-07 00:14:24,2026-05-07,4140.45,Fashion,Online,Lucknow,India,Digital,Android,0,0,1,0,Thursday,2026-05,1,0,-0.10537622715624462
TXN100858,2026-02-25 11:10:22,2026-02-25,1252.13,Fashion,Mobile Wallet,Bengaluru,India,Mobile,Windows,0,0,0,11,Wednesday,2026-02,0,0,-0.25946201248203005
TXN100859,2026-01-14 03:47:46,2026-01-14,2210.71,Utilities,Online,Bengaluru,India,Digital,Windows,0,0,0,3,Wednesday,2026-01,1,0,-0.1926490138970871
TXN100860,2026-01-28 05:49:15,2026-01-28,5239.63,Jewelry,POS,Pune,India,In-Store,Android,0,0,0,5,Wednesday,2026-01,1,0,-0.07702603734998026
TXN100861,2026-03-19 22:44:05,2026-03-19,663.19,Grocery,ATM,Mumbai,India,ATM,Android,0,0,0,22,Thursday,2026-03,0,0,-0.2446485252364054
TXN100862,2026-05-10 19:19:50,2026-05-10,722.66,Fashion,POS,Kolkata,India,In-Store,Android,0,1,0,19,Sunday,2026-05,0,0,-0.18405775862570978
TXN100863,2026-04-19 18:27:51,2026-04-19,2078.77,Food & Dining,Online,Bengaluru,India,Digital,iOS,0,0,0,18,Sunday,2026-04,0,0,-0.2490864330854899
TXN100864,2026-06-03 12:01:38,2026-06-03,964.42,Fashion,POS,Chennai,India,In-Store,Android,0,0,0,12,Wednesday,2026-06,0,0,-0.25531952175271583
TXN100865,2026-01-14 17:31:48,2026-01-14,516.59,Fashion,Online,Kolkata,India,Digital,Android,0,0,0,17,Wednesday,2026-01,0,0,-0.23451874196989608
TXN100866,2026-02-25 13:35:24,2026-02-25,829.36,Grocery,POS,Kolkata,India,In-Store,Windows,0,0,0,13,Wednesday,2026-02,0,0,-0.25702320779970117
TXN100867,2026-04-25 04:38:29,2026-04-25,1561.34,Healthcare,Online,Jaipur,India,Digital,Android,0,0,0,4,Saturday,2026-04,1,0,-0.20709931923888092
TXN100868,2026-01-07 02:42:06,2026-01-07,1118.44,Fashion,POS,Mumbai,India,In-Store,iOS,0,0,0,2,Wednesday,2026-01,1,0,-0.22348420002735347
TXN100869,2026-01-03 16:53:44,2026-01-03,1249.47,Electronics,Bank Transfer,Bengaluru,India,Digital,Android,0,0,0,16,Saturday,2026-01,0,0,-0.26023473421420035
TXN100870,2026-04-21 11:15:42,2026-04-21,2612.21,Utilities,POS,Jaipur,India,In-Store,Android,0,0,0,11,Tuesday,2026-04,0,0,-0.2303494563593123
TXN100871,2026-05-31 05:37:25,2026-05-31,2819.74,Utilities,POS,Ahmedabad,India,In-Store,iOS,0,0,0,5,Sunday,2026-05,1,0,-0.16707979896419733
TXN100872,2026-04-17 09:39:13,2026-04-17,850.83,Food & Dining,POS,Delhi,India,In-Store,iOS,0,0,0,9,Friday,2026-04,0,0,-0.2571557686772885
TXN100873,2026-01-18 22:09:48,2026-01-18,5919.9,Travel,Mobile Wallet,Ahmedabad,India,Mobile,Android,0,1,0,22,Sunday,2026-01,0,0,-0.05828200513884063
TXN100874,2026-02-07 05:55:16,2026-02-07,464.48,Entertainment,Online,Ahmedabad,India,Digital,Android,0,0,0,5,Saturday,2026-02,1,0,-0.17889506236414265
TXN100875,2026-04-25 23:31:38,2026-04-25,357.79,Travel,Bank Transfer,Delhi,India,Digital,Android,0,1,0,23,Saturday,2026-04,1,0,-0.053128732327739736
TXN100876,2026-01-15 04:26:00,2026-01-15,405.97,Electronics,Bank Transfer,Ahmedabad,India,Digital,Android,0,0,0,4,Thursday,2026-01,1,0,-0.15965649841316987
TXN100877,2026-04-29 08:33:11,2026-04-29,429.65,Healthcare,POS,Bengaluru,India,In-Store,Android,1,0,0,8,Wednesday,2026-04,0,0,-0.020573710285482272
TXN100878,2026-01-28 07:00:16,2026-01-28,2011.15,Grocery,Online,Kolkata,India,Digital,Android,0,0,0,7,Wednesday,2026-01,0,0,-0.24832209479118494
TXN100879,2026-02-08 09:01:07,2026-02-08,4212.15,Grocery,POS,Jaipur,India,In-Store,iOS,0,0,0,9,Sunday,2026-02,0,0,-0.17302211690461755
TXN100880,2026-01-17 17:53:47,2026-01-17,4352.88,Grocery,Online,Hyderabad,India,Digital,Android,0,0,0,17,Saturday,2026-01,0,0,-0.16921397519491538
TXN100881,2026-03-27 17:14:07,2026-03-27,242.82,Electronics,Online,Pune,India,Digital,iOS,0,0,0,17,Friday,2026-03,0,0,-0.13493444521355868
TXN100882,2026-05-06 20:21:30,2026-05-06,2176.47,Grocery,Online,Jaipur,India,Digital,iOS,0,0,0,20,Wednesday,2026-05,0,0,-0.2440727192812791
TXN100883,2026-02-13 13:03:34,2026-02-13,3720.65,Jewelry,Online,Chennai,India,Digital,Android,0,0,0,13,Friday,2026-02,0,0,-0.19422496802392886
TXN100884,2026-01-25 01:07:58,2026-01-25,2436.58,Travel,POS,Mumbai,India,In-Store,iOS,0,0,0,1,Sunday,2026-01,1,0,-0.18666317301968655
TXN100885,2026-05-25 21:46:29,2026-05-25,660.7,Electronics,Mobile Wallet,Bengaluru,India,Mobile,iOS,0,0,0,21,Monday,2026-05,0,0,-0.24395572306654006
TXN100886,2026-01-13 14:01:59,2026-01-13,1254.79,Travel,Online,Jaipur,India,Digital,Android,0,0,0,14,Tuesday,2026-01,0,0,-0.2604848980661118
TXN100887,2026-01-25 01:07:22,2026-01-25,512.24,Jewelry,Mobile Wallet,Bengaluru,India,Mobile,Android,0,0,0,1,Sunday,2026-01,1,0,-0.1851066698547753
TXN100888,2026-03-09 13:37:32,2026-03-09,1994.09,Food & Dining,Mobile Wallet,Lucknow,India,Mobile,iOS,0,0,0,13,Monday,2026-03,0,0,-0.2483632133899396
TXN100889,2026-05-18 03:59:49,2026-05-18,340.06,Fashion,Mobile Wallet,Delhi,India,Mobile,iOS,0,0,0,3,Monday,2026-05,1,0,-0.13593594498501949
TXN100890,2026-03-08 18:55:11,2026-03-08,1897.52,Online Services,Mobile Wallet,Hyderabad,India,Mobile,Windows,0,1,0,18,Sunday,2026-03,0,0,-0.17520706202162384
TXN100891,2026-04-19 14:05:33,2026-04-19,621.38,Fashion,POS,Chennai,India,In-Store,Windows,0,1,0,14,Sunday,2026-04,0,0,-0.17375246297466362
TXN100892,2026-05-26 09:39:14,2026-05-26,1466.4,Fashion,Online,Kolkata,India,Digital,Windows,0,0,0,9,Tuesday,2026-05,0,0,-0.2542773957957534
TXN100893,2026-04-21 05:10:24,2026-04-21,895.34,Electronics,POS,Kolkata,India,In-Store,Android,0,1,0,5,Tuesday,2026-04,1,0,-0.10637687561029552
TXN100894,2026-04-21 23:51:26,2026-04-21,821.99,Fashion,POS,Jaipur,India,In-Store,Android,0,0,0,23,Tuesday,2026-04,1,0,-0.20655761550625623
TXN100895,2026-02-03 07:24:41,2026-02-03,2338.86,Travel,Mobile Wallet,Ahmedabad,India,Mobile,Android,0,0,0,7,Tuesday,2026-02,0,0,-0.2404408967997831
TXN100896,2026-04-21 22:30:06,2026-04-21,3718.91,Healthcare,Mobile Wallet,Delhi,India,Mobile,Android,0,0,0,22,Tuesday,2026-04,0,0,-0.19422496802392886
TXN100897,2026-01-08 06:51:44,2026-01-08,548.96,Travel,POS,Ahmedabad,India,In-Store,Android,0,1,0,6,Thursday,2026-01,0,0,-0.16571596908097835
TXN100898,2026-06-17 02:04:53,2026-06-17,1273.23,Food & Dining,POS,Ahmedabad,India,In-Store,Windows,0,1,0,2,Wednesday,2026-06,1,0,-0.11603801436953887
TXN100899,2026-04-23 19:20:39,2026-04-23,459.82,Grocery,Online,Chennai,India,Digital,iOS,0,0,0,19,Thursday,2026-04,0,0,-0.23027517888470816
TXN100900,2026-03-24 15:06:23,2026-03-24,758.69,Electronics,Online,Bengaluru,India,Digital,Windows,0,0,0,15,Tuesday,2026-03,0,0,-0.2516240925992332
TXN100901,2026-02-11 00:49:54,2026-02-11,613.1,Fashion,POS,Jaipur,India,In-Store,Unknown,0,1,0,0,Wednesday,2026-02,1,0,-0.08563539793588992
TXN100902,2026-06-18 19:14:40,2026-06-18,400.48,Jewelry,POS,Kolkata,India,In-Store,iOS,1,0,0,19,Thursday,2026-06,0,0,-0.019537606733654678
TXN100903,2026-04-11 13:07:14,2026-04-11,2559.07,Fashion,Bank Transfer,Mumbai,India,Digital,Android,0,0,0,13,Saturday,2026-04,0,0,-0.2303176666344462
TXN100904,2026-01-06 13:08:11,2026-01-06,1191.25,Entertainment,POS,Ahmedabad,India,In-Store,iOS,0,0,0,13,Tuesday,2026-01,0,0,-0.2606825173227412
TXN100905,2026-06-29 01:33:14,2026-06-29,708.16,Travel,Mobile Wallet,Lucknow,India,Mobile,Android,0,0,0,1,Monday,2026-06,1,0,-0.20351874705766815
TXN100906,2026-01-26 02:02:51,2026-01-26,1046.75,Grocery,ATM,Chennai,India,ATM,Android,0,0,0,2,Monday,2026-01,1,0,-0.2236806787168108
TXN100907,2026-03-05 13:08:35,2026-03-05,2855.66,Grocery,Mobile Wallet,Pune,India,Mobile,Android,0,0,0,13,Thursday,2026-03,0,0,-0.2198203986837292
TXN100908,2026-02-28 23:12:44,2026-02-28,2495.2,Travel,Online,Jaipur,India,Digital,MacOS,0,1,1,23,Saturday,2026-02,1,0,-0.08633621447697859
TXN100909,2026-04-19 22:05:26,2026-04-19,1714.11,Electronics,Mobile Wallet,Lucknow,India,Mobile,MacOS,0,0,0,22,Sunday,2026-04,0,0,-0.254578461039638
TXN100910,2026-05-01 04:37:06,2026-05-01,641.94,Electronics,Bank Transfer,Ahmedabad,India,Digital,Windows,0,0,0,4,Friday,2026-05,1,0,-0.1955821585749853
TXN100911,2026-02-02 23:53:25,2026-02-02,1206.49,Utilities,Online,Bengaluru,India,Digital,MacOS,0,0,0,23,Monday,2026-02,1,0,-0.21762570181856622
TXN100912,2026-06-30 01:58:50,2026-06-30,458.16,Grocery,Online,Chennai,India,Digital,iOS,0,2,0,1,Tuesday,2026-06,1,1,0.04417010057162063
TXN100913,2026-05-30 01:53:48,2026-05-30,1022.68,Food & Dining,Mobile Wallet,Hyderabad,India,Mobile,MacOS,0,0,1,1,Saturday,2026-05,1,0,-0.22270406618134164
TXN100914,2026-01-21 15:58:34,2026-01-21,2397.93,Fashion,Online,Mumbai,India,Digital,Android,1,0,0,15,Wednesday,2026-01,0,0,-0.026843464683561247
TXN100915,2026-03-11 14:37:44,2026-03-11,2781.01,Food & Dining,POS,Chennai,India,In-Store,Android,0,0,0,14,Wednesday,2026-03,0,0,-0.225311168654119
TXN100916,2026-04-22 04:58:03,2026-04-22,655.74,Food & Dining,POS,Lucknow,India,In-Store,iOS,0,0,0,4,Wednesday,2026-04,1,0,-0.19604568570637165
TXN100917,2026-01-04 11:57:39,2026-01-04,2134.73,Travel,ATM,Kolkata,India,ATM,Android,0,0,0,11,Sunday,2026-01,0,0,-0.24547741274089457
TXN100918,2026-04-04 23:21:18,2026-04-04,1811.24,Travel,Mobile Wallet,Mumbai,India,Mobile,Windows,0,1,0,23,Saturday,2026-04,1,0,-0.1101975299423612
TXN100919,2026-03-16 11:55:32,2026-03-16,904.62,Healthcare,POS,Hyderabad,India,In-Store,Android,0,1,0,11,Monday,2026-03,0,0,-0.18533439171730892
TXN100920,2026-03-03 17:01:09,2026-03-03,1992.0,Online Services,POS,Pune,India,In-Store,Windows,0,1,0,17,Tuesday,2026-03,0,0,-0.17030840733716512
TXN100921,2026-04-04 21:06:26,2026-04-04,2924.92,Electronics,Mobile Wallet,Jaipur,India,Mobile,MacOS,0,0,0,21,Saturday,2026-04,0,0,-0.2158559660094746
TXN100922,2026-04-05 23:52:39,2026-04-05,2165.76,Grocery,Bank Transfer,Ahmedabad,India,Digital,iOS,0,0,1,23,Sunday,2026-04,1,0,-0.19251976468206217
TXN100923,2026-06-01 00:33:55,2026-06-01,472.03,Online Services,Mobile Wallet,Delhi,India,Mobile,Android,0,1,0,0,Monday,2026-06,1,0,-0.07166594384832325
TXN100924,2026-02-24 11:19:05,2026-02-24,877.85,Fashion,POS,Bengaluru,India,In-Store,iOS,0,0,0,11,Tuesday,2026-02,0,0,-0.25976859667203206
TXN100925,2026-05-17 04:47:21,2026-05-17,1509.74,Food & Dining,Online,Lucknow,India,Digital,Android,0,1,0,4,Sunday,2026-05,1,0,-0.114091535715385
TXN100926,2026-05-11 14:42:55,2026-05-11,576.63,Fashion,POS,Chennai,India,In-Store,Android,0,0,0,14,Monday,2026-05,0,0,-0.24014537913136713
TXN100927,2026-01-31 06:25:54,2026-01-31,3813.72,Grocery,Bank Transfer,Kolkata,India,Digital,Windows,0,0,0,6,Saturday,2026-01,0,0,-0.1900531938584818
TXN100928,2026-02-09 07:07:05,2026-02-09,1409.18,Food & Dining,Online,Bengaluru,India,Digital,Android,1,0,0,7,Monday,2026-02,0,0,-0.054594918331905884
TXN100929,2026-02-05 12:29:10,2026-02-05,762.91,Food & Dining,Online,Kolkata,India,Digital,Android,0,0,0,12,Thursday,2026-02,0,0,-0.25235510941143496
TXN100930,2026-06-01 15:39:56,2026-06-01,725.71,Electronics,Online,Chennai,India,Digital,Android,1,0,1,15,Monday,2026-06,0,0,-0.04589020317367254
TXN100931,2026-01-06 03:42:11,2026-01-06,628.83,Food & Dining,POS,Lucknow,India,In-Store,Windows,0,0,0,3,Tuesday,2026-01,1,0,-0.19289738150925778
TXN100932,2026-03-07 17:45:27,2026-03-07,1928.84,Utilities,Bank Transfer,Pune,India,Digital,iOS,0,0,0,17,Saturday,2026-03,0,0,-0.24947605218064867
TXN100933,2026-03-16 23:57:06,2026-03-16,2121.43,Entertainment,Online,Pune,India,Digital,Windows,0,0,0,23,Monday,2026-03,1,0,-0.19554669779446132
TXN100934,2026-01-04 23:31:59,2026-01-04,644.78,Grocery,Bank Transfer,Hyderabad,India,Digital,Android,0,0,0,23,Sunday,2026-01,1,0,-0.19618715755514538
TXN100935,2026-03-20 17:30:14,2026-03-20,3552.52,Food & Dining,Mobile Wallet,Ahmedabad,India,Mobile,Android,0,1,0,17,Friday,2026-03,0,0,-0.11334419439525856
TXN100936,2026-05-14 10:55:46,2026-05-14,804.67,Healthcare,Online,Jaipur,India,Digital,iOS,0,1,0,10,Thursday,2026-05,0,0,-0.1873056313773711
TXN100937,2026-04-28 19:33:31,2026-04-28,579.68,Unknown,Bank Transfer,Delhi,India,Digital,iOS,0,0,0,19,Tuesday,2026-04,0,0,-0.2404955938122017
TXN100938,2026-04-23 15:07:58,2026-04-23,1606.47,Entertainment,Mobile Wallet,Jaipur,India,Mobile,Android,0,0,0,15,Thursday,2026-04,0,0,-0.2529110353068278
TXN100939,2026-04-04 03:24:14,2026-04-04,420.02,Electronics,Mobile Wallet,Hyderabad,India,Mobile,MacOS,0,0,0,3,Saturday,2026-04,1,0,-0.16665384892786145
TXN100940,2026-06-28 15:28:54,2026-06-28,367.94,Healthcare,Online,Pune,India,Digital,Windows,0,0,0,15,Sunday,2026-06,0,0,-0.198455712004458
TXN100941,2026-03-03 07:57:01,2026-03-03,511.53,Healthcare,Online,Kolkata,India,Digital,Android,0,0,0,7,Tuesday,2026-03,0,0,-0.23538233461843283
TXN100942,2026-03-20 21:14:01,2026-03-20,585.11,Grocery,Online,Hyderabad,India,Digital,Android,0,1,1,21,Friday,2026-03,0,0,-0.17042188275304532
TXN100943,2026-05-16 12:48:41,2026-05-16,1997.4,Fashion,Bank Transfer,Ahmedabad,India,Digital,Windows,0,0,0,12,Saturday,2026-05,0,0,-0.2483632133899396
TXN100944,2026-01-26 22:36:58,2026-01-26,388.78,Fashion,Bank Transfer,Lucknow,India,Digital,MacOS,0,1,0,22,Monday,2026-01,0,0,-0.12276698702737088
TXN100945,2026-06-28 16:43:17,2026-06-28,1472.96,Entertainment,Bank Transfer,Ahmedabad,India,Digital,Android,0,0,0,16,Sunday,2026-06,0,0,-0.25375484863318626
TXN100946,2026-06-22 23:29:37,2026-06-22,2150.02,Electronics,POS,Mumbai,India,In-Store,Android,0,0,0,23,Monday,2026-06,1,0,-0.1935288294996863
TXN100947,2026-02-13 11:47:11,2026-02-13,3483.35,Entertainment,Online,Ahmedabad,India,Digital,iOS,1,0,0,11,Friday,2026-02,0,0,-0.0033577034616495416
TXN100948,2026-05-13 01:20:37,2026-05-13,739.9,Online Services,ATM,Lucknow,India,ATM,Unknown,0,0,0,1,Wednesday,2026-05,1,0,-0.205141983130934
TXN100949,2026-03-11 23:06:03,2026-03-11,788.3,Utilities,POS,Bengaluru,India,In-Store,iOS,0,0,0,23,Wednesday,2026-03,1,0,-0.20766080533502324
TXN100950,2026-06-03 19:47:12,2026-06-03,5592.37,Online Services,Bank Transfer,Chennai,India,Digital,Windows,0,0,0,19,Wednesday,2026-06,0,0,-0.11740102301743605
TXN100951,2026-04-28 13:36:34,2026-04-28,3237.38,Jewelry,POS,Lucknow,India,In-Store,Android,0,1,0,13,Tuesday,2026-04,0,0,-0.11852925506792356
TXN100952,2026-03-09 21:57:59,2026-03-09,880.34,Grocery,POS,Ahmedabad,India,In-Store,iOS,1,0,0,21,Monday,2026-03,0,0,-0.05437203231142218
TXN100953,2026-01-19 03:30:15,2026-01-19,2744.45,Entertainment,Online,Pune,India,Digital,iOS,0,0,1,3,Monday,2026-01,1,0,-0.17181522740213262
TXN100954,2026-01-20 00:24:26,2026-01-20,1336.72,Fashion,Online,Hyderabad,India,Digital,MacOS,0,1,0,0,Tuesday,2026-01,1,0,-0.1160769746466751
TXN100955,2026-04-23 08:32:51,2026-04-23,1111.04,Online Services,Online,Hyderabad,India,Digital,MacOS,0,0,0,8,Thursday,2026-04,0,0,-0.2606218512088001
TXN100956,2026-05-20 23:18:06,2026-05-20,7995.25,Travel,Online,Hyderabad,India,Digital,Windows,1,0,0,23,Wednesday,2026-05,1,1,0.08044543351404276
TXN100957,2026-02-16 18:18:31,2026-02-16,2591.1,Jewelry,POS,Pune,India,In-Store,Windows,0,0,0,18,Monday,2026-02,0,0,-0.23081028976426704
TXN100958,2026-01-01 05:45:46,2026-01-01,4961.42,Entertainment,Online,Kolkata,India,Digital,Windows,0,0,1,5,Thursday,2026-01,1,0,-0.08807686375535828
TXN100959,2026-03-31 16:52:19,2026-03-31,468.83,Utilities,Online,Chennai,India,Digital,Windows,0,0,0,16,Tuesday,2026-03,0,0,-0.23196432328171457
TXN100960,2026-05-22 20:22:49,2026-05-22,4619.73,Grocery,Bank Transfer,Lucknow,India,Digital,Android,0,0,0,20,Friday,2026-05,0,0,-0.1545998593595504
TXN100961,2026-03-05 00:31:33,2026-03-05,967.7,Electronics,POS,Ahmedabad,India,In-Store,iOS,0,1,1,0,Thursday,2026-03,1,0,-0.10968817617512505
TXN100962,2026-02-07 08:29:33,2026-02-07,957.76,Utilities,ATM,Kolkata,India,ATM,MacOS,0,1,0,8,Saturday,2026-02,0,0,-0.18179288153824547
TXN100963,2026-02-06 11:21:14,2026-02-06,1497.97,Grocery,Bank Transfer,Ahmedabad,India,Digital,Windows,0,0,0,11,Friday,2026-02,0,0,-0.25439036244416796
TXN100964,2026-05-06 21:29:22,2026-05-06,1652.25,Utilities,ATM,Hyderabad,India,ATM,iOS,0,1,0,21,Wednesday,2026-05,0,0,-0.1776062455795417
TXN100965,2026-05-19 09:16:07,2026-05-19,2550.6,Grocery,Mobile Wallet,Ahmedabad,India,Mobile,Android,1,0,0,9,Tuesday,2026-05,0,0,-0.02285168775864732
TXN100966,2026-04-10 05:53:19,2026-04-10,2223.4,Entertainment,Online,Pune,India,Digital,iOS,0,0,0,5,Friday,2026-04,1,0,-0.19162985489368534
TXN100967,2026-03-18 20:38:48,2026-03-18,650.29,Fashion,Bank Transfer,Bengaluru,India,Digital,Android,0,1,0,20,Wednesday,2026-03,0,0,-0.17877395253995643
TXN100968,2026-01-03 16:02:04,2026-01-03,494.14,Entertainment,Mobile Wallet,Ahmedabad,India,Mobile,Android,0,0,0,16,Saturday,2026-01,0,0,-0.23307339745543282
TXN100969,2026-06-10 23:55:33,2026-06-10,941.03,Healthcare,Mobile Wallet,Kolkata,India,Mobile,Android,0,0,0,23,Wednesday,2026-06,1,0,-0.21585999821306934
TXN100970,2026-05-14 10:06:45,2026-05-14,1084.92,Fashion,Online,Lucknow,India,Digital,Android,0,0,0,10,Thursday,2026-05,0,0,-0.2602175385516857
TXN100971,2026-06-27 04:26:29,2026-06-27,1177.61,Grocery,POS,Chennai,India,In-Store,MacOS,0,0,0,4,Saturday,2026-06,1,0,-0.21923893918639215
TXN100972,2026-01-10 08:02:11,2026-01-10,3273.2,Grocery,Online,Hyderabad,India,Digital,Windows,0,0,0,8,Saturday,2026-01,0,0,-0.2025834579003034
TXN100973,2026-01-05 02:34:50,2026-01-05,1270.98,Food & Dining,ATM,Mumbai,India,ATM,Android,0,0,0,2,Monday,2026-01,1,0,-0.21827048313216663
TXN100974,2026-05-31 10:39:27,2026-05-31,9042.5,Food & Dining,Bank Transfer,Lucknow,India,Digital,Windows,0,1,0,10,Sunday,2026-05,0,0,-0.014134103646996299
TXN100975,2026-05-18 22:11:18,2026-05-18,3486.5,Healthcare,POS,Bengaluru,India,In-Store,Android,0,0,0,22,Monday,2026-05,0,0,-0.19893859459742047
TXN100976,2026-06-21 22:04:41,2026-06-21,861.67,Food & Dining,POS,Delhi,India,In-Store,iOS,0,0,0,22,Sunday,2026-06,0,0,-0.257158626971519
TXN100977,2026-05-10 21:11:38,2026-05-10,264.97,Fashion,Bank Transfer,Ahmedabad,India,Digital,Windows,0,1,0,21,Sunday,2026-05,0,0,-0.07489267367241825
TXN100978,2026-01-13 08:22:13,2026-01-13,7409.09,Fashion,POS,Ahmedabad,India,In-Store,Windows,0,0,0,8,Tuesday,2026-01,0,0,-0.06480428407785876
TXN100979,2026-06-17 07:30:52,2026-06-17,874.84,Grocery,Mobile Wallet,Chennai,India,Mobile,Android,1,2,0,7,Wednesday,2026-06,0,1,0.07534890560590168
TXN100980,2026-05-10 23:44:49,2026-05-10,2305.5,Fashion,Bank Transfer,Chennai,India,Digital,Windows,1,1,0,23,Sunday,2026-05,1,1,0.06444030201823892
TXN100981,2026-03-25 11:14:35,2026-03-25,643.05,Jewelry,Online,Hyderabad,India,Digital,MacOS,0,0,0,11,Wednesday,2026-03,0,0,-0.24605148098890872
TXN100982,2026-03-06 22:57:46,2026-03-06,3939.92,Online Services,ATM,Mumbai,India,ATM,Android,0,0,0,22,Friday,2026-03,0,0,-0.18441758055195406
TXN100983,2026-03-04 16:00:56,2026-03-04,2160.76,Travel,Online,Mumbai,India,Digital,Android,0,0,0,16,Wednesday,2026-03,0,0,-0.24393553000158263
TXN100984,2026-04-11 01:17:13,2026-04-11,459.58,Food & Dining,POS,Pune,India,In-Store,MacOS,0,0,0,1,Saturday,2026-04,1,0,-0.17666592514197327
TXN100985,2026-03-14 04:48:24,2026-03-14,229.54,Online Services,Mobile Wallet,Hyderabad,India,Mobile,MacOS,0,0,0,4,Saturday,2026-03,1,0,-0.066071132300622
TXN100986,2026-01-17 12:55:46,2026-01-17,1275.33,Fashion,Mobile Wallet,Hyderabad,India,Mobile,iOS,0,0,1,12,Saturday,2026-01,0,0,-0.26026603484806843
TXN100987,2026-01-09 01:56:48,2026-01-09,1632.23,Grocery,POS,Bengaluru,India,In-Store,Android,0,1,0,1,Friday,2026-01,1,0,-0.11376774256594668
TXN100988,2026-05-23 13:24:51,2026-05-23,2018.64,Grocery,Online,Jaipur,India,Digital,MacOS,0,0,0,13,Saturday,2026-05,0,0,-0.2480370265412819
TXN100989,2026-06-01 07:36:45,2026-06-01,588.62,Food & Dining,Online,Bengaluru,India,Digital,Android,0,1,0,7,Monday,2026-06,0,0,-0.17032747792553
TXN100990,2026-02-07 10:06:26,2026-02-07,655.23,Jewelry,POS,Ahmedabad,India,In-Store,Android,0,0,0,10,Saturday,2026-02,0,0,-0.2453685181046385
TXN100991,2026-06-12 05:47:07,2026-06-12,241.8,Healthcare,Online,Delhi,India,Digital,Android,0,1,0,5,Friday,2026-06,1,0,-0.02667658798373551
TXN100992,2026-04-04 09:10:40,2026-04-04,705.07,Grocery,POS,Hyderabad,India,In-Store,iOS,0,0,0,9,Saturday,2026-04,0,0,-0.2463567796313758
TXN100993,2026-04-05 16:45:54,2026-04-05,297.4,Electronics,Online,Mumbai,India,Digital,Android,0,1,0,16,Sunday,2026-04,0,0,-0.093745101188911
TXN100994,2026-02-18 21:49:03,2026-02-18,620.13,Utilities,POS,Chennai,India,In-Store,Android,0,0,0,21,Wednesday,2026-02,0,0,-0.24784609388709883
TXN100995,2026-03-10 05:02:37,2026-03-10,1425.85,Online Services,Online,Delhi,India,Digital,iOS,0,0,0,5,Tuesday,2026-03,1,0,-0.2087812243847565
TXN100996,2026-03-03 09:48:35,2026-03-03,1409.51,Entertainment,Mobile Wallet,Mumbai,India,Mobile,Android,0,1,0,9,Tuesday,2026-03,0,0,-0.18035269769717743
TXN100997,2026-06-27 09:58:52,2026-06-27,639.56,Entertainment,Bank Transfer,Mumbai,India,Digital,iOS,0,0,0,9,Saturday,2026-06,0,0,-0.2460362662913762
TXN100998,2026-03-19 05:52:44,2026-03-19,1363.3,Grocery,POS,Delhi,India,In-Store,Android,0,0,0,5,Thursday,2026-03,1,0,-0.21167567522685438
TXN100999,2026-04-27 04:00:14,2026-04-27,3577.52,Utilities,Online,Chennai,India,Digital,Android,0,0,0,4,Monday,2026-04,1,0,-0.1368112068656594
TXN101000,2026-04-30 03:58:47,2026-04-30,877.83,Utilities,POS,Jaipur,India,In-Store,MacOS,0,0,0,3,Thursday,2026-04,1,0,-0.20850751105290627
TXN101001,2026-05-17 00:15:46,2026-05-17,394.17,Travel,Online,Pune,India,Digital,iOS,0,0,0,0,Sunday,2026-05,1,0,-0.15684831813869404
TXN101002,2026-06-11 04:04:53,2026-06-11,2055.93,Healthcare,POS,Hyderabad,India,In-Store,MacOS,0,1,1,4,Thursday,2026-06,1,0,-0.1072549829419045
TXN101003,2026-03-17 07:34:01,2026-03-17,2627.05,Electronics,Mobile Wallet,Bengaluru,India,Mobile,iOS,0,0,0,7,Tuesday,2026-03,0,0,-0.22929281025571213
TXN101004,2026-02-04 04:19:00,2026-02-04,628.19,Grocery,ATM,Ahmedabad,India,ATM,MacOS,0,0,0,4,Wednesday,2026-02,1,0,-0.19289738150925778
TXN101005,2026-01-01 20:04:15,2026-01-01,631.92,Electronics,ATM,Bengaluru,India,ATM,Windows,0,0,0,20,Thursday,2026-01,0,0,-0.24751189176072175
TXN101006,2026-02-09 17:59:17,2026-02-09,224.39,Electronics,POS,Mumbai,India,In-Store,MacOS,0,0,0,17,Monday,2026-02,0,0,-0.11926526614002952
TXN101007,2026-03-05 11:26:43,2026-03-05,758.49,Fashion,Mobile Wallet,Hyderabad,India,Mobile,iOS,0,0,0,11,Thursday,2026-03,0,0,-0.2516240925992332
TXN101008,2026-05-30 06:58:01,2026-05-30,524.17,Fashion,Mobile Wallet,Chennai,India,Mobile,iOS,0,0,0,6,Saturday,2026-05,0,0,-0.2324990761813998
TXN101009,2026-03-01 17:11:01,2026-03-01,324.3,Food & Dining,POS,Chennai,India,In-Store,Android,0,0,0,17,Sunday,2026-03,0,0,-0.18607856070279155
TXN101010,2026-03-05 03:09:10,2026-03-05,819.08,Food & Dining,POS,Chennai,India,In-Store,MacOS,0,0,1,3,Thursday,2026-03,1,0,-0.20623256332543688
TXN101011,2026-04-03 15:25:12,2026-04-03,1092.31,Travel,POS,Ahmedabad,India,In-Store,Android,0,0,0,15,Friday,2026-04,0,0,-0.2597583334276492
TXN101012,2026-03-13 15:46:49,2026-03-13,943.64,Grocery,Online,Ahmedabad,India,Digital,MacOS,0,0,0,15,Friday,2026-03,0,0,-0.25920170747763077
TXN101013,2026-01-11 11:53:52,2026-01-11,846.31,Entertainment,ATM,Hyderabad,India,ATM,Android,0,0,0,11,Sunday,2026-01,0,0,-0.257846382356725
TXN101014,2026-04-15 07:52:49,2026-04-15,3712.58,Fashion,POS,Jaipur,India,In-Store,iOS,0,1,0,7,Wednesday,2026-04,0,0,-0.11393287847050626
TXN101015,2026-01-14 08:48:48,2026-01-14,1402.39,Travel,Online,Mumbai,India,Digital,Android,0,1,0,8,Wednesday,2026-01,0,0,-0.18100314362759679
TXN101016,2026-03-01 04:52:56,2026-03-01,1845.64,Online Services,Online,Chennai,India,Digital,Android,0,0,0,4,Sunday,2026-03,1,0,-0.20089859530327442
TXN101017,2026-01-30 08:03:21,2026-01-30,4668.11,Healthcare,POS,Chennai,India,In-Store,Android,0,0,0,8,Friday,2026-01,0,0,-0.15288216317384057
TXN101018,2026-02-04 23:09:44,2026-02-04,2415.16,Online Services,Mobile Wallet,Chennai,India,Mobile,iOS,0,1,0,23,Wednesday,2026-02,1,0,-0.0895516903291046
TXN101019,2026-06-14 00:06:30,2026-06-14,881.06,Food & Dining,POS,Ahmedabad,India,In-Store,iOS,0,0,0,0,Sunday,2026-06,1,0,-0.21004003065721438
TXN101020,2026-01-05 12:37:16,2026-01-05,249.04,Electronics,Bank Transfer,Jaipur,India,Digital,Windows,0,0,0,12,Monday,2026-01,0,0,-0.144779215306458
TXN101021,2026-03-24 03:12:49,2026-03-24,814.8,Healthcare,POS,Bengaluru,India,In-Store,Android,0,0,1,3,Tuesday,2026-03,1,0,-0.20664303529964434
TXN101022,2026-05-03 03:37:09,2026-05-03,3513.53,Electronics,ATM,Jaipur,India,ATM,iOS,0,1,0,3,Sunday,2026-05,1,0,-0.047544213854196715
TXN101023,2026-03-19 06:14:50,2026-03-19,2401.57,Fashion,POS,Ahmedabad,India,In-Store,Android,0,0,0,6,Thursday,2026-03,0,0,-0.23834859074873227
TXN101024,2026-06-03 12:44:35,2026-06-03,817.38,Grocery,ATM,Bengaluru,India,ATM,MacOS,0,0,0,12,Wednesday,2026-06,0,0,-0.25663513793929876
TXN101025,2026-03-03 01:37:47,2026-03-03,1029.43,Utilities,Online,Delhi,India,Digital,iOS,1,0,1,1,Tuesday,2026-03,1,1,0.009900086251579898
TXN101026,2026-05-12 22:27:00,2026-05-12,1214.7,Grocery,POS,Hyderabad,India,In-Store,Android,0,1,0,22,Tuesday,2026-05,0,0,-0.18472718745590866
TXN101027,2026-03-30 02:32:01,2026-03-30,669.96,Online Services,Online,Delhi,India,Digital,iOS,0,1,0,2,Monday,2026-03,1,0,-0.09192731087216899
TXN101028,2026-02-11 00:25:39,2026-02-11,702.82,Online Services,POS,Hyderabad,India,In-Store,iOS,0,0,0,0,Wednesday,2026-02,1,0,-0.20173774949137357
TXN101029,2026-03-30 04:43:47,2026-03-30,652.55,Food & Dining,Mobile Wallet,Chennai,India,Mobile,Windows,0,0,0,4,Monday,2026-03,1,0,-0.1958928209345036
TXN101030,2026-05-26 20:37:09,2026-05-26,1625.99,Healthcare,Online,Delhi,India,Digital,MacOS,0,1,0,20,Tuesday,2026-05,0,0,-0.1793782022380742
TXN101031,2026-02-09 02:28:41,2026-02-09,471.21,Entertainment,POS,Ahmedabad,India,In-Store,Android,0,1,0,2,Monday,2026-02,1,0,-0.07166594384832325
TXN101032,2026-03-13 14:00:35,2026-03-13,3475.52,Utilities,POS,Mumbai,India,In-Store,Android,0,0,0,14,Friday,2026-03,0,0,-0.2009234376084656
TXN101033,2026-02-08 02:51:50,2026-02-08,1091.19,Fashion,Mobile Wallet,Bengaluru,India,Mobile,iOS,0,0,1,2,Sunday,2026-02,1,0,-0.22189044724251167
TXN101034,2026-04-14 17:46:05,2026-04-14,452.76,Utilities,POS,Kolkata,India,In-Store,MacOS,0,0,0,17,Tuesday,2026-04,0,0,-0.22709150108382675
TXN101035,2026-01-14 19:25:22,2026-01-14,2491.91,Food & Dining,Bank Transfer,Lucknow,India,Digital,iOS,0,0,0,19,Wednesday,2026-01,0,0,-0.23392109393033506
TXN101036,2026-02-01 23:00:39,2026-02-01,3641.8,Jewelry,Mobile Wallet,Mumbai,India,Mobile,Android,0,0,0,23,Sunday,2026-02,1,0,-0.13401406796583293
TXN101037,2026-06-28 03:24:02,2026-06-28,13533.01,Food & Dining,POS,Delhi,India,In-Store,iOS,0,0,0,3,Sunday,2026-06,1,1,0.010197914990318524
TXN101038,2026-05-05 02:29:07,2026-05-05,3283.35,Food & Dining,POS,Bengaluru,India,In-Store,iOS,0,0,0,2,Tuesday,2026-05,1,0,-0.14607033268205138
TXN101039,2026-06-15 19:51:06,2026-06-15,544.49,Utilities,POS,Delhi,India,In-Store,Android,0,0,0,19,Monday,2026-06,0,0,-0.2350456891523095
TXN101040,2026-04-07 17:10:16,2026-04-07,1297.32,Utilities,Mobile Wallet,Delhi,India,Mobile,Windows,0,0,0,17,Tuesday,2026-04,0,0,-0.25969362295888454
TXN101041,2026-01-23 13:33:05,2026-01-23,8291.43,Food & Dining,Online,Pune,India,Digital,Android,0,0,0,13,Friday,2026-01,0,0,-0.04539325735357813
TXN101042,2026-03-04 00:08:27,2026-03-04,588.44,Electronics,POS,Kolkata,India,In-Store,Android,0,0,1,0,Wednesday,2026-03,1,0,-0.19589624114868037
TXN101043,2026-05-23 18:36:12,2026-05-23,397.03,Food & Dining,Bank Transfer,Unknown,India,Digital,MacOS,0,0,0,18,Saturday,2026-05,0,0,-0.20658416560817172
TXN101044,2026-06-02 07:32:31,2026-06-02,802.73,Jewelry,POS,Pune,India,In-Store,iOS,0,0,0,7,Tuesday,2026-06,0,0,-0.2561588663676876
TXN101045,2026-05-25 03:13:38,2026-05-25,486.98,Utilities,POS,Jaipur,India,In-Store,Android,0,1,0,3,Monday,2026-05,1,0,-0.07467547887954373
TXN101046,2026-02-22 20:38:06,2026-02-22,674.48,Utilities,POS,Ahmedabad,India,In-Store,Android,0,0,0,20,Sunday,2026-02,0,0,-0.24551708785475074
TXN101047,2026-04-14 04:28:42,2026-04-14,646.16,Grocery,Online,Ahmedabad,India,Digital,Windows,0,0,0,4,Tuesday,2026-04,1,0,-0.1954540254715877
TXN101048,2026-04-14 02:02:34,2026-04-14,1944.65,Food & Dining,POS,Pune,India,In-Store,Android,0,1,0,2,Tuesday,2026-04,1,0,-0.10666875811500187
TXN101049,2026-06-28 08:36:19,2026-06-28,388.67,Entertainment,POS,Chennai,India,In-Store,MacOS,0,1,0,8,Sunday,2026-06,0,0,-0.12276698702737088
TXN101050,2026-02-08 22:02:56,2026-02-08,1217.67,Online Services,Mobile Wallet,Jaipur,India,Mobile,MacOS,0,0,0,22,Sunday,2026-02,0,0,-0.26187003791464436
TXN101051,2026-06-28 14:39:34,2026-06-28,594.69,Grocery,Online,Delhi,India,Digital,Android,0,0,0,14,Sunday,2026-06,0,0,-0.24288731152604842
TXN101052,2026-05-14 01:23:57,2026-05-14,1702.73,Online Services,Mobile Wallet,Kolkata,India,Mobile,MacOS,0,0,0,1,Thursday,2026-05,1,0,-0.20762574112024212
TXN101053,2026-03-08 07:57:13,2026-03-08,1857.69,Food & Dining,ATM,Pune,India,ATM,iOS,0,0,0,7,Sunday,2026-03,0,0,-0.25245259341052484
TXN101054,2026-05-15 06:48:15,2026-05-15,2239.68,Electronics,Online,Kolkata,India,Digital,iOS,0,0,0,6,Friday,2026-05,0,0,-0.24332033701792732
TXN101055,2026-06-28 17:55:50,2026-06-28,2239.36,Travel,Bank Transfer,Hyderabad,India,Digital,Android,0,1,0,17,Sunday,2026-06,0,0,-0.1607020294266645
TXN101056,2026-02-11 22:36:24,2026-02-11,667.22,Travel,Online,Jaipur,India,Digital,Android,0,0,0,22,Wednesday,2026-02,0,0,-0.24575265877558128
TXN101057,2026-01-15 10:08:03,2026-01-15,1092.82,Food & Dining,Mobile Wallet,Kolkata,India,Mobile,iOS,0,0,0,10,Thursday,2026-01,0,0,-0.2597583334276492
TXN101058,2026-04-21 20:22:53,2026-04-21,3553.61,Grocery,Mobile Wallet,Delhi,India,Mobile,Android,0,1,0,20,Tuesday,2026-04,0,0,-0.1137057046158364
TXN101059,2026-06-06 09:27:49,2026-06-06,1561.69,Electronics,Online,Hyderabad,India,Digital,iOS,0,0,0,9,Saturday,2026-06,0,0,-0.2536176880117869
TXN101060,2026-02-02 02:02:50,2026-02-02,2230.36,Utilities,Online,Chennai,India,Digital,Android,0,0,0,2,Monday,2026-02,1,0,-0.19105744001957248
TXN101061,2026-06-04 19:59:07,2026-06-04,414.21,Electronics,POS,Delhi,India,In-Store,Android,0,0,0,19,Thursday,2026-06,0,0,-0.2153258153567582
TXN101062,2026-06-13 10:52:13,2026-06-13,2351.68,Electronics,POS,Lucknow,India,In-Store,Windows,0,0,0,10,Saturday,2026-06,0,0,-0.23954689789210676
TXN101063,2026-06-06 00:11:32,2026-06-06,242.53,Food & Dining,POS,Ahmedabad,India,In-Store,MacOS,0,0,0,0,Saturday,2026-06,1,0,-0.07178231744425922
TXN101064,2026-02-07 08:02:06,2026-02-07,322.72,Food & Dining,POS,Mumbai,India,In-Store,Windows,0,0,0,8,Saturday,2026-02,0,0,-0.1848056953954516
TXN101065,2026-04-07 20:33:04,2026-04-07,534.04,Utilities,ATM,Bengaluru,India,ATM,Android,0,0,0,20,Tuesday,2026-04,0,0,-0.23424754713343726
TXN101066,2026-06-04 12:03:10,2026-06-04,1541.45,Fashion,Online,Mumbai,India,Digital,Android,0,0,0,12,Thursday,2026-06,0,0,-0.25306982136548845
TXN101067,2026-02-02 13:46:33,2026-02-02,1767.63,Utilities,Mobile Wallet,Chennai,India,Mobile,iOS,0,0,0,13,Monday,2026-02,0,0,-0.2536019259184483
TXN101068,2026-03-27 21:00:09,2026-03-27,571.78,Entertainment,Bank Transfer,Ahmedabad,India,Digital,iOS,0,0,0,21,Friday,2026-03,0,0,-0.2393614639812871
TXN101069,2026-03-07 01:26:49,2026-03-07,235.15,Grocery,POS,Kolkata,India,In-Store,iOS,0,0,0,1,Saturday,2026-03,1,0,-0.06884017705607048
TXN101070,2026-01-10 01:48:53,2026-01-10,2351.47,Electronics,Mobile Wallet,Jaipur,India,Mobile,MacOS,0,0,0,1,Saturday,2026-01,1,0,-0.18491494152634347
TXN101071,2026-01-05 02:00:11,2026-01-05,1754.74,Fashion,Online,Delhi,India,Digital,iOS,0,1,0,2,Monday,2026-01,1,0,-0.11248334780653235
TXN101072,2026-05-03 02:45:27,2026-05-03,1544.17,Fashion,Online,Ahmedabad,India,Digital,MacOS,0,1,0,2,Sunday,2026-05,1,0,-0.1129092767203922
TXN101073,2026-03-15 21:31:03,2026-03-15,5122.14,Healthcare,ATM,Ahmedabad,India,ATM,Android,0,0,0,21,Sunday,2026-03,0,0,-0.13060521579964368
TXN101074,2026-04-07 06:49:54,2026-04-07,1236.47,Food & Dining,POS,Pune,India,In-Store,Windows,0,0,0,6,Tuesday,2026-04,0,0,-0.26051767827123556
TXN101075,2026-04-28 20:47:32,2026-04-28,495.95,Fashion,POS,Bengaluru,India,In-Store,MacOS,1,0,0,20,Tuesday,2026-04,0,0,-0.02287697441305825
TXN101076,2026-02-07 21:35:13,2026-02-07,3174.84,Electronics,Mobile Wallet,Delhi,India,Mobile,iOS,0,0,0,21,Saturday,2026-02,0,0,-0.21025492438245713
TXN101077,2026-05-21 21:13:02,2026-05-21,791.57,Electronics,Mobile Wallet,Ahmedabad,India,Mobile,MacOS,0,0,0,21,Thursday,2026-05,0,0,-0.2551660679113422
TXN101078,2026-06-08 02:12:13,2026-06-08,1008.13,Food & Dining,ATM,Pune,India,ATM,iOS,0,1,0,2,Monday,2026-06,1,0,-0.11205860790422106
TXN101079,2026-02-16 11:18:16,2026-02-16,713.97,Fashion,Bank Transfer,Hyderabad,India,Digital,MacOS,0,0,0,11,Monday,2026-02,0,0,-0.24818165875810666
TXN101080,2026-04-19 18:10:49,2026-04-19,563.46,Food & Dining,Online,Chennai,India,Digital,Windows,1,0,0,18,Sunday,2026-04,0,0,-0.025149149058290354
TXN101081,2026-06-29 18:46:56,2026-06-29,782.7,Electronics,Online,Chennai,India,Digital,iOS,0,0,0,18,Monday,2026-06,0,0,-0.25420951844218165
TXN101082,2026-01-15 01:41:29,2026-01-15,3701.54,Entertainment,Bank Transfer,Jaipur,India,Digital,Android,0,0,0,1,Thursday,2026-01,1,0,-0.1304102582533453
TXN101083,2026-06-06 15:42:28,2026-06-06,467.21,Online Services,POS,Jaipur,India,In-Store,iOS,0,0,0,15,Saturday,2026-06,0,0,-0.23165365393307719
TXN101084,2026-05-16 07:15:23,2026-05-16,2580.17,Travel,POS,Ahmedabad,India,In-Store,Android,0,1,0,7,Saturday,2026-05,0,0,-0.14869721446102296
TXN101085,2026-01-05 02:09:57,2026-01-05,249.82,Food & Dining,POS,Ahmedabad,India,In-Store,Android,0,0,0,2,Monday,2026-01,1,0,-0.08017110965572827
TXN101086,2026-06-06 13:53:33,2026-06-06,3947.23,Jewelry,ATM,Delhi,India,ATM,Android,0,1,0,13,Saturday,2026-06,0,0,-0.10520451777726803
TXN101087,2026-02-16 02:19:06,2026-02-16,4292.33,Fashion,Online,Bengaluru,India,Digital,iOS,0,0,0,2,Monday,2026-02,1,0,-0.10184109166110666
TXN101088,2026-03-09 23:43:34,2026-03-09,483.47,Entertainment,ATM,Ahmedabad,India,ATM,Android,0,0,0,23,Monday,2026-03,1,0,-0.18473806228319944
TXN101089,2026-03-17 09:21:12,2026-03-17,1168.12,Grocery,Online,Chennai,India,Digital,MacOS,0,0,0,9,Tuesday,2026-03,0,0,-0.25814085491531674
TXN101090,2026-06-22 04:54:13,2026-06-22,1835.52,Entertainment,Online,Kolkata,India,Digital,Windows,0,0,0,4,Monday,2026-06,1,0,-0.20092635462211506
TXN101091,2026-05-10 13:45:56,2026-05-10,676.35,Grocery,POS,Ahmedabad,India,In-Store,Android,0,0,0,13,Sunday,2026-05,0,0,-0.245829493418608
TXN101092,2026-06-04 07:15:40,2026-06-04,4945.3,Jewelry,Online,Pune,India,Digital,Android,0,0,1,7,Thursday,2026-06,0,0,-0.1398111390508172
TXN101093,2026-04-05 00:19:44,2026-04-05,1115.76,Healthcare,Mobile Wallet,Chennai,India,Mobile,Windows,0,0,0,0,Sunday,2026-04,1,0,-0.22348420002735347
TXN101094,2026-04-25 09:34:53,2026-04-25,723.36,Utilities,Online,Ahmedabad,India,Digital,Android,0,0,0,9,Saturday,2026-04,0,0,-0.24847855944884278
TXN101095,2026-06-13 12:15:48,2026-06-13,1168.01,Healthcare,Online,Mumbai,India,Digital,iOS,0,0,0,12,Saturday,2026-06,0,0,-0.25814085491531674
TXN101096,2026-02-05 06:54:06,2026-02-05,608.51,Food & Dining,POS,Mumbai,India,In-Store,Android,0,0,0,6,Thursday,2026-02,0,0,-0.2438256925209058
TXN101097,2026-01-26 06:09:55,2026-01-26,1115.15,Fashion,POS,Mumbai,India,In-Store,Android,1,0,0,6,Monday,2026-01,0,0,-0.061035069252575735
TXN101098,2026-02-12 01:33:26,2026-02-12,765.23,Online Services,Online,Bengaluru,India,Digital,Android,0,0,0,1,Thursday,2026-02,1,0,-0.20936910266982245
TXN101099,2026-01-27 01:05:56,2026-01-27,588.03,Jewelry,Online,Lucknow,India,Digital,iOS,0,0,0,1,Tuesday,2026-01,1,0,-0.19646259230203883
TXN101100,2026-03-10 04:35:55,2026-03-10,2075.53,Food & Dining,Mobile Wallet,Pune,India,Mobile,MacOS,0,0,0,4,Tuesday,2026-03,1,0,-0.1965646673016146
TXN101101,2026-05-28 05:11:30,2026-05-28,283.17,Jewelry,ATM,Pune,India,ATM,Android,0,0,0,5,Thursday,2026-05,1,0,-0.10553354422148908
TXN101102,2026-01-11 16:15:02,2026-01-11,4492.8,Food & Dining,POS,Chennai,India,In-Store,iOS,0,0,1,16,Sunday,2026-01,0,0,-0.16122132279225032
TXN101103,2026-03-15 13:34:09,2026-03-15,1318.58,Food & Dining,POS,Kolkata,India,In-Store,Android,1,1,0,13,Sunday,2026-03,0,1,0.027226903714292594
TXN101104,2026-04-14 07:19:07,2026-04-14,4806.45,Food & Dining,Online,Chennai,India,Digital,Android,1,0,0,7,Tuesday,2026-04,0,1,0.01546871349404122
TXN101105,2026-02-07 13:37:36,2026-02-07,2367.54,Electronics,POS,Delhi,India,In-Store,Windows,0,0,0,13,Saturday,2026-02,0,0,-0.24046010088341113
TXN101106,2026-05-14 17:44:11,2026-05-14,1349.65,Grocery,ATM,Hyderabad,India,ATM,iOS,1,1,0,17,Thursday,2026-05,0,1,0.026650597483608096
TXN101107,2026-01-23 22:38:22,2026-01-23,1160.47,Travel,Mobile Wallet,Mumbai,India,Mobile,iOS,0,0,0,22,Friday,2026-01,0,0,-0.2590619287647523
TXN101108,2026-02-16 22:36:58,2026-02-16,260.82,Food & Dining,Online,Kolkata,India,Digital,MacOS,0,1,0,22,Monday,2026-02,0,0,-0.0747668493840471
TXN101109,2026-03-31 19:30:11,2026-03-31,532.26,Fashion,Mobile Wallet,Hyderabad,India,Mobile,iOS,0,0,0,19,Tuesday,2026-03,0,0,-0.234556280226437
TXN101110,2026-02-15 11:37:30,2026-02-15,982.95,Fashion,Online,Hyderabad,India,Digital,Android,0,0,0,11,Sunday,2026-02,0,0,-0.254483384990097
TXN101111,2026-04-17 21:49:05,2026-04-17,623.86,Jewelry,Online,Hyderabad,India,Digital,Android,1,2,0,21,Friday,2026-04,0,1,0.08094666691537977
TXN101112,2026-05-20 07:44:03,2026-05-20,749.07,Fashion,Online,Bengaluru,India,Digital,iOS,0,0,0,7,Wednesday,2026-05,0,0,-0.2500432831119724
TXN101113,2026-05-21 17:18:40,2026-05-21,643.12,Food & Dining,Online,Ahmedabad,India,Digital,iOS,0,0,0,17,Thursday,2026-05,0,0,-0.24605148098890872
TXN101114,2026-04-14 08:16:33,2026-04-14,6524.07,Electronics,Mobile Wallet,Hyderabad,India,Mobile,Android,0,0,0,8,Tuesday,2026-04,0,0,-0.08323437427098379
TXN101115,2026-04-21 10:58:36,2026-04-21,1206.02,Grocery,POS,Ahmedabad,India,In-Store,Windows,0,0,0,10,Tuesday,2026-04,0,0,-0.2613965898020777
TXN101116,2026-04-14 04:57:37,2026-04-14,1805.82,Utilities,Online,Jaipur,India,Digital,iOS,0,0,0,4,Tuesday,2026-04,1,0,-0.20340037205956296
TXN101117,2026-03-01 05:27:07,2026-03-01,1052.13,Food & Dining,Mobile Wallet,Mumbai,India,Mobile,MacOS,0,0,0,5,Sunday,2026-03,1,0,-0.2228204068163806
TXN101118,2026-06-20 17:10:22,2026-06-20,1436.42,Utilities,Mobile Wallet,Hyderabad,India,Mobile,MacOS,0,1,0,17,Saturday,2026-06,0,0,-0.17914630531702846
TXN101119,2026-04-10 23:21:41,2026-04-10,211.81,Electronics,Bank Transfer,Pune,India,Digital,Windows,0,0,0,23,Friday,2026-04,1,0,-0.04927039608879824
TXN101120,2026-03-09 14:30:48,2026-03-09,4173.73,Food & Dining,Mobile Wallet,Ahmedabad,India,Mobile,Android,0,0,0,14,Monday,2026-03,0,0,-0.17536761439475845
TXN101121,2026-05-13 15:29:58,2026-05-13,615.58,Travel,Online,Pune,India,Digital,Android,0,0,0,15,Wednesday,2026-05,0,0,-0.2473259806567213
TXN101122,2026-04-30 12:15:16,2026-04-30,2742.55,Electronics,Mobile Wallet,Pune,India,Mobile,iOS,0,1,0,12,Thursday,2026-04,0,0,-0.138540770297913
TXN101123,2026-02-06 20:55:18,2026-02-06,2829.21,Grocery,Bank Transfer,Unknown,India,Digital,iOS,0,0,0,20,Friday,2026-02,0,0,-0.22173391297335215
TXN101124,2026-03-13 07:55:57,2026-03-13,886.18,Electronics,Mobile Wallet,Hyderabad,India,Mobile,Windows,0,1,0,7,Friday,2026-03,0,0,-0.18640467144321388
TXN101125,2026-05-07 19:48:54,2026-05-07,1146.96,Travel,Bank Transfer,Jaipur,India,Digital,MacOS,0,0,0,19,Thursday,2026-05,0,0,-0.2597505546963681
TXN101126,2026-04-16 20:52:43,2026-04-16,1516.66,Grocery,POS,Kolkata,India,In-Store,Windows,0,0,0,20,Thursday,2026-04,0,0,-0.2535222422736215
TXN101127,2026-04-02 21:40:02,2026-04-02,1197.32,Jewelry,Bank Transfer,Pune,India,Digital,Android,0,0,0,21,Thursday,2026-04,0,0,-0.2615859716178578
TXN101128,2026-01-31 11:50:14,2026-01-31,1095.81,Travel,Online,Mumbai,India,Digital,iOS,0,0,0,11,Saturday,2026-01,0,0,-0.2603812914013819
TXN101129,2026-05-02 03:32:00,2026-05-02,773.83,Electronics,POS,Delhi,India,In-Store,Android,1,0,0,3,Saturday,2026-05,1,1,0.017375606391729304
TXN101130,2026-05-17 16:00:08,2026-05-17,619.51,Electronics,Online,Pune,India,Digital,Windows,0,0,0,16,Sunday,2026-05,0,0,-0.24784609388709883
TXN101131,2026-02-20 20:01:35,2026-02-20,2556.6,Food & Dining,Mobile Wallet,Mumbai,India,Mobile,MacOS,0,1,0,20,Friday,2026-02,0,0,-0.15002309479563136
TXN101132,2026-01-29 23:31:34,2026-01-29,1507.5,Grocery,Online,Chennai,India,Digital,Android,0,0,1,23,Thursday,2026-01,1,0,-0.2091074669419602
TXN101133,2026-02-09 09:58:12,2026-02-09,1271.89,Online Services,POS,Mumbai,India,In-Store,iOS,0,0,0,9,Monday,2026-02,0,0,-0.26022095768989806
TXN101134,2026-02-10 21:27:22,2026-02-10,304.63,Jewelry,POS,Bengaluru,India,In-Store,Windows,1,1,0,21,Tuesday,2026-02,0,1,0.053732271778325624
TXN101135,2026-01-11 21:33:26,2026-01-11,893.06,Travel,Mobile Wallet,Kolkata,India,Mobile,Android,0,0,0,21,Sunday,2026-01,0,0,-0.25994236681892047
TXN101136,2026-05-31 00:15:24,2026-05-31,1048.74,Food & Dining,POS,Chennai,India,In-Store,MacOS,0,0,0,0,Sunday,2026-05,1,0,-0.2228204068163806
TXN101137,2026-01-01 14:15:22,2026-01-01,2148.71,Grocery,Bank Transfer,Lucknow,India,Digital,Windows,0,0,0,14,Thursday,2026-01,0,0,-0.24497069848975234
TXN101138,2026-02-15 07:21:18,2026-02-15,271.82,Entertainment,Mobile Wallet,Mumbai,India,Mobile,iOS,1,0,0,7,Sunday,2026-02,0,1,0.005300318460798925
TXN101139,2026-04-11 19:44:02,2026-04-11,456.39,Fashion,POS,Mumbai,India,In-Store,Windows,0,0,0,19,Saturday,2026-04,0,0,-0.2278189247697024
TXN101140,2026-05-29 12:53:38,2026-05-29,4623.86,Travel,POS,Ahmedabad,India,In-Store,Windows,0,0,0,12,Friday,2026-05,0,0,-0.1545998593595504
TXN101141,2026-03-31 17:16:57,2026-03-31,579.46,Electronics,Bank Transfer,Jaipur,India,Digital,iOS,0,0,0,17,Tuesday,2026-03,0,0,-0.2404301935141263
TXN101142,2026-04-20 22:27:26,2026-04-20,249.32,Entertainment,Mobile Wallet,Kolkata,India,Mobile,iOS,0,1,0,22,Monday,2026-04,0,0,-0.06568757688769233
TXN101143,2026-06-13 20:29:22,2026-06-13,627.32,Fashion,Bank Transfer,Bengaluru,India,Digital,Windows,0,0,0,20,Saturday,2026-06,0,0,-0.24613522834575752
TXN101144,2026-02-26 03:16:21,2026-02-26,581.11,Unknown,Online,Pune,India,Digital,Windows,0,0,0,3,Thursday,2026-02,1,0,-0.1953374521302242
TXN101145,2026-01-01 01:31:55,2026-01-01,1846.23,Healthcare,Mobile Wallet,Bengaluru,India,Mobile,Android,0,0,0,1,Thursday,2026-01,1,0,-0.20089859530327442
TXN101146,2026-03-04 10:02:13,2026-03-04,1828.17,Food & Dining,POS,Lucknow,India,In-Store,MacOS,0,0,0,10,Wednesday,2026-03,0,0,-0.2511710452197087
TXN101147,2026-02-24 22:55:08,2026-02-24,504.98,Online Services,ATM,Hyderabad,India,ATM,Android,0,0,0,22,Tuesday,2026-02,0,0,-0.2339939514056848
TXN101148,2026-04-25 21:22:26,2026-04-25,809.86,Grocery,Mobile Wallet,Hyderabad,India,Mobile,iOS,0,0,0,21,Saturday,2026-04,0,0,-0.25625854523110814
TXN101149,2026-06-17 23:37:38,2026-06-17,1685.05,Utilities,Online,Bengaluru,India,Digital,Windows,0,0,1,23,Wednesday,2026-06,1,0,-0.20808450224972547
TXN101150,2026-05-23 02:31:35,2026-05-23,1730.83,Healthcare,Bank Transfer,Lucknow,India,Digital,Android,0,0,0,2,Saturday,2026-05,1,0,-0.2076104761830233
TXN101151,2026-05-29 05:41:10,2026-05-29,479.3,Grocery,ATM,Pune,India,ATM,Android,1,1,0,5,Friday,2026-05,1,1,0.06890217458483316
TXN101152,2026-06-24 11:58:49,2026-06-24,523.6,Healthcare,Mobile Wallet,Chennai,India,Mobile,Windows,0,0,0,11,Wednesday,2026-06,0,0,-0.23277999510614544
TXN101153,2026-02-22 02:22:11,2026-02-22,5961.43,Fashion,Online,Jaipur,India,Digital,Android,0,1,0,2,Sunday,2026-02,1,0,-0.012547377830694706
TXN101154,2026-05-17 10:17:18,2026-05-17,890.89,Jewelry,POS,Jaipur,India,In-Store,Windows,0,0,0,10,Sunday,2026-05,0,0,-0.26018847820937513
TXN101155,2026-06-29 11:51:14,2026-06-29,3621.92,Electronics,Mobile Wallet,Bengaluru,India,Mobile,Android,0,0,0,11,Monday,2026-06,0,0,-0.1964135540639826
TXN101156,2026-02-26 22:54:36,2026-02-26,1316.71,Entertainment,Online,Jaipur,India,Digital,Android,0,0,0,22,Thursday,2026-02,0,0,-0.25969395730272693
TXN101157,2026-04-27 08:17:11,2026-04-27,2633.37,Fashion,Online,Bengaluru,India,Digital,Android,0,0,0,8,Monday,2026-04,0,0,-0.22965166712375945
TXN101158,2026-06-03 15:52:54,2026-06-03,1808.46,Jewelry,Mobile Wallet,Hyderabad,India,Mobile,Android,0,0,0,15,Wednesday,2026-06,0,0,-0.25177313019777525
TXN101159,2026-06-18 03:07:59,2026-06-18,1257.39,Travel,Online,Mumbai,India,Digital,MacOS,0,0,0,3,Thursday,2026-06,1,0,-0.21818573264655083
TXN101160,2026-02-04 10:37:00,2026-02-04,1245.55,Jewelry,Mobile Wallet,Chennai,India,Mobile,Android,0,1,0,10,Wednesday,2026-02,0,0,-0.18572943294408928
TXN101161,2026-03-04 16:50:10,2026-03-04,406.44,Online Services,Online,Jaipur,India,Digital,iOS,0,0,0,16,Wednesday,2026-03,0,0,-0.2120008815381883
TXN101162,2026-01-25 14:38:39,2026-01-25,959.74,Travel,POS,Delhi,India,In-Store,Windows,0,0,0,14,Sunday,2026-01,0,0,-0.2570004260037666
TXN101163,2026-03-31 14:44:11,2026-03-31,722.25,Utilities,Bank Transfer,Hyderabad,India,Digital,Android,0,0,0,14,Tuesday,2026-03,0,0,-0.24904582490951221
TXN101164,2026-03-16 20:00:13,2026-03-16,843.65,Jewelry,ATM,Lucknow,India,ATM,MacOS,0,0,0,20,Monday,2026-03,0,0,-0.257846382356725
TXN101165,2026-02-07 15:44:12,2026-02-07,815.94,Travel,ATM,Delhi,India,ATM,Android,1,1,0,15,Saturday,2026-02,0,1,0.027366866313144333
TXN101166,2026-05-10 18:12:04,2026-05-10,1248.78,Fashion,POS,Ahmedabad,India,In-Store,iOS,0,1,0,18,Sunday,2026-05,0,0,-0.18557307766412617
TXN101167,2026-05-15 23:02:16,2026-05-15,1826.88,Food & Dining,Mobile Wallet,Jaipur,India,Mobile,iOS,0,0,0,23,Friday,2026-05,1,0,-0.20127803326907945
TXN101168,2026-06-11 01:47:50,2026-06-11,982.38,Travel,Online,Bengaluru,India,Digital,iOS,0,0,0,1,Thursday,2026-06,1,0,-0.22024023604578513
TXN101169,2026-04-01 18:46:38,2026-04-01,2354.08,Grocery,POS,Jaipur,India,In-Store,Windows,0,0,0,18,Wednesday,2026-04,0,0,-0.23914483242879808
TXN101170,2026-01-17 11:36:38,2026-01-17,786.54,Electronics,Online,Pune,India,Digital,MacOS,0,0,1,11,Saturday,2026-01,0,0,-0.25387790672931243
TXN101171,2026-05-08 14:51:13,2026-05-08,1175.39,Travel,ATM,Pune,India,ATM,MacOS,0,0,0,14,Friday,2026-05,0,0,-0.25897162237322174
TXN101172,2026-06-20 05:31:20,2026-06-20,8256.01,Fashion,Online,Kolkata,India,Digital,iOS,0,0,0,5,Saturday,2026-06,1,0,-0.007895744537109506
TXN101173,2026-04-18 12:20:39,2026-04-18,419.43,Electronics,POS,Chennai,India,In-Store,Android,0,0,0,12,Saturday,2026-04,0,0,-0.2149295988111976
TXN101174,2026-06-28 03:58:28,2026-06-28,782.81,Online Services,POS,Pune,India,In-Store,Android,0,0,0,3,Sunday,2026-06,1,0,-0.20880931933284547
TXN101175,2026-06-01 09:44:41,2026-06-01,256.85,Healthcare,Online,Mumbai,India,Digital,MacOS,0,0,0,9,Monday,2026-06,0,0,-0.1535649191836223
TXN101176,2026-01-25 20:54:02,2026-01-25,1316.53,Grocery,Online,Bengaluru,India,Digital,Windows,0,0,0,20,Sunday,2026-01,0,0,-0.25969395730272693
TXN101177,2026-06-29 13:59:43,2026-06-29,1111.24,Entertainment,Bank Transfer,Jaipur,India,Digital,Android,0,0,0,13,Monday,2026-06,0,0,-0.2606218512088001
TXN101178,2026-03-29 02:43:57,2026-03-29,1212.66,Entertainment,POS,Chennai,India,In-Store,Android,0,0,0,2,Sunday,2026-03,1,0,-0.21805229524044323
TXN101179,2026-06-10 14:29:11,2026-06-10,528.88,Jewelry,Mobile Wallet,Chennai,India,Mobile,Windows,0,1,0,14,Wednesday,2026-06,0,0,-0.15868712083490655
TXN101180,2026-06-26 10:13:44,2026-06-26,596.24,Grocery,Bank Transfer,Ahmedabad,India,Digital,iOS,0,2,0,10,Friday,2026-06,0,0,-0.007563888951106379
TXN101181,2026-01-29 09:11:13,2026-01-29,1145.1,Travel,Online,Delhi,India,Digital,Android,0,0,0,9,Thursday,2026-01,0,0,-0.2597777818681439
TXN101182,2026-03-04 07:18:19,2026-03-04,357.01,Online Services,ATM,Kolkata,India,ATM,iOS,0,1,0,7,Wednesday,2026-03,0,0,-0.11333004455574613
TXN101183,2026-05-30 16:21:01,2026-05-30,2219.88,Jewelry,Online,Jaipur,India,Digital,Android,0,0,1,16,Saturday,2026-05,0,0,-0.24343799466075272
TXN101184,2026-06-03 08:21:03,2026-06-03,360.43,Healthcare,Bank Transfer,Kolkata,India,Digital,Android,0,2,1,8,Wednesday,2026-06,0,1,0.019731639577567406
TXN101185,2026-06-05 19:17:33,2026-06-05,971.88,Utilities,Mobile Wallet,Chennai,India,Mobile,iOS,0,1,0,19,Friday,2026-06,0,0,-0.18069076276456641
TXN101186,2026-04-24 19:01:12,2026-04-24,773.84,Grocery,POS,Pune,India,In-Store,iOS,0,0,0,19,Friday,2026-04,0,0,-0.25419082784898483
TXN101187,2026-02-18 04:01:46,2026-02-18,735.07,Food & Dining,Bank Transfer,Hyderabad,India,Digital,Android,0,0,0,4,Wednesday,2026-02,1,0,-0.2054773351851094
TXN101188,2026-03-22 22:10:54,2026-03-22,303.51,Electronics,Online,Kolkata,India,Digital,MacOS,0,0,0,22,Sunday,2026-03,0,0,-0.1780005955815005
TXN101189,2026-03-25 07:13:46,2026-03-25,1058.54,Electronics,POS,Mumbai,India,In-Store,Android,0,0,0,7,Wednesday,2026-03,0,0,-0.2604904120814139
TXN101190,2026-04-15 07:41:12,2026-04-15,417.2,Utilities,Mobile Wallet,Hyderabad,India,Mobile,Windows,0,0,0,7,Wednesday,2026-04,0,0,-0.2154400256542668
TXN101191,2026-06-26 10:40:17,2026-06-26,1226.79,Electronics,Online,Bengaluru,India,Digital,Android,0,0,0,10,Friday,2026-06,0,0,-0.2612269173474664
TXN101192,2026-05-28 14:33:33,2026-05-28,597.3,Food & Dining,Online,Hyderabad,India,Digital,iOS,0,1,0,14,Thursday,2026-05,0,0,-0.171205468038313
TXN101193,2026-04-28 18:04:26,2026-04-28,1053.41,Jewelry,POS,Mumbai,India,In-Store,Windows,0,0,0,18,Tuesday,2026-04,0,0,-0.2600588496014047
TXN101194,2026-03-27 16:26:53,2026-03-27,257.47,Electronics,Bank Transfer,Delhi,India,Digital,Windows,0,0,0,16,Friday,2026-03,0,0,-0.15530616710083878
TXN101195,2026-03-04 14:09:31,2026-03-04,2275.2,Jewelry,POS,Jaipur,India,In-Store,Android,0,0,0,14,Wednesday,2026-03,0,0,-0.2420934673536025
TXN101196,2026-04-14 07:34:41,2026-04-14,2636.14,Jewelry,Mobile Wallet,Kolkata,India,Mobile,Android,0,1,0,7,Tuesday,2026-04,0,0,-0.14465860577453982
TXN101197,2026-02-18 07:48:11,2026-02-18,705.1,Food & Dining,Online,Pune,India,Digital,Android,1,0,0,7,Wednesday,2026-02,0,0,-0.04446618226761834
TXN101198,2026-03-12 14:01:34,2026-03-12,10312.67,Electronics,POS,Delhi,India,In-Store,MacOS,0,0,0,14,Thursday,2026-03,0,0,-0.03361387644522951
TXN101199,2026-01-01 05:10:10,2026-01-01,2015.4,Travel,Bank Transfer,Mumbai,India,Digital,Windows,0,0,0,5,Thursday,2026-01,1,0,-0.19702743080304047
TXN101200,2026-05-21 00:17:59,2026-05-21,891.96,Fashion,Online,Delhi,India,Digital,iOS,0,0,0,0,Thursday,2026-05,1,0,-0.21144697769553839
TXN101201,2026-06-28 12:59:11,2026-06-28,740.44,Travel,ATM,Kolkata,India,ATM,iOS,0,0,0,12,Sunday,2026-06,0,0,-0.25079769070482283
TXN101202,2026-05-03 23:55:26,2026-05-03,586.95,Travel,Online,Delhi,India,Digital,MacOS,0,0,0,23,Sunday,2026-05,1,0,-0.19574502479550282
TXN101203,2026-03-03 15:23:52,2026-03-03,683.62,Jewelry,Online,Bengaluru,India,Digital,Android,0,0,0,15,Tuesday,2026-03,0,0,-0.24686084791487473
TXN101204,2026-02-01 08:35:51,2026-02-01,1004.36,Electronics,Online,Ahmedabad,India,Digital,Android,0,0,0,8,Sunday,2026-02,0,0,-0.25406870554738814
TXN101205,2026-06-07 22:27:43,2026-06-07,1058.91,Healthcare,Mobile Wallet,Kolkata,India,Mobile,Android,0,0,0,22,Sunday,2026-06,0,0,-0.25951572197116857
TXN101206,2026-01-29 21:44:51,2026-01-29,356.66,Grocery,POS,Jaipur,India,In-Store,Android,0,0,0,21,Thursday,2026-01,0,0,-0.19503636459971496
TXN101207,2026-02-18 16:37:52,2026-02-18,3241.51,Entertainment,Bank Transfer,Hyderabad,India,Digital,Android,0,1,0,16,Wednesday,2026-02,0,0,-0.11852925506792356
TXN101208,2026-06-22 02:00:35,2026-06-22,2057.85,Online Services,POS,Kolkata,India,In-Store,iOS,0,0,0,2,Monday,2026-06,1,0,-0.19589691679891325
TXN101209,2026-01-30 22:58:53,2026-01-30,4806.82,Travel,ATM,Mumbai,India,ATM,MacOS,0,2,0,22,Friday,2026-01,0,1,0.03008804508122831
TXN101210,2026-05-24 17:25:12,2026-05-24,1471.9,Electronics,POS,Delhi,India,In-Store,Android,0,0,0,17,Sunday,2026-05,0,0,-0.2537299128370143
TXN101211,2026-06-17 05:57:53,2026-06-17,2533.55,Entertainment,Mobile Wallet,Kolkata,India,Mobile,Windows,0,0,0,5,Wednesday,2026-06,1,0,-0.18432133779831256
TXN101212,2026-01-19 18:46:07,2026-01-19,403.35,Healthcare,Bank Transfer,Delhi,India,Digital,Windows,0,1,0,18,Monday,2026-01,0,0,-0.12868035300761504
TXN101213,2026-01-18 22:10:23,2026-01-18,1775.43,Healthcare,Bank Transfer,Pune,India,Digital,Unknown,0,1,0,22,Sunday,2026-01,0,0,-0.1778610723463071
TXN101214,2026-01-01 08:57:10,2026-01-01,261.56,Travel,Online,Lucknow,India,Digital,iOS,0,0,0,8,Thursday,2026-01,0,0,-0.15809106513330978
TXN101215,2026-03-19 23:29:33,2026-03-19,504.07,Travel,POS,Jaipur,India,In-Store,iOS,0,1,0,23,Thursday,2026-03,1,0,-0.07511359758807656
TXN101216,2026-04-25 19:07:56,2026-04-25,8145.65,Jewelry,POS,Chennai,India,In-Store,Android,0,0,0,19,Saturday,2026-04,0,0,-0.049044451990933546
TXN101217,2026-06-24 11:17:24,2026-06-24,828.89,Online Services,Mobile Wallet,Lucknow,India,Mobile,iOS,0,1,0,11,Wednesday,2026-06,0,0,-0.1881840265766328
TXN101218,2026-04-23 13:31:04,2026-04-23,1079.97,Food & Dining,Online,Kolkata,India,Digital,Android,0,0,0,13,Thursday,2026-04,0,0,-0.26202687021232396
TXN101219,2026-04-24 12:33:23,2026-04-24,1922.83,Online Services,Online,Mumbai,India,Digital,Android,0,0,0,12,Friday,2026-04,0,0,-0.24861955159651605
TXN101220,2026-06-15 18:31:17,2026-06-15,1063.13,Food & Dining,POS,Ahmedabad,India,In-Store,iOS,1,0,0,18,Monday,2026-06,0,0,-0.059347515604183165
TXN101221,2026-06-28 07:03:45,2026-06-28,484.37,Fashion,Online,Jaipur,India,Digital,Android,0,0,0,7,Sunday,2026-06,0,0,-0.23217483692586216
TXN101222,2026-03-04 23:33:37,2026-03-04,494.04,Electronics,Online,Chennai,India,Digital,Android,0,0,0,23,Wednesday,2026-03,1,0,-0.18575089974563547
TXN101223,2026-05-12 23:52:41,2026-05-12,2082.2,Fashion,Mobile Wallet,Pune,India,Mobile,Windows,0,0,0,23,Tuesday,2026-05,1,0,-0.19664026261646889
TXN101224,2026-05-09 19:23:26,2026-05-09,1392.17,Food & Dining,POS,Ahmedabad,India,In-Store,Windows,0,0,0,19,Saturday,2026-05,0,0,-0.2546675231746822
TXN101225,2026-01-08 11:53:34,2026-01-08,2141.16,Grocery,Mobile Wallet,Hyderabad,India,Mobile,iOS,0,0,0,11,Thursday,2026-01,0,0,-0.2453825767537643
TXN101226,2026-06-06 19:30:19,2026-06-06,1754.44,Fashion,Mobile Wallet,Delhi,India,Mobile,iOS,0,1,0,19,Saturday,2026-06,0,0,-0.1772445285842853
TXN101227,2026-02-24 13:47:26,2026-02-24,1150.98,Utilities,Online,Lucknow,India,Digital,Windows,0,0,0,13,Tuesday,2026-02,0,0,-0.25944235984207953
TXN101228,2026-04-13 11:04:44,2026-04-13,1108.27,Healthcare,POS,Ahmedabad,India,In-Store,Android,0,0,0,11,Monday,2026-04,0,0,-0.26051325619045607
TXN101229,2026-05-11 19:15:22,2026-05-11,1184.89,Entertainment,Online,Delhi,India,Digital,Android,0,0,0,19,Monday,2026-05,0,0,-0.26000564431973977
TXN101230,2026-02-01 06:00:50,2026-02-01,819.8,Online Services,Mobile Wallet,Chennai,India,Mobile,Windows,0,0,0,6,Sunday,2026-02,0,0,-0.25663513793929876
TXN101231,2026-01-10 02:33:10,2026-01-10,827.45,Grocery,POS,Pune,India,In-Store,MacOS,0,0,0,2,Saturday,2026-01,1,0,-0.20468349770621574
TXN101232,2026-04-20 10:36:36,2026-04-20,1638.6,Food & Dining,POS,Chennai,India,In-Store,iOS,0,0,0,10,Monday,2026-04,0,0,-0.2531710871809636
TXN101233,2026-06-11 10:57:29,2026-06-11,3472.26,Utilities,POS,Pune,India,In-Store,Android,0,1,0,10,Thursday,2026-06,0,0,-0.11475967119722819
TXN101234,2026-05-04 11:01:01,2026-05-04,286.96,Food & Dining,POS,Pune,India,In-Store,iOS,1,0,0,11,Monday,2026-05,0,0,-0.000876231720245424
TXN101235,2026-03-28 08:15:09,2026-03-28,7405.64,Travel,Online,Bengaluru,India,Digital,Android,0,0,0,8,Saturday,2026-03,0,0,-0.06480428407785876
TXN101236,2026-02-24 22:20:28,2026-02-24,1908.56,Electronics,POS,Bengaluru,India,In-Store,Android,0,0,1,22,Tuesday,2026-02,0,0,-0.2516973274644301
TXN101237,2026-02-01 20:52:59,2026-02-01,1553.71,Online Services,Bank Transfer,Jaipur,India,Digital,Android,0,0,0,20,Sunday,2026-02,0,0,-0.2537510281588127
TXN101238,2026-06-27 02:45:43,2026-06-27,489.48,Food & Dining,Mobile Wallet,Bengaluru,India,Mobile,Android,0,0,0,2,Saturday,2026-06,1,0,-0.18603436626134506
TXN101239,2026-05-15 12:00:40,2026-05-15,620.47,Online Services,POS,Bengaluru,India,In-Store,Android,0,0,0,12,Friday,2026-05,0,0,-0.24784609388709883
TXN101240,2026-04-03 12:42:40,2026-04-03,1788.32,Food & Dining,POS,Delhi,India,In-Store,iOS,0,0,0,12,Friday,2026-04,0,0,-0.25094246710037144
TXN101241,2026-01-08 05:50:42,2026-01-08,1340.35,Healthcare,Mobile Wallet,Kolkata,India,Mobile,Android,0,0,1,5,Thursday,2026-01,1,0,-0.21120345764607495
TXN101242,2026-03-06 12:11:34,2026-03-06,390.12,Utilities,Online,Lucknow,India,Digital,iOS,0,0,0,12,Friday,2026-03,0,0,-0.20514864138060895
TXN101243,2026-02-26 01:54:29,2026-02-26,550.22,Entertainment,Mobile Wallet,Lucknow,India,Mobile,MacOS,0,0,0,1,Thursday,2026-02,1,0,-0.18993603904681777
TXN101244,2026-03-08 16:57:58,2026-03-08,606.82,Fashion,Online,Hyderabad,India,Digital,iOS,0,0,0,16,Sunday,2026-03,0,0,-0.24338538644677865
TXN101245,2026-03-13 15:45:59,2026-03-13,566.71,Food & Dining,Bank Transfer,Mumbai,India,Digital,Windows,0,0,0,15,Friday,2026-03,0,0,-0.23941091364046097
TXN101246,2026-02-23 12:18:26,2026-02-23,1362.63,Utilities,ATM,Pune,India,ATM,Android,0,0,0,12,Monday,2026-02,0,0,-0.2579164764703095
TXN101247,2026-03-08 15:22:51,2026-03-08,483.38,Fashion,POS,Unknown,India,In-Store,MacOS,0,1,0,15,Sunday,2026-03,0,0,-0.15300586139656885
TXN101248,2026-02-20 05:48:38,2026-02-20,2045.05,Fashion,Mobile Wallet,Delhi,India,Mobile,Android,1,0,0,5,Friday,2026-02,1,1,0.020152912557746316
TXN101249,2026-04-07 07:52:59,2026-04-07,334.2,Grocery,Online,Pune,India,Digital,iOS,0,0,0,7,Tuesday,2026-04,0,0,-0.18824397724945513
TXN101250,2026-04-02 23:07:12,2026-04-02,2394.55,Online Services,POS,Mumbai,India,In-Store,MacOS,0,0,0,23,Thursday,2026-04,1,0,-0.18655257832387495
TXN101251,2026-01-08 00:49:22,2026-01-08,12679.79,Grocery,POS,Bengaluru,India,In-Store,Windows,0,0,0,0,Thursday,2026-01,1,1,0.006424410904406708
TXN101252,2026-06-11 03:50:51,2026-06-11,2044.69,Entertainment,Bank Transfer,Hyderabad,India,Digital,MacOS,0,0,0,3,Thursday,2026-06,1,0,-0.19734631903808603
TXN101253,2026-02-04 12:42:27,2026-02-04,709.71,Fashion,Online,Bengaluru,India,Digital,Android,0,1,0,12,Wednesday,2026-02,0,0,-0.18376663068875154
TXN101254,2026-04-06 14:32:29,2026-04-06,734.96,Fashion,Bank Transfer,Pune,India,Digital,Android,0,0,0,14,Monday,2026-04,0,0,-0.25155251840206333
TXN101255,2026-03-29 19:40:32,2026-03-29,446.39,Healthcare,POS,Hyderabad,India,In-Store,Android,0,0,0,19,Sunday,2026-03,0,0,-0.2224036545692532
TXN101256,2026-03-19 15:39:16,2026-03-19,2598.55,Grocery,Online,Mumbai,India,Digital,MacOS,0,0,0,15,Thursday,2026-03,0,0,-0.229847549774448
TXN101257,2026-02-01 04:05:45,2026-02-01,1249.4,Entertainment,Bank Transfer,Chennai,India,Digital,Android,0,0,0,4,Sunday,2026-02,1,0,-0.21810947053490198
TXN101258,2026-04-30 01:35:30,2026-04-30,257.87,Utilities,Online,Chennai,India,Digital,Android,0,0,0,1,Thursday,2026-04,1,0,-0.08948783282607287
TXN101259,2026-02-15 03:52:01,2026-02-15,342.84,Utilities,POS,Jaipur,India,In-Store,iOS,0,0,0,3,Sunday,2026-02,1,0,-0.13757600956650096
TXN101260,2026-05-24 19:45:38,2026-05-24,268.89,Electronics,Online,Ahmedabad,India,Digital,iOS,0,0,0,19,Sunday,2026-05,0,0,-0.16066838959016605
TXN101261,2026-06-14 23:05:11,2026-06-14,2018.17,Online Services,POS,Ahmedabad,India,In-Store,Android,0,0,0,23,Sunday,2026-06,1,0,-0.19674882643420954
TXN101262,2026-05-22 05:17:03,2026-05-22,492.03,Entertainment,ATM,Chennai,India,ATM,iOS,0,0,0,5,Friday,2026-05,1,0,-0.18578155812168673
TXN101263,2026-02-24 12:35:49,2026-02-24,2136.87,Online Services,POS,Ahmedabad,India,In-Store,iOS,0,0,0,12,Tuesday,2026-02,0,0,-0.24547741274089457
TXN101264,2026-06-25 22:38:53,2026-06-25,701.65,Food & Dining,POS,Lucknow,India,In-Store,Android,0,0,0,22,Thursday,2026-06,0,0,-0.24736047145067208
TXN101265,2026-01-07 23:08:06,2026-01-07,2067.3,Food & Dining,POS,Kolkata,India,In-Store,Android,0,0,0,23,Wednesday,2026-01,1,0,-0.1961279335144534
TXN101266,2026-03-15 11:39:39,2026-03-15,892.57,Online Services,Online,Mumbai,India,Digital,Windows,0,1,0,11,Sunday,2026-03,0,0,-0.18677602105458158
TXN101267,2026-01-07 06:20:37,2026-01-07,2344.6,Online Services,POS,Kolkata,India,In-Store,iOS,0,0,0,6,Wednesday,2026-01,0,0,-0.2404408967997831
TXN101268,2026-06-10 04:09:57,2026-06-10,581.89,Fashion,Mobile Wallet,Ahmedabad,India,Mobile,Android,0,0,0,4,Wednesday,2026-06,1,0,-0.1953374521302242
TXN101269,2026-05-31 12:30:39,2026-05-31,609.3,Travel,Mobile Wallet,Bengaluru,India,Mobile,iOS,0,0,0,12,Sunday,2026-05,0,0,-0.2445244396875727
TXN101270,2026-03-26 05:48:43,2026-03-26,761.84,Fashion,Online,Jaipur,India,Digital,Windows,0,0,0,5,Thursday,2026-03,1,0,-0.2078837481223042
TXN101271,2026-05-27 02:27:56,2026-05-27,10666.74,Fashion,Online,Ahmedabad,India,Digital,iOS,0,1,0,2,Wednesday,2026-05,1,1,0.02167174575072217
TXN101272,2026-04-22 16:56:13,2026-04-22,461.38,Travel,Mobile Wallet,Delhi,India,Mobile,Android,0,1,0,16,Wednesday,2026-04,0,0,-0.1444533313229508
TXN101273,2026-05-05 00:48:07,2026-05-05,691.41,Travel,POS,Pune,India,In-Store,Android,0,1,0,0,Tuesday,2026-05,1,0,-0.09214458118590618
TXN101274,2026-05-27 17:42:03,2026-05-27,897.89,Online Services,POS,Hyderabad,India,In-Store,Android,0,0,0,17,Wednesday,2026-05,0,0,-0.26015657391614944
TXN101275,2026-02-05 11:47:02,2026-02-05,1509.07,Grocery,Bank Transfer,Bengaluru,India,Digital,Android,0,0,0,11,Thursday,2026-02,0,0,-0.253816815584277
TXN101276,2026-01-29 14:16:53,2026-01-29,798.73,Healthcare,POS,Pune,India,In-Store,Android,0,0,0,14,Thursday,2026-01,0,0,-0.2553227682642294
TXN101277,2026-03-23 00:47:21,2026-03-23,1740.81,Electronics,POS,Lucknow,India,In-Store,Windows,0,0,0,0,Monday,2026-03,1,0,-0.20689842982128326
TXN101278,2026-01-02 07:59:16,2026-01-02,602.9,Fashion,Mobile Wallet,Jaipur,India,Mobile,Android,0,0,0,7,Friday,2026-01,0,0,-0.24398496558922378
TXN101279,2026-05-09 19:52:56,2026-05-09,2419.24,Grocery,Bank Transfer,Delhi,India,Digital,iOS,0,1,0,19,Saturday,2026-05,0,0,-0.1552407916879862
TXN101280,2026-02-16 02:51:44,2026-02-16,2008.63,Travel,Online,Lucknow,India,Digital,Windows,0,1,0,2,Monday,2026-02,1,0,-0.10862895549144491
TXN101281,2026-05-28 08:25:41,2026-05-28,693.47,Utilities,Online,Lucknow,India,Digital,MacOS,0,0,0,8,Thursday,2026-05,0,0,-0.24607724115839968
TXN101282,2026-01-11 01:19:18,2026-01-11,1951.74,Online Services,Online,Lucknow,India,Digital,Android,0,0,0,1,Sunday,2026-01,1,0,-0.1957662823200812
TXN101283,2026-05-10 04:43:30,2026-05-10,457.94,Electronics,Bank Transfer,Chennai,India,Digital,iOS,0,0,0,4,Sunday,2026-05,1,0,-0.17589531216573606
TXN101284,2026-04-29 16:52:38,2026-04-29,1248.14,Food & Dining,Online,Pune,India,Digital,MacOS,0,0,0,16,Wednesday,2026-04,0,0,-0.26023473421420035
TXN101285,2026-05-20 08:47:38,2026-05-20,583.04,Food & Dining,Online,Hyderabad,India,Digital,iOS,0,0,0,8,Wednesday,2026-05,0,0,-0.24059533949492512
TXN101286,2026-01-20 13:36:42,2026-01-20,1409.02,Online Services,Mobile Wallet,Kolkata,India,Mobile,MacOS,0,0,0,13,Tuesday,2026-01,0,0,-0.255652006743499
TXN101287,2026-01-05 00:22:55,2026-01-05,957.33,Utilities,Online,Delhi,India,Digital,iOS,0,0,0,0,Monday,2026-01,1,0,-0.21820761703280422
TXN101288,2026-02-06 06:08:12,2026-02-06,597.48,Food & Dining,Online,Kolkata,India,Digital,Android,0,0,0,6,Friday,2026-02,0,0,-0.2426009598562019
TXN101289,2026-06-15 00:08:10,2026-06-15,311.94,Healthcare,Online,Delhi,India,Digital,Android,1,1,0,0,Monday,2026-06,1,1,0.0763638012776382
TXN101290,2026-05-17 01:02:09,2026-05-17,922.49,Online Services,Online,Mumbai,India,Digital,MacOS,0,0,0,1,Sunday,2026-05,1,0,-0.21467740155182635
TXN101291,2026-02-22 01:39:34,2026-02-22,2848.17,Grocery,POS,Chennai,India,In-Store,Windows,0,1,0,1,Sunday,2026-02,1,0,-0.07078736922372175
TXN101292,2026-06-21 23:40:16,2026-06-21,1376.62,Fashion,Mobile Wallet,Delhi,India,Mobile,iOS,0,0,0,23,Sunday,2026-06,1,0,-0.21114198581437743
TXN101293,2026-04-09 23:17:40,2026-04-09,313.86,Online Services,Mobile Wallet,Ahmedabad,India,Mobile,Android,0,0,0,23,Thursday,2026-04,1,0,-0.12228185748565479
TXN101294,2026-03-27 05:56:38,2026-03-27,909.72,Healthcare,POS,Ahmedabad,India,In-Store,Android,0,0,0,5,Friday,2026-03,1,0,-0.21406554360560698
TXN101295,2026-04-18 09:37:30,2026-04-18,2837.71,Food & Dining,POS,Mumbai,India,In-Store,MacOS,0,0,0,9,Saturday,2026-04,0,0,-0.22051818959296382
TXN101296,2026-01-24 05:54:52,2026-01-24,855.88,Food & Dining,POS,Hyderabad,India,In-Store,Android,0,1,0,5,Saturday,2026-01,1,0,-0.10486052523508071
TXN101297,2026-03-22 00:52:39,2026-03-22,503.54,Fashion,Online,Jaipur,India,Digital,Android,0,0,0,0,Sunday,2026-03,1,0,-0.18410272203207467
TXN101298,2026-06-07 17:26:06,2026-06-07,4437.48,Food & Dining,Online,Chennai,India,Digital,MacOS,0,0,0,17,Sunday,2026-06,0,0,-0.16327242984718526
TXN101299,2026-04-30 04:44:25,2026-04-30,461.94,Entertainment,Mobile Wallet,Lucknow,India,Mobile,Android,0,0,0,4,Thursday,2026-04,1,0,-0.17729374891675076
TXN101300,2026-02-28 06:00:38,2026-02-28,915.06,Fashion,Online,Pune,India,Digital,iOS,0,0,1,6,Saturday,2026-02,0,0,-0.25872442364382753
TXN101301,2026-05-08 00:17:53,2026-05-08,670.45,Healthcare,Online,Bengaluru,India,Digital,Android,0,0,0,0,Friday,2026-05,1,0,-0.19655329133883032
TXN101302,2026-04-24 12:55:11,2026-04-24,1848.78,Online Services,POS,Chennai,India,In-Store,Android,0,0,0,12,Friday,2026-04,0,0,-0.25297708181366846
TXN101303,2026-04-25 23:25:07,2026-04-25,1611.87,Electronics,POS,Mumbai,India,In-Store,iOS,0,0,0,23,Saturday,2026-04,1,0,-0.21015173862787884
TXN101304,2026-01-14 08:08:40,2026-01-14,535.79,Food & Dining,Online,Ahmedabad,India,Digital,iOS,0,0,0,8,Wednesday,2026-01,0,0,-0.2343463740325209
TXN101305,2026-01-09 19:24:36,2026-01-09,626.57,Fashion,Online,Pune,India,Digital,Android,0,0,0,19,Friday,2026-01,0,0,-0.24613522834575752
TXN101306,2026-02-09 09:42:04,2026-02-09,1225.51,Healthcare,POS,Delhi,India,In-Store,Android,0,0,1,9,Monday,2026-02,0,0,-0.2613768373999786
TXN101307,2026-01-25 22:42:00,2026-01-25,1305.83,Travel,Bank Transfer,Hyderabad,India,Digital,Windows,0,0,0,22,Sunday,2026-01,0,0,-0.25906666377830756
TXN101308,2026-04-13 11:18:54,2026-04-13,913.2,Entertainment,Online,Hyderabad,India,Digital,Windows,1,0,0,11,Monday,2026-04,0,0,-0.05538210634179541
TXN101309,2026-01-22 18:55:16,2026-01-22,857.58,Online Services,POS,Jaipur,India,In-Store,iOS,0,0,0,18,Thursday,2026-01,0,0,-0.25691404570143067
TXN101310,2026-01-04 11:07:05,2026-01-04,410.39,Fashion,POS,Jaipur,India,In-Store,Android,0,1,0,11,Sunday,2026-01,0,0,-0.1318016189375888
TXN101311,2026-06-03 00:35:59,2026-06-03,4818.45,Online Services,Mobile Wallet,Chennai,India,Mobile,Windows,0,1,0,0,Wednesday,2026-06,1,0,-0.025206781846369042
TXN101312,2026-01-29 13:35:40,2026-01-29,1827.52,Jewelry,POS,Bengaluru,India,In-Store,Android,0,1,0,13,Thursday,2026-01,0,0,-0.17686751619358632
TXN101313,2026-04-19 22:03:56,2026-04-19,1101.82,Grocery,Online,Mumbai,India,Digital,Windows,0,0,0,22,Sunday,2026-04,0,0,-0.260532791796482
TXN101314,2026-04-08 21:22:56,2026-04-08,2394.57,Electronics,POS,Pune,India,In-Store,Android,0,1,1,21,Wednesday,2026-04,0,0,-0.1571512414201096
TXN101315,2026-02-06 04:04:38,2026-02-06,931.5,Jewelry,Bank Transfer,Ahmedabad,India,Digital,Android,0,1,0,4,Friday,2026-02,1,0,-0.10676470512407021
TXN101316,2026-03-16 16:57:55,2026-03-16,571.61,Jewelry,Online,Mumbai,India,Digital,iOS,0,0,0,16,Monday,2026-03,0,0,-0.2393614639812871
TXN101317,2026-03-11 13:06:44,2026-03-11,1446.34,Grocery,POS,Mumbai,India,In-Store,Android,0,0,0,13,Wednesday,2026-03,0,0,-0.25224949586719136
TXN101318,2026-05-26 03:20:21,2026-05-26,1225.62,Grocery,Online,Kolkata,India,Digital,Android,0,0,0,3,Tuesday,2026-05,1,0,-0.21817306944157638
TXN101319,2026-05-08 01:52:52,2026-05-08,4211.0,Electronics,Online,Kolkata,India,Digital,Android,0,0,0,1,Friday,2026-05,1,0,-0.10350837920072542
TXN101320,2026-03-26 18:39:23,2026-03-26,608.1,Jewelry,POS,Delhi,India,In-Store,MacOS,0,1,0,18,Thursday,2026-03,0,0,-0.17311606589898515
TXN101321,2026-02-11 20:29:15,2026-02-11,507.63,Electronics,Online,Bengaluru,India,Digital,Windows,1,0,0,20,Wednesday,2026-02,0,0,-0.022665517941033442
TXN101322,2026-04-10 06:31:04,2026-04-10,5889.89,Food & Dining,Mobile Wallet,Delhi,India,Mobile,Windows,0,0,0,6,Friday,2026-04,0,0,-0.10695546443392534
TXN101323,2026-02-10 14:12:17,2026-02-10,2828.84,Online Services,ATM,Pune,India,ATM,iOS,0,0,0,14,Tuesday,2026-02,0,0,-0.22173391297335215
TXN101324,2026-06-15 08:23:52,2026-06-15,1825.04,Grocery,POS,Ahmedabad,India,In-Store,Android,0,0,0,8,Monday,2026-06,0,0,-0.2515397470902401
TXN101325,2026-02-03 17:04:57,2026-02-03,634.7,Entertainment,POS,Ahmedabad,India,In-Store,Windows,0,0,0,17,Tuesday,2026-02,0,0,-0.2476053036320363
TXN101326,2026-01-17 20:33:44,2026-01-17,1531.77,Travel,POS,Mumbai,India,In-Store,iOS,0,0,0,20,Saturday,2026-01,0,0,-0.25271481170775967
TXN101327,2026-06-14 14:17:28,2026-06-14,390.55,Online Services,Online,Jaipur,India,Digital,iOS,0,0,0,14,Sunday,2026-06,0,0,-0.2054179540133368
TXN101328,2026-06-02 23:28:37,2026-06-02,727.25,Travel,Mobile Wallet,Ahmedabad,India,Mobile,Android,0,1,0,23,Tuesday,2026-06,1,0,-0.09993239132122911
TXN101329,2026-05-02 00:15:01,2026-05-02,432.35,Healthcare,Mobile Wallet,Jaipur,India,Mobile,Android,0,0,0,0,Saturday,2026-05,1,0,-0.17051790327259458
TXN101330,2026-03-17 23:13:17,2026-03-17,600.38,Healthcare,Online,Jaipur,India,Digital,Android,0,0,0,23,Tuesday,2026-03,1,0,-0.1953225248998483
TXN101331,2026-03-28 00:48:01,2026-03-28,422.8,Electronics,Online,Pune,India,Digital,Android,0,0,0,0,Saturday,2026-03,1,0,-0.16730453647845028
TXN101332,2026-04-27 08:17:43,2026-04-27,1913.56,Grocery,Online,Bengaluru,India,Digital,Android,0,0,0,8,Monday,2026-04,0,0,-0.25043996888435394
TXN101333,2026-04-16 01:33:42,2026-04-16,4582.21,Fashion,ATM,Mumbai,India,ATM,Windows,0,0,0,1,Thursday,2026-04,1,0,-0.0916689187020131
TXN101334,2026-03-27 00:22:58,2026-03-27,2394.76,Travel,ATM,Ahmedabad,India,ATM,Android,0,0,0,0,Friday,2026-03,1,0,-0.18655257832387495
TXN101335,2026-01-27 23:06:08,2026-01-27,1996.83,Utilities,Mobile Wallet,Lucknow,India,Mobile,Windows,0,1,0,23,Tuesday,2026-01,1,0,-0.10840866837765217
TXN101336,2026-02-26 19:46:26,2026-02-26,838.03,Utilities,Bank Transfer,Bengaluru,India,Digital,Android,0,1,0,19,Thursday,2026-02,0,0,-0.18752651840363083
TXN101337,2026-01-31 12:33:21,2026-01-31,1278.89,Food & Dining,POS,Kolkata,India,In-Store,iOS,1,0,0,12,Saturday,2026-01,0,0,-0.056693857993053265
TXN101338,2026-05-14 16:27:31,2026-05-14,465.08,Entertainment,ATM,Lucknow,India,ATM,Android,0,1,0,16,Thursday,2026-05,0,0,-0.14524359248489283
TXN101339,2026-06-17 20:09:32,2026-06-17,387.86,Entertainment,Bank Transfer,Pune,India,Digital,Android,0,0,0,20,Wednesday,2026-06,0,0,-0.20448460094871823
TXN101340,2026-04-08 10:54:15,2026-04-08,342.99,Utilities,POS,Bengaluru,India,In-Store,Android,0,0,0,10,Wednesday,2026-04,0,0,-0.1917244057123178
TXN101341,2026-01-12 17:33:32,2026-01-12,413.18,Fashion,POS,Pune,India,In-Store,Android,0,0,0,17,Monday,2026-01,0,0,-0.21440629770496838
TXN101342,2026-02-22 13:56:50,2026-02-22,1900.25,Travel,ATM,Bengaluru,India,ATM,Android,0,0,0,13,Sunday,2026-02,0,0,-0.2521289864765762
TXN101343,2026-05-18 06:14:59,2026-05-18,2074.37,Travel,POS,Jaipur,India,In-Store,MacOS,0,0,0,6,Monday,2026-05,0,0,-0.2490864330854899
TXN101344,2026-06-22 14:20:28,2026-06-22,533.14,Food & Dining,ATM,Mumbai,India,ATM,Android,0,0,0,14,Monday,2026-06,0,0,-0.23424754713343726
TXN101345,2026-05-25 17:02:40,2026-05-25,1386.96,Fashion,ATM,Ahmedabad,India,ATM,iOS,0,0,0,17,Monday,2026-05,0,0,-0.25456541339098354
TXN101346,2026-06-03 01:16:43,2026-06-03,2734.12,Fashion,Bank Transfer,Chennai,India,Digital,Android,0,1,0,1,Wednesday,2026-06,1,0,-0.0775060078883788
TXN101347,2026-05-02 23:44:33,2026-05-02,971.14,Grocery,ATM,Hyderabad,India,ATM,Android,0,0,0,23,Saturday,2026-05,1,0,-0.21957777639801057
TXN101348,2026-02-15 03:30:32,2026-02-15,605.05,Healthcare,POS,Mumbai,India,In-Store,iOS,0,0,0,3,Sunday,2026-02,1,0,-0.19347813886994558
TXN101349,2026-03-05 08:30:07,2026-03-05,785.83,Electronics,Bank Transfer,Jaipur,India,Digital,MacOS,0,1,0,8,Thursday,2026-03,0,0,-0.18720031135029686
TXN101350,2026-05-10 18:15:56,2026-05-10,3445.08,Electronics,POS,Jaipur,India,In-Store,iOS,0,1,0,18,Sunday,2026-05,0,0,-0.11534203333039239
TXN101351,2026-02-23 13:03:14,2026-02-23,1037.29,Fashion,Online,Chennai,India,Digital,MacOS,0,0,0,13,Monday,2026-02,0,0,-0.25725248071897966
TXN101352,2026-04-17 17:36:22,2026-04-17,6054.63,Electronics,Online,Jaipur,India,Digital,Android,0,1,0,17,Friday,2026-04,0,0,-0.05788298331317765
TXN101353,2026-02-20 19:32:34,2026-02-20,642.87,Food & Dining,POS,Lucknow,India,In-Store,Android,0,0,0,19,Friday,2026-02,0,0,-0.24605148098890872
TXN101354,2026-06-30 15:39:04,2026-06-30,731.49,Fashion,ATM,Jaipur,India,ATM,Unknown,0,0,0,15,Tuesday,2026-06,0,0,-0.25158032072309744
TXN101355,2026-02-05 14:56:15,2026-02-05,356.28,Fashion,Mobile Wallet,Kolkata,India,Mobile,iOS,0,0,0,14,Thursday,2026-02,0,0,-0.1952977129581966
TXN101356,2026-04-25 02:02:29,2026-04-25,2586.11,Food & Dining,POS,Ahmedabad,India,In-Store,Windows,0,0,0,2,Saturday,2026-04,1,0,-0.18142374276903223
TXN101357,2026-01-26 19:45:54,2026-01-26,1182.5,Electronics,POS,Mumbai,India,In-Store,Android,0,0,0,19,Monday,2026-01,0,0,-0.25997087376652184
TXN101358,2026-01-29 07:37:44,2026-01-29,533.69,Electronics,Online,Hyderabad,India,Digital,Android,0,0,0,7,Thursday,2026-01,0,0,-0.23424754713343726
TXN101359,2026-05-29 11:50:24,2026-05-29,823.12,Online Services,Online,Lucknow,India,Digital,Android,0,2,0,11,Friday,2026-05,0,0,-0.010788052523337033
TXN101360,2026-01-11 10:22:24,2026-01-11,1617.06,Fashion,Bank Transfer,Lucknow,India,Digital,MacOS,1,0,0,10,Sunday,2026-01,0,0,-0.04861859097448362
TXN101361,2026-02-09 23:16:31,2026-02-09,565.97,Fashion,Online,Hyderabad,India,Digital,MacOS,0,0,0,23,Monday,2026-02,1,0,-0.19445793381166404
TXN101362,2026-01-11 06:44:59,2026-01-11,1442.04,Grocery,ATM,Jaipur,India,ATM,Windows,0,0,0,6,Sunday,2026-01,0,0,-0.2520878829146459
TXN101363,2026-06-13 13:19:35,2026-06-13,2252.01,Food & Dining,Bank Transfer,Bengaluru,India,Digital,iOS,0,0,0,13,Saturday,2026-06,0,0,-0.2428331428528518
TXN101364,2026-04-23 00:24:22,2026-04-23,775.23,Food & Dining,POS,Lucknow,India,In-Store,Android,0,0,1,0,Thursday,2026-04,1,0,-0.20920032394395105
TXN101365,2026-02-08 22:37:21,2026-02-08,247.34,Food & Dining,Mobile Wallet,Lucknow,India,Mobile,iOS,0,0,0,22,Sunday,2026-02,0,0,-0.1437065645744201
TXN101366,2026-02-23 22:43:08,2026-02-23,883.29,Healthcare,POS,Mumbai,India,In-Store,iOS,0,0,0,22,Monday,2026-02,0,0,-0.2610253271948312
TXN101367,2026-04-08 11:16:21,2026-04-08,732.84,Electronics,Online,Chennai,India,Digital,iOS,0,1,0,11,Wednesday,2026-04,0,0,-0.1841016794829996
TXN101368,2026-02-24 19:48:09,2026-02-24,404.92,Travel,Mobile Wallet,Kolkata,India,Mobile,iOS,0,0,0,19,Tuesday,2026-02,0,0,-0.2114412923613832
TXN101369,2026-04-21 03:56:15,2026-04-21,1753.58,Utilities,Mobile Wallet,Hyderabad,India,Mobile,iOS,0,0,0,3,Tuesday,2026-04,1,0,-0.20649806807173754
TXN101370,2026-06-01 01:43:11,2026-06-01,1809.0,Jewelry,Online,Jaipur,India,Digital,Windows,0,2,0,1,Monday,2026-06,1,1,0.03255923655091275
TXN101371,2026-05-30 23:10:34,2026-05-30,1305.79,Electronics,Online,Pune,India,Digital,Windows,0,0,0,23,Saturday,2026-05,1,0,-0.21645091779310854
TXN101372,2026-03-10 23:28:38,2026-03-10,775.27,Food & Dining,Online,Pune,India,Digital,Windows,0,0,0,23,Tuesday,2026-03,1,0,-0.20920032394395105
TXN101373,2026-02-25 22:15:58,2026-02-25,1221.82,Electronics,Online,Bengaluru,India,Digital,Android,0,0,0,22,Wednesday,2026-02,0,0,-0.26190696729332547
TXN101374,2026-02-02 18:28:57,2026-02-02,651.92,Grocery,Mobile Wallet,Lucknow,India,Mobile,Android,0,1,0,18,Monday,2026-02,0,0,-0.1789326075284165
TXN101375,2026-02-05 13:14:05,2026-02-05,1896.57,Travel,POS,Lucknow,India,In-Store,Android,0,0,0,13,Thursday,2026-02,0,0,-0.2523767832201754
TXN101376,2026-05-28 06:28:03,2026-05-28,772.73,Electronics,POS,Chennai,India,In-Store,iOS,0,0,0,6,Thursday,2026-05,0,0,-0.25419082784898483
TXN101377,2026-03-22 16:25:23,2026-03-22,896.34,Healthcare,Mobile Wallet,Lucknow,India,Mobile,Windows,0,0,0,16,Sunday,2026-03,0,0,-0.26015657391614944
TXN101378,2026-04-19 08:20:24,2026-04-19,958.1,Food & Dining,POS,Pune,India,In-Store,Windows,0,0,0,8,Sunday,2026-04,0,0,-0.25673276881766516
TXN101379,2026-06-03 13:47:10,2026-06-03,14969.59,Electronics,POS,Hyderabad,India,In-Store,MacOS,0,0,0,13,Wednesday,2026-06,0,0,-0.017977895695847845
TXN101380,2026-03-14 08:32:14,2026-03-14,485.06,Grocery,Mobile Wallet,Bengaluru,India,Mobile,Android,0,0,0,8,Saturday,2026-03,0,0,-0.23217483692586216
TXN101381,2026-02-09 00:08:35,2026-02-09,752.69,Utilities,Mobile Wallet,Chennai,India,Mobile,Android,0,0,0,0,Monday,2026-02,1,0,-0.207395189761996
TXN101382,2026-01-17 18:32:07,2026-01-17,304.38,Electronics,Mobile Wallet,Kolkata,India,Mobile,iOS,0,0,0,18,Saturday,2026-01,0,0,-0.17898815188332384
TXN101383,2026-05-09 12:50:16,2026-05-09,1343.93,Entertainment,POS,Pune,India,In-Store,Windows,0,0,0,12,Saturday,2026-05,0,0,-0.2588151980421104
TXN101384,2026-03-02 19:57:13,2026-03-02,4380.51,Fashion,Bank Transfer,Delhi,India,Digital,iOS,0,1,0,19,Monday,2026-03,0,0,-0.09403587046042072
TXN101385,2026-06-20 16:19:15,2026-06-20,913.01,Food & Dining,Online,Mumbai,India,Digital,iOS,0,1,0,16,Saturday,2026-06,0,0,-0.1856472108292857
TXN101386,2026-04-14 07:44:16,2026-04-14,656.03,Travel,ATM,Chennai,India,ATM,iOS,0,0,0,7,Tuesday,2026-04,0,0,-0.2453685181046385
TXN101387,2026-02-11 20:31:10,2026-02-11,1044.58,Grocery,Mobile Wallet,Chennai,India,Mobile,iOS,0,0,0,20,Wednesday,2026-02,0,0,-0.25735564683058376
TXN101388,2026-01-25 06:42:42,2026-01-25,2509.34,Electronics,Online,Pune,India,Digital,Windows,0,0,0,6,Sunday,2026-01,0,0,-0.23360455434633032
TXN101389,2026-02-08 01:40:08,2026-02-08,3311.53,Electronics,Bank Transfer,Bengaluru,India,Digital,Android,0,0,0,1,Sunday,2026-02,1,0,-0.14504078330889092
TXN101390,2026-02-04 02:13:07,2026-02-04,474.53,Fashion,POS,Mumbai,India,In-Store,iOS,0,0,0,2,Wednesday,2026-02,1,0,-0.1824038557722235
TXN101391,2026-05-11 17:22:12,2026-05-11,1856.67,Entertainment,Online,Hyderabad,India,Digital,Windows,0,0,0,17,Monday,2026-05,0,0,-0.2520114512766721
TXN101392,2026-04-18 00:55:32,2026-04-18,1011.01,Travel,Bank Transfer,Hyderabad,India,Digital,Android,0,0,1,0,Saturday,2026-04,1,0,-0.22195875202459114
TXN101393,2026-06-21 18:25:23,2026-06-21,3477.3,Grocery,Online,Lucknow,India,Digital,Windows,0,0,0,18,Sunday,2026-06,0,0,-0.19971132118113183
TXN101394,2026-06-28 10:49:50,2026-06-28,6878.59,Food & Dining,ATM,Delhi,India,ATM,Windows,0,1,0,10,Sunday,2026-06,0,0,-0.0413952016206528
TXN101395,2026-04-12 02:44:33,2026-04-12,4705.4,Entertainment,Online,Ahmedabad,India,Digital,iOS,1,1,0,2,Sunday,2026-04,1,1,0.09041284516519321
TXN101396,2026-04-08 22:55:42,2026-04-08,498.2,Jewelry,Mobile Wallet,Pune,India,Mobile,Android,0,0,0,22,Wednesday,2026-04,0,0,-0.23363829793408253
TXN101397,2026-01-12 23:49:21,2026-01-12,559.37,Food & Dining,Online,Bengaluru,India,Digital,Windows,1,1,0,23,Monday,2026-01,1,1,0.0678970353353906
TXN101398,2026-01-19 10:07:24,2026-01-19,4253.7,Food & Dining,Online,Mumbai,India,Digital,Android,1,0,0,10,Monday,2026-01,0,1,0.009432431634048166
TXN101399,2026-04-11 09:49:00,2026-04-11,1009.12,Food & Dining,Online,Bengaluru,India,Digital,iOS,0,0,0,9,Saturday,2026-04,0,0,-0.25554358507381564
TXN101400,2026-02-13 01:23:53,2026-02-13,592.56,Online Services,Mobile Wallet,Ahmedabad,India,Mobile,Windows,0,0,0,1,Friday,2026-02,1,0,-0.19636547485093392
TXN101401,2026-02-18 20:22:04,2026-02-18,368.65,Utilities,Bank Transfer,Hyderabad,India,Digital,iOS,0,0,0,20,Wednesday,2026-02,0,0,-0.198455712004458
TXN101402,2026-01-17 04:21:29,2026-01-17,1226.3,Travel,Bank Transfer,Bengaluru,India,Digital,Android,0,0,1,4,Saturday,2026-01,1,0,-0.21817306944157638
TXN101403,2026-03-15 00:01:06,2026-03-15,788.71,Electronics,POS,Hyderabad,India,In-Store,Windows,0,1,0,0,Sunday,2026-03,1,0,-0.10319793057638205
TXN101404,2026-02-26 12:34:06,2026-02-26,1498.57,Travel,POS,Hyderabad,India,In-Store,MacOS,0,0,0,12,Thursday,2026-02,0,0,-0.2541278397700434
TXN101405,2026-02-24 02:05:33,2026-02-24,1276.84,Food & Dining,Online,Delhi,India,Digital,iOS,0,0,0,2,Tuesday,2026-02,1,0,-0.2175588353042976
TXN101406,2026-02-16 22:23:59,2026-02-16,414.68,Healthcare,POS,Hyderabad,India,In-Store,Windows,0,1,0,22,Monday,2026-02,0,0,-0.13197616165759307
TXN101407,2026-01-12 19:29:12,2026-01-12,570.21,Food & Dining,Online,Jaipur,India,Digital,iOS,0,1,0,19,Monday,2026-01,0,0,-0.16953526327358276
TXN101408,2026-03-03 16:34:18,2026-03-03,2334.86,Grocery,Mobile Wallet,Hyderabad,India,Mobile,iOS,0,0,0,16,Tuesday,2026-03,0,0,-0.2404408967997831
TXN101409,2026-03-21 10:41:38,2026-03-21,2505.34,Healthcare,Bank Transfer,Mumbai,India,Digital,Android,0,0,0,10,Saturday,2026-03,0,0,-0.2342671807667368
TXN101410,2026-03-24 03:16:12,2026-03-24,814.73,Utilities,POS,Mumbai,India,In-Store,iOS,0,1,0,3,Tuesday,2026-03,1,0,-0.1023310551516966
TXN101411,2026-01-08 13:37:16,2026-01-08,1262.49,Travel,Online,Mumbai,India,Digital,iOS,1,0,0,13,Thursday,2026-01,0,0,-0.058935591159584466
TXN101412,2026-05-29 16:15:31,2026-05-29,476.95,Entertainment,Bank Transfer,Chennai,India,Digital,iOS,0,0,0,16,Friday,2026-05,0,0,-0.23209398706366657
TXN101413,2026-03-22 03:35:40,2026-03-22,1050.53,Fashion,Online,Pune,India,Digital,iOS,1,0,0,3,Sunday,2026-03,1,1,0.010160920384002736
TXN101414,2026-04-28 04:42:12,2026-04-28,2655.18,Online Services,Online,Pune,India,Digital,MacOS,0,0,0,4,Tuesday,2026-04,1,0,-0.17896626311496483
TXN101415,2026-01-25 15:47:07,2026-01-25,4165.72,Online Services,Online,Pune,India,Digital,Android,0,1,0,15,Sunday,2026-01,0,0,-0.10037589196444685
TXN101416,2026-03-30 17:03:51,2026-03-30,991.78,Food & Dining,POS,Jaipur,India,In-Store,Windows,0,1,0,17,Monday,2026-03,0,0,-0.18159101661868055
TXN101417,2026-01-12 06:50:48,2026-01-12,852.9,Healthcare,Bank Transfer,Mumbai,India,Digital,Android,0,0,0,6,Monday,2026-01,0,0,-0.2571892586045727
TXN101418,2026-05-23 09:09:26,2026-05-23,347.53,Online Services,POS,Lucknow,India,In-Store,Windows,0,0,0,9,Saturday,2026-05,0,0,-0.19160317245711023
TXN101419,2026-02-28 07:42:57,2026-02-28,679.41,Food & Dining,Online,Pune,India,Digital,Android,0,0,0,7,Saturday,2026-02,0,0,-0.24658527832848898
TXN101420,2026-06-03 09:02:47,2026-06-03,1038.17,Travel,POS,Ahmedabad,India,In-Store,Android,0,0,0,9,Wednesday,2026-06,0,0,-0.25725248071897966
TXN101421,2026-04-19 04:46:14,2026-04-19,953.84,Utilities,Bank Transfer,Ahmedabad,India,Digital,iOS,0,1,0,4,Sunday,2026-04,1,0,-0.10846355767890081
TXN101422,2026-01-26 11:49:58,2026-01-26,696.46,Electronics,Online,Bengaluru,India,Digital,iOS,0,1,0,11,Monday,2026-01,0,0,-0.18225512703315194
TXN101423,2026-02-16 16:26:39,2026-02-16,2834.63,Fashion,Online,Chennai,India,Digital,MacOS,0,1,0,16,Monday,2026-02,0,0,-0.13601879280773976
TXN101424,2026-02-01 03:49:58,2026-02-01,1527.23,Online Services,Mobile Wallet,Lucknow,India,Mobile,Android,0,0,0,3,Sunday,2026-02,1,0,-0.20940195327250927
TXN101425,2026-01-10 18:09:24,2026-01-10,960.61,Healthcare,Mobile Wallet,Hyderabad,India,Mobile,Android,0,0,0,18,Saturday,2026-01,0,0,-0.2566113227999477
TXN101426,2026-01-16 04:52:38,2026-01-16,1894.92,Fashion,Mobile Wallet,Mumbai,India,Mobile,iOS,0,0,0,4,Friday,2026-01,1,0,-0.19752897544737746
TXN101427,2026-05-25 16:58:04,2026-05-25,2178.24,Electronics,Bank Transfer,Jaipur,India,Digital,Android,0,1,0,16,Monday,2026-05,0,0,-0.1634284704765005
TXN101428,2026-05-31 12:17:17,2026-05-31,3796.76,Fashion,Online,Chennai,India,Digital,iOS,0,0,0,12,Sunday,2026-05,0,0,-0.1897112158645406
TXN101429,2026-01-26 18:11:37,2026-01-26,580.61,Travel,Online,Delhi,India,Digital,MacOS,0,0,0,18,Monday,2026-01,0,0,-0.2404955938122017
TXN101430,2026-03-27 00:02:58,2026-03-27,1425.92,Electronics,POS,Delhi,India,In-Store,iOS,0,0,0,0,Friday,2026-03,1,0,-0.2087812243847565
TXN101431,2026-05-15 23:53:26,2026-05-15,200.24,Healthcare,POS,Kolkata,India,In-Store,iOS,0,0,0,23,Friday,2026-05,1,0,-0.044117777324994
TXN101432,2026-01-14 04:45:18,2026-01-14,801.62,Travel,Mobile Wallet,Hyderabad,India,Mobile,Android,0,0,0,4,Wednesday,2026-01,1,0,-0.20832802315827464
TXN101433,2026-03-20 06:16:56,2026-03-20,1238.33,Food & Dining,Bank Transfer,Mumbai,India,Digital,Android,0,0,0,6,Friday,2026-03,0,0,-0.2606820089664171
TXN101434,2026-04-27 00:13:18,2026-04-27,848.22,Fashion,Bank Transfer,Chennai,India,Digital,iOS,0,0,0,0,Monday,2026-04,1,0,-0.2041282169453646
TXN101435,2026-01-07 02:06:41,2026-01-07,452.97,Jewelry,Online,Delhi,India,Digital,MacOS,0,0,0,2,Wednesday,2026-01,1,0,-0.17534230627188924
TXN101436,2026-05-17 07:02:43,2026-05-17,629.29,Fashion,Mobile Wallet,Kolkata,India,Mobile,iOS,0,0,0,7,Sunday,2026-05,0,0,-0.2458156275979556
TXN101437,2026-04-25 00:46:35,2026-04-25,490.21,Grocery,Bank Transfer,Jaipur,India,Digital,iOS,0,0,0,0,Saturday,2026-04,1,0,-0.18603436626134506
TXN101438,2026-06-25 12:34:24,2026-06-25,996.75,Grocery,Online,Mumbai,India,Digital,iOS,0,1,0,12,Thursday,2026-06,0,0,-0.1817487187748158
TXN101439,2026-03-13 20:13:53,2026-03-13,2055.1,Entertainment,Mobile Wallet,Delhi,India,Mobile,Windows,1,2,0,20,Friday,2026-03,0,1,0.07676745563780862
TXN101440,2026-02-28 00:51:24,2026-02-28,830.97,Entertainment,Online,Pune,India,Digital,iOS,1,0,0,0,Saturday,2026-02,1,1,0.015836638081704657
TXN101441,2026-03-23 21:17:26,2026-03-23,4661.72,Fashion,Online,Ahmedabad,India,Digital,MacOS,0,1,0,21,Monday,2026-03,0,0,-0.08445749750830389
TXN101442,2026-04-26 00:12:11,2026-04-26,1316.75,Fashion,ATM,Kolkata,India,ATM,iOS,0,0,0,0,Sunday,2026-04,1,0,-0.21341209320716326
TXN101443,2026-06-16 00:18:49,2026-06-16,212.97,Grocery,ATM,Jaipur,India,ATM,Android,0,0,0,0,Tuesday,2026-06,1,0,-0.05032392311300471
TXN101444,2026-05-26 07:47:02,2026-05-26,1431.58,Food & Dining,Online,Delhi,India,Digital,Android,0,2,0,7,Tuesday,2026-05,0,0,-0.015645613869556874
TXN101445,2026-04-13 00:26:45,2026-04-13,1053.3,Food & Dining,POS,Jaipur,India,In-Store,Android,0,2,0,0,Monday,2026-04,1,1,0.030988347712463726
TXN101446,2026-01-17 21:31:46,2026-01-17,3300.78,Electronics,Mobile Wallet,Hyderabad,India,Mobile,Android,0,2,0,21,Saturday,2026-01,0,1,0.012195904718183659
TXN101447,2026-01-14 12:15:30,2026-01-14,1081.84,Grocery,Bank Transfer,Bengaluru,India,Digital,Android,0,0,0,12,Wednesday,2026-01,0,0,-0.2616591188046758
TXN101448,2026-06-08 08:07:45,2026-06-08,895.58,Grocery,Bank Transfer,Kolkata,India,Digital,Android,0,0,0,8,Monday,2026-06,0,0,-0.2608669950375124
TXN101449,2026-06-01 08:58:50,2026-06-01,5758.04,Grocery,Online,Chennai,India,Digital,Android,0,0,0,8,Monday,2026-06,0,0,-0.11084537920369508
TXN101450,2026-04-18 19:01:09,2026-04-18,203.45,Entertainment,Online,Chennai,India,Digital,Android,0,1,0,19,Saturday,2026-04,0,0,-0.04273300243812905
TXN101451,2026-02-14 04:13:07,2026-02-14,832.63,Electronics,Online,Delhi,India,Digital,Android,0,0,0,4,Saturday,2026-02,1,0,-0.2050298211605327
TXN101452,2026-04-08 07:09:51,2026-04-08,1356.37,Travel,Online,Pune,India,Digital,iOS,0,2,0,7,Wednesday,2026-04,0,0,-0.01509720740811904
TXN101453,2026-05-11 19:36:50,2026-05-11,796.71,Electronics,Online,Pune,India,Digital,iOS,0,1,0,19,Monday,2026-05,0,0,-0.18736459565305236
TXN101454,2026-02-06 11:04:27,2026-02-06,204.25,Jewelry,Online,Hyderabad,India,Digital,MacOS,0,0,0,11,Friday,2026-02,0,0,-0.10636621532069501
TXN101455,2026-06-20 00:14:53,2026-06-20,1515.15,Online Services,ATM,Chennai,India,ATM,Android,0,0,0,0,Saturday,2026-06,1,0,-0.20860117123631922
TXN101456,2026-06-17 05:29:33,2026-06-17,760.22,Electronics,POS,Kolkata,India,In-Store,Android,0,0,0,5,Wednesday,2026-06,1,0,-0.20736428732925022
TXN101457,2026-04-18 01:10:39,2026-04-18,983.39,Travel,Bank Transfer,Ahmedabad,India,Digital,Windows,0,0,0,1,Saturday,2026-04,1,0,-0.22024023604578513
TXN101458,2026-02-08 05:47:43,2026-02-08,3002.16,Electronics,Online,Pune,India,Digital,iOS,0,0,0,5,Sunday,2026-02,1,0,-0.1600961924241842
TXN101459,2026-01-15 14:16:55,2026-01-15,1399.08,Food & Dining,POS,Chennai,India,In-Store,MacOS,0,0,0,14,Thursday,2026-01,0,0,-0.25607480611169325
TXN101460,2026-04-30 19:09:28,2026-04-30,667.79,Grocery,Online,Bengaluru,India,Digital,Android,0,1,0,19,Thursday,2026-04,0,0,-0.18074675129101708
TXN101461,2026-01-04 16:47:10,2026-01-04,1502.48,Healthcare,POS,Kolkata,India,In-Store,Android,0,0,0,16,Sunday,2026-01,0,0,-0.25445190487681973
TXN101462,2026-04-03 00:25:15,2026-04-03,780.89,Food & Dining,Online,Ahmedabad,India,Digital,Android,0,1,0,0,Friday,2026-04,1,0,-0.10371222187104734
TXN101463,2026-06-02 04:03:25,2026-06-02,860.19,Online Services,Mobile Wallet,Bengaluru,India,Mobile,Android,0,0,0,4,Tuesday,2026-06,1,0,-0.20397663553350076
TXN101464,2026-05-21 15:37:20,2026-05-21,2009.94,Electronics,Bank Transfer,Chennai,India,Digital,iOS,0,0,1,15,Thursday,2026-05,0,0,-0.24753537820094856
TXN101465,2026-06-10 01:33:06,2026-06-10,656.3,Utilities,POS,Delhi,India,In-Store,iOS,0,2,0,1,Wednesday,2026-06,1,1,0.03520158751253444
TXN101466,2026-01-16 08:39:46,2026-01-16,1718.58,Utilities,Online,Lucknow,India,Digital,Android,0,0,0,8,Friday,2026-01,0,0,-0.2543669520537709
TXN101467,2026-06-19 07:28:48,2026-06-19,912.25,Grocery,ATM,Lucknow,India,ATM,iOS,0,0,0,7,Friday,2026-06,0,0,-0.25872442364382753
TXN101468,2026-04-18 23:04:47,2026-04-18,730.44,Fashion,Bank Transfer,Hyderabad,India,Digital,Windows,0,1,0,23,Saturday,2026-04,1,0,-0.0994035722076444
TXN101469,2026-05-06 05:45:11,2026-05-06,732.47,Electronics,Online,Hyderabad,India,Digital,iOS,0,0,0,5,Wednesday,2026-05,1,0,-0.20538108003731925
TXN101470,2026-02-24 15:16:02,2026-02-24,671.03,Travel,POS,Ahmedabad,India,In-Store,Android,0,0,0,15,Tuesday,2026-02,0,0,-0.24530550329396061
TXN101471,2026-06-19 05:33:59,2026-06-19,1177.81,Travel,Bank Transfer,Bengaluru,India,Digital,Android,1,0,0,5,Friday,2026-06,1,1,0.012339766069694336
TXN101472,2026-02-03 10:09:21,2026-02-03,880.25,Food & Dining,Bank Transfer,Chennai,India,Digital,iOS,0,1,0,10,Tuesday,2026-02,0,0,-0.18640991353052483
TXN101473,2026-06-07 20:58:03,2026-06-07,3280.03,Fashion,Bank Transfer,Chennai,India,Digital,iOS,0,1,0,20,Sunday,2026-06,0,0,-0.11868173247777691
TXN101474,2026-01-13 22:36:35,2026-01-13,539.31,Jewelry,Mobile Wallet,Delhi,India,Mobile,MacOS,0,0,0,22,Tuesday,2026-01,0,0,-0.23444779720360648
TXN101475,2026-05-21 00:26:17,2026-05-21,1693.4,Grocery,Mobile Wallet,Jaipur,India,Mobile,MacOS,0,0,0,0,Thursday,2026-05,1,0,-0.20807226681921054
TXN101476,2026-01-18 07:52:30,2026-01-18,2737.01,Jewelry,POS,Hyderabad,India,In-Store,MacOS,0,0,0,7,Sunday,2026-01,0,0,-0.22798227126910797
TXN101477,2026-06-09 09:23:18,2026-06-09,4376.92,Electronics,POS,Jaipur,India,In-Store,iOS,0,0,0,9,Tuesday,2026-06,0,0,-0.16800552897285592
TXN101478,2026-04-06 22:36:57,2026-04-06,572.83,Utilities,Bank Transfer,Jaipur,India,Digital,Android,0,1,0,22,Monday,2026-04,0,0,-0.16874781905291397
TXN101479,2026-05-03 02:59:45,2026-05-03,2488.68,Fashion,Bank Transfer,Delhi,India,Digital,Android,0,1,0,2,Sunday,2026-05,1,0,-0.08671599174685218
TXN101480,2026-02-08 20:03:47,2026-02-08,1293.0,Electronics,Mobile Wallet,Jaipur,India,Mobile,iOS,1,0,0,20,Sunday,2026-02,0,0,-0.05662425823311579
TXN101481,2026-02-15 17:12:37,2026-02-15,2544.76,Online Services,Online,Jaipur,India,Digital,Windows,0,0,0,17,Sunday,2026-02,0,0,-0.2317465803729607
TXN101482,2026-01-29 18:10:31,2026-01-29,654.76,Travel,POS,Delhi,India,In-Store,Android,0,1,0,18,Thursday,2026-01,0,0,-0.17919536288818544
TXN101483,2026-03-03 04:48:17,2026-03-03,999.24,Entertainment,Online,Pune,India,Digital,iOS,0,0,0,4,Tuesday,2026-03,1,0,-0.2206956773142465
TXN101484,2026-01-16 19:58:14,2026-01-16,819.8,Food & Dining,Online,Jaipur,India,Digital,iOS,0,0,0,19,Friday,2026-01,0,0,-0.25663513793929876
TXN101485,2026-05-01 17:42:52,2026-05-01,764.6,Food & Dining,Online,Hyderabad,India,Digital,Android,0,0,0,17,Friday,2026-05,0,0,-0.25361143370842265
TXN101486,2026-01-10 05:26:21,2026-01-10,1133.32,Food & Dining,Bank Transfer,Delhi,India,Digital,Android,0,0,1,5,Saturday,2026-01,1,0,-0.2225566510125605
TXN101487,2026-06-07 15:19:52,2026-06-07,8070.08,Healthcare,Online,Kolkata,India,Digital,Android,0,0,0,15,Sunday,2026-06,0,0,-0.051090311254837206
TXN101488,2026-06-02 00:24:22,2026-06-02,1872.64,Grocery,Bank Transfer,Jaipur,India,Digital,Android,0,0,0,0,Tuesday,2026-06,1,0,-0.1992780306390089
TXN101489,2026-04-13 17:49:33,2026-04-13,828.07,Entertainment,Bank Transfer,Pune,India,Digital,iOS,0,0,0,17,Monday,2026-04,0,0,-0.25646010302245065
TXN101490,2026-03-25 04:18:31,2026-03-25,868.21,Online Services,Online,Hyderabad,India,Digital,Android,0,0,0,4,Wednesday,2026-03,1,0,-0.20663522596152484
TXN101491,2026-05-13 21:08:26,2026-05-13,1719.93,Grocery,Online,Mumbai,India,Digital,Android,0,1,0,21,Wednesday,2026-05,0,0,-0.1798354835788083
TXN101492,2026-03-06 13:31:05,2026-03-06,944.89,Electronics,ATM,Hyderabad,India,ATM,Android,0,0,0,13,Friday,2026-03,0,0,-0.25845392489332447
TXN101493,2026-06-26 12:20:14,2026-06-26,947.57,Healthcare,Bank Transfer,Bengaluru,India,Digital,Android,0,0,0,12,Friday,2026-06,0,0,-0.2576263149016096
TXN101494,2026-01-03 22:30:10,2026-01-03,451.54,Fashion,Mobile Wallet,Kolkata,India,Mobile,Windows,1,1,0,22,Saturday,2026-01,0,1,0.04288060827419016
TXN101495,2026-06-22 20:09:33,2026-06-22,1056.11,Fashion,Mobile Wallet,Lucknow,India,Mobile,iOS,0,0,0,20,Monday,2026-06,0,0,-0.259707964499478
TXN101496,2026-05-22 03:43:06,2026-05-22,145.47,Electronics,Mobile Wallet,Chennai,India,Mobile,iOS,0,4,0,3,Friday,2026-05,1,1,0.09989666293425581
TXN101497,2026-04-30 15:07:40,2026-04-30,266.47,Food & Dining,ATM,Bengaluru,India,ATM,iOS,0,0,0,15,Thursday,2026-04,0,0,-0.15977449495508678
TXN101498,2026-06-07 01:43:41,2026-06-07,828.61,Grocery,Mobile Wallet,Unknown,India,Mobile,iOS,0,0,0,1,Sunday,2026-06,1,0,-0.20547406620140246
TXN101499,2026-03-09 06:31:14,2026-03-09,1859.79,Food & Dining,Bank Transfer,Delhi,India,Digital,Android,0,2,0,6,Monday,2026-03,0,0,-0.011601047624793082
TXN101500,2026-05-26 05:50:45,2026-05-26,3980.2,Utilities,Mobile Wallet,Chennai,India,Mobile,Android,0,0,0,5,Tuesday,2026-05,1,0,-0.1123186153838972
TXN101501,2026-02-06 01:22:02,2026-02-06,1511.86,Travel,Online,Ahmedabad,India,Digital,MacOS,0,0,0,1,Friday,2026-02,1,0,-0.2093470110508976
TXN101502,2026-06-02 06:18:26,2026-06-02,1681.41,Food & Dining,Mobile Wallet,Ahmedabad,India,Mobile,iOS,0,1,0,6,Tuesday,2026-06,0,0,-0.17819435524919452
TXN101503,2026-06-25 11:52:51,2026-06-25,1200.24,Jewelry,POS,Chennai,India,In-Store,Windows,0,0,0,11,Thursday,2026-06,0,0,-0.2615859716178578
TXN101504,2026-06-30 14:32:15,2026-06-30,2144.65,Healthcare,Bank Transfer,Delhi,India,Digital,MacOS,0,0,0,14,Tuesday,2026-06,0,0,-0.2453825767537643
TXN101505,2026-03-14 14:42:29,2026-03-14,1300.76,Online Services,Online,Hyderabad,India,Digital,iOS,0,1,0,14,Saturday,2026-03,0,0,-0.18445441577936866
TXN101506,2026-05-23 19:38:34,2026-05-23,1477.48,Fashion,POS,Kolkata,India,In-Store,Android,1,0,0,19,Saturday,2026-05,0,0,-0.05403420301003403
TXN101507,2026-02-18 04:14:00,2026-02-18,313.91,Utilities,Online,Pune,India,Digital,iOS,0,0,0,4,Wednesday,2026-02,1,0,-0.12228185748565479
TXN101508,2026-05-01 00:45:16,2026-05-01,1353.39,Grocery,Online,Lucknow,India,Digital,iOS,0,0,0,0,Friday,2026-05,1,0,-0.20938212148724994
TXN101509,2026-03-29 04:36:14,2026-03-29,1117.24,Grocery,Online,Kolkata,India,Digital,MacOS,1,0,0,4,Sunday,2026-03,1,1,0.00979045541196455
TXN101510,2026-05-20 23:07:35,2026-05-20,786.1,Electronics,Bank Transfer,Chennai,India,Digital,Windows,0,0,0,23,Wednesday,2026-05,1,0,-0.20750927258785468
TXN101511,2026-02-06 20:28:37,2026-02-06,833.79,Fashion,Online,Delhi,India,Digital,Windows,0,0,0,20,Friday,2026-02,0,0,-0.257579076911202
TXN101512,2026-03-02 12:14:26,2026-03-02,377.25,Online Services,POS,Ahmedabad,India,In-Store,iOS,0,0,0,12,Monday,2026-03,0,0,-0.1991731145833563
TXN101513,2026-06-20 17:10:26,2026-06-20,1687.95,Fashion,Online,Delhi,India,Digital,Android,0,0,0,17,Saturday,2026-06,0,0,-0.2555021682100842
TXN101514,2026-05-04 05:36:53,2026-05-04,1323.44,Entertainment,ATM,Ahmedabad,India,ATM,Windows,0,0,0,5,Monday,2026-05,1,0,-0.2132346137774403
TXN101515,2026-02-08 19:58:36,2026-02-08,1159.06,Healthcare,Online,Kolkata,India,Digital,Android,0,1,0,19,Sunday,2026-02,0,0,-0.18385712188783437
TXN101516,2026-03-04 18:22:31,2026-03-04,1318.17,Food & Dining,Online,Bengaluru,India,Digital,Android,0,0,0,18,Wednesday,2026-03,0,0,-0.25969395730272693
TXN101517,2026-02-15 14:08:26,2026-02-15,404.65,Fashion,POS,Hyderabad,India,In-Store,Windows,0,0,0,14,Sunday,2026-02,0,0,-0.2114412923613832
TXN101518,2026-03-29 00:07:43,2026-03-29,4494.72,Food & Dining,ATM,Kolkata,India,ATM,Android,0,0,0,0,Sunday,2026-03,1,0,-0.09481886256202232
TXN101519,2026-01-11 08:52:53,2026-01-11,2331.98,Fashion,Online,Hyderabad,India,Digital,Windows,0,0,0,8,Sunday,2026-01,0,0,-0.24056294584286997
TXN101520,2026-03-03 20:44:54,2026-03-03,1801.71,Grocery,Online,Jaipur,India,Digital,Android,0,0,0,20,Tuesday,2026-03,0,0,-0.2512454184180431
TXN101521,2026-03-18 05:44:11,2026-03-18,3596.13,Jewelry,Online,Kolkata,India,Digital,Windows,0,0,1,5,Wednesday,2026-03,1,0,-0.1344992603847336
TXN101522,2026-06-02 19:04:54,2026-06-02,1298.41,Grocery,Mobile Wallet,Mumbai,India,Mobile,iOS,0,0,0,19,Tuesday,2026-06,0,0,-0.25939506743899543
TXN101523,2026-02-21 05:33:28,2026-02-21,874.81,Grocery,POS,Mumbai,India,In-Store,iOS,0,0,0,5,Saturday,2026-02,1,0,-0.20779344969614022
TXN101524,2026-01-04 19:34:34,2026-01-04,1365.2,Online Services,ATM,Hyderabad,India,ATM,Windows,0,1,0,19,Sunday,2026-01,0,0,-0.18289603668859977
TXN101525,2026-02-28 10:36:25,2026-02-28,3720.25,Travel,Online,Jaipur,India,Digital,MacOS,0,1,0,10,Saturday,2026-02,0,0,-0.11393287847050626
TXN101526,2026-03-13 20:40:17,2026-03-13,536.15,Entertainment,POS,Hyderabad,India,In-Store,Android,0,0,0,20,Friday,2026-03,0,0,-0.2343463740325209
TXN101527,2026-05-28 19:45:39,2026-05-28,3684.88,Travel,Online,Chennai,India,Digital,iOS,0,0,0,19,Thursday,2026-05,0,0,-0.19446519617212826
TXN101528,2026-04-03 09:43:00,2026-04-03,371.75,Fashion,Online,Mumbai,India,Digital,MacOS,0,0,0,9,Friday,2026-04,0,0,-0.19830889552616132
TXN101529,2026-03-04 06:15:04,2026-03-04,1679.86,Travel,POS,Delhi,India,In-Store,Android,0,1,0,6,Wednesday,2026-03,0,0,-0.17819435524919452
TXN101530,2026-02-23 15:16:10,2026-02-23,2460.62,Fashion,POS,Hyderabad,India,In-Store,Android,0,0,0,15,Monday,2026-02,0,0,-0.2338109314579097
TXN101531,2026-04-27 04:39:26,2026-04-27,1836.37,Fashion,Online,Hyderabad,India,Digital,iOS,0,0,0,4,Monday,2026-04,1,0,-0.20092635462211506
TXN101532,2026-04-20 03:14:55,2026-04-20,2535.24,Healthcare,Bank Transfer,Lucknow,India,Digital,Android,0,0,0,3,Monday,2026-04,1,0,-0.18324003485426787
TXN101533,2026-03-15 04:56:36,2026-03-15,990.29,Food & Dining,Mobile Wallet,Pune,India,Mobile,Android,0,0,0,4,Sunday,2026-03,1,0,-0.22004361860806598
TXN101534,2026-04-17 11:49:03,2026-04-17,396.03,Jewelry,POS,Pune,India,In-Store,Android,0,0,0,11,Friday,2026-04,0,0,-0.2066803268104832
TXN101535,2026-02-26 04:02:39,2026-02-26,2540.72,Grocery,ATM,Ahmedabad,India,ATM,Android,0,0,0,4,Thursday,2026-02,1,0,-0.18324003485426787
TXN101536,2026-06-18 09:12:19,2026-06-18,4812.12,Food & Dining,Mobile Wallet,Jaipur,India,Mobile,Windows,0,1,0,9,Thursday,2026-06,0,0,-0.08170899657732134
TXN101537,2026-01-03 02:26:42,2026-01-03,961.3,Food & Dining,Mobile Wallet,Mumbai,India,Mobile,MacOS,0,0,0,2,Saturday,2026-01,1,0,-0.2182475527568461
TXN101538,2026-04-30 20:30:43,2026-04-30,1892.31,Online Services,POS,Mumbai,India,In-Store,Windows,0,0,0,20,Thursday,2026-04,0,0,-0.2523767832201754
TXN101539,2026-01-06 11:10:05,2026-01-06,566.17,Grocery,Bank Transfer,Pune,India,Digital,iOS,0,0,0,11,Tuesday,2026-01,0,0,-0.23941091364046097
TXN101540,2026-01-05 09:29:19,2026-01-05,533.01,Food & Dining,Online,Hyderabad,India,Digital,iOS,0,0,0,9,Monday,2026-01,0,0,-0.234556280226437
TXN101541,2026-01-05 03:11:56,2026-01-05,1194.97,Online Services,POS,Hyderabad,India,In-Store,iOS,0,1,0,3,Monday,2026-01,1,0,-0.11639996685044829
TXN101542,2026-02-23 14:01:32,2026-02-23,612.7,Travel,Online,Mumbai,India,Digital,iOS,0,0,0,14,Monday,2026-02,0,0,-0.24648547811208094
TXN101543,2026-02-16 08:04:46,2026-02-16,1184.38,Online Services,Online,Jaipur,India,Digital,MacOS,0,0,0,8,Monday,2026-02,0,0,-0.26019474334396087
TXN101544,2026-06-26 08:28:00,2026-06-26,12385.16,Grocery,POS,Bengaluru,India,In-Store,MacOS,1,0,0,8,Friday,2026-06,0,1,0.0474215769926053
TXN101545,2026-01-09 14:28:11,2026-01-09,623.47,Healthcare,Online,Chennai,India,Digital,Android,0,0,0,14,Friday,2026-01,0,0,-0.24736860181726672
TXN101546,2026-04-09 13:16:06,2026-04-09,1441.22,Jewelry,Bank Transfer,Lucknow,India,Digital,Windows,0,0,0,13,Thursday,2026-04,0,0,-0.2520878829146459
TXN101547,2026-01-20 10:45:37,2026-01-20,268.61,Entertainment,POS,Mumbai,India,In-Store,Android,1,0,0,10,Tuesday,2026-01,0,1,0.005521308730719099
TXN101548,2026-05-02 02:34:25,2026-05-02,1666.76,Fashion,POS,Ahmedabad,India,In-Store,iOS,0,0,1,2,Saturday,2026-05,1,0,-0.20718246274685764
TXN101549,2026-03-02 19:43:10,2026-03-02,623.7,Grocery,Online,Bengaluru,India,Digital,Android,0,0,0,19,Monday,2026-03,0,0,-0.24736860181726672
TXN101550,2026-05-03 04:16:26,2026-05-03,1385.91,Online Services,Online,Mumbai,India,Digital,Windows,0,1,0,4,Sunday,2026-05,1,0,-0.11590003251191094
TXN101551,2026-06-12 10:23:45,2026-06-12,1356.57,Food & Dining,ATM,Lucknow,India,ATM,Android,0,1,0,10,Friday,2026-06,0,0,-0.1835284777057855
TXN101552,2026-06-27 12:00:54,2026-06-27,1225.73,Grocery,Mobile Wallet,Pune,India,Mobile,Android,0,0,0,12,Saturday,2026-06,0,0,-0.2613768373999786
TXN101553,2026-03-23 14:53:54,2026-03-23,513.91,Healthcare,Online,Mumbai,India,Digital,Android,0,0,0,14,Monday,2026-03,0,0,-0.23422052968713342
TXN101554,2026-03-03 13:14:22,2026-03-03,873.87,Food & Dining,Online,Bengaluru,India,Digital,Unknown,0,1,0,13,Tuesday,2026-03,0,0,-0.18543801037313978
TXN101555,2026-05-25 20:57:32,2026-05-25,1324.21,Grocery,Mobile Wallet,Chennai,India,Mobile,Android,0,1,0,20,Monday,2026-05,0,0,-0.1851919760999029
TXN101556,2026-01-03 02:49:03,2026-01-03,903.15,Electronics,Online,Hyderabad,India,Digital,Android,0,0,0,2,Saturday,2026-01,1,0,-0.21374071325786598
TXN101557,2026-06-09 04:19:41,2026-06-09,3369.93,Grocery,Mobile Wallet,Kolkata,India,Mobile,iOS,0,0,0,4,Tuesday,2026-06,1,0,-0.14558604411698972
TXN101558,2026-01-13 18:44:03,2026-01-13,1133.21,Food & Dining,POS,Pune,India,In-Store,iOS,0,0,0,18,Tuesday,2026-01,0,0,-0.26116076042459013
TXN101559,2026-04-30 08:10:24,2026-04-30,495.57,Entertainment,POS,Bengaluru,India,In-Store,Windows,0,0,0,8,Thursday,2026-04,0,0,-0.23363829793408253
TXN101560,2026-05-05 11:39:44,2026-05-05,1548.66,Food & Dining,POS,Ahmedabad,India,In-Store,Android,0,0,0,11,Tuesday,2026-05,0,0,-0.2534943846471777
TXN101561,2026-03-30 11:31:45,2026-03-30,154.84,Utilities,Online,Ahmedabad,India,Digital,Android,0,0,1,11,Monday,2026-03,0,0,-0.054375855560500064
TXN101562,2026-03-14 17:24:59,2026-03-14,5267.12,Online Services,POS,Delhi,India,In-Store,Android,0,0,0,17,Saturday,2026-03,0,0,-0.1276987309568085
TXN101563,2026-03-09 07:29:17,2026-03-09,276.82,Entertainment,Mobile Wallet,Kolkata,India,Mobile,Android,0,0,0,7,Monday,2026-03,0,0,-0.16778293896435198
TXN101564,2026-05-22 07:04:24,2026-05-22,2246.59,Grocery,Bank Transfer,Mumbai,India,Digital,Windows,0,0,0,7,Friday,2026-05,0,0,-0.2428331428528518
TXN101565,2026-04-11 06:34:09,2026-04-11,1983.52,Healthcare,ATM,Delhi,India,ATM,MacOS,0,0,0,6,Saturday,2026-04,0,0,-0.24717502526341245
TXN101566,2026-04-08 11:41:05,2026-04-08,443.89,Fashion,Bank Transfer,Ahmedabad,India,Digital,iOS,0,0,0,11,Wednesday,2026-04,0,0,-0.22238963164199627
TXN101567,2026-01-11 09:39:18,2026-01-11,1715.68,Food & Dining,Online,Mumbai,India,Digital,Android,0,0,0,9,Sunday,2026-01,0,0,-0.2546871376501014
TXN101568,2026-04-15 01:33:16,2026-04-15,631.7,Entertainment,ATM,Delhi,India,ATM,Android,0,2,0,1,Wednesday,2026-04,1,1,0.0363782208722101
TXN101569,2026-03-08 04:32:54,2026-03-08,960.7,Fashion,POS,Mumbai,India,In-Store,Android,0,0,0,4,Sunday,2026-03,1,0,-0.2182475527568461
TXN101570,2026-05-03 01:02:55,2026-05-03,1597.7,Online Services,Bank Transfer,Chennai,India,Digital,Android,0,0,0,1,Sunday,2026-05,1,0,-0.2091682864080917
TXN101571,2026-01-29 07:36:28,2026-01-29,1055.04,Electronics,POS,Kolkata,India,In-Store,iOS,0,0,0,7,Thursday,2026-01,0,0,-0.259707964499478
TXN101572,2026-05-17 05:50:29,2026-05-17,492.73,Healthcare,ATM,Pune,India,ATM,iOS,0,0,0,5,Sunday,2026-05,1,0,-0.1858139747329811
TXN101573,2026-06-02 23:19:41,2026-06-02,1522.79,Grocery,Mobile Wallet,Pune,India,Mobile,Android,0,2,0,23,Tuesday,2026-06,1,1,0.03195121904576037
TXN101574,2026-03-17 14:53:59,2026-03-17,928.44,Online Services,POS,Pune,India,In-Store,iOS,0,0,0,14,Tuesday,2026-03,0,0,-0.2594487904489545
TXN101575,2026-06-19 04:04:05,2026-06-19,1003.77,Grocery,Online,Ahmedabad,India,Digital,iOS,0,0,0,4,Friday,2026-06,1,0,-0.22040106545908178
TXN101576,2026-01-09 08:38:25,2026-01-09,1052.37,Grocery,POS,Chennai,India,In-Store,Android,1,0,0,8,Friday,2026-01,0,0,-0.05917954104466261
TXN101577,2026-02-09 03:47:48,2026-02-09,373.81,Fashion,POS,Lucknow,India,In-Store,MacOS,0,0,0,3,Monday,2026-02,1,0,-0.1504734096979798
TXN101578,2026-01-25 04:26:00,2026-01-25,446.12,Fashion,Bank Transfer,Kolkata,India,Digital,iOS,0,0,0,4,Sunday,2026-01,1,0,-0.17359916005628084
TXN101579,2026-01-05 03:09:17,2026-01-05,684.47,Electronics,Mobile Wallet,Bengaluru,India,Mobile,Android,0,0,0,3,Monday,2026-01,1,0,-0.1992114622088707
TXN101580,2026-05-19 17:56:44,2026-05-19,1522.74,Food & Dining,POS,Jaipur,India,In-Store,Android,0,0,0,17,Tuesday,2026-05,0,0,-0.25262868481259976
TXN101581,2026-05-04 14:23:16,2026-05-04,521.49,Fashion,POS,Lucknow,India,In-Store,iOS,0,1,0,14,Monday,2026-05,0,0,-0.15790114942497924
TXN101582,2026-02-07 04:23:24,2026-02-07,13720.18,Grocery,ATM,Bengaluru,India,ATM,Android,0,1,0,4,Saturday,2026-02,1,1,0.025305430630949255
TXN101583,2026-03-13 04:03:46,2026-03-13,1288.63,Travel,Online,Pune,India,Digital,MacOS,0,0,0,4,Friday,2026-03,1,0,-0.2167924452571986
TXN101584,2026-05-13 07:48:52,2026-05-13,1467.77,Utilities,Online,Bengaluru,India,Digital,Android,0,0,0,7,Wednesday,2026-05,0,0,-0.25418463394562674
TXN101585,2026-06-25 02:12:31,2026-06-25,841.06,Healthcare,Mobile Wallet,Mumbai,India,Mobile,MacOS,0,0,0,2,Thursday,2026-06,1,0,-0.20520834729348075
TXN101586,2026-03-31 01:47:29,2026-03-31,305.87,Healthcare,ATM,Mumbai,India,ATM,iOS,0,0,0,1,Tuesday,2026-03,1,0,-0.12066343771679022
TXN101587,2026-05-26 05:17:45,2026-05-26,1678.3,Healthcare,Online,Bengaluru,India,Digital,Android,0,0,0,5,Tuesday,2026-05,1,0,-0.20793571081607126
TXN101588,2026-02-06 02:32:10,2026-02-06,615.38,Travel,Online,Hyderabad,India,Digital,MacOS,0,1,0,2,Friday,2026-02,1,0,-0.08650579341685116
TXN101589,2026-03-01 17:18:07,2026-03-01,332.45,Grocery,Bank Transfer,Delhi,India,Digital,Android,0,1,0,17,Sunday,2026-03,0,0,-0.10736122218148703
TXN101590,2026-06-25 14:21:42,2026-06-25,562.39,Travel,Bank Transfer,Jaipur,India,Digital,iOS,0,0,0,14,Thursday,2026-06,0,0,-0.23818164969359068
TXN101591,2026-01-28 10:16:33,2026-01-28,1028.87,Online Services,Mobile Wallet,Ahmedabad,India,Mobile,MacOS,0,0,0,10,Wednesday,2026-01,0,0,-0.25576932937661195
TXN101592,2026-03-22 08:51:15,2026-03-22,163.59,Jewelry,Online,Bengaluru,India,Digital,Windows,0,0,0,8,Sunday,2026-03,0,0,-0.06450008069984348
TXN101593,2026-04-24 01:40:54,2026-04-24,838.07,Food & Dining,Mobile Wallet,Kolkata,India,Mobile,iOS,0,0,0,1,Friday,2026-04,1,0,-0.2058693316924382
TXN101594,2026-02-09 13:28:37,2026-02-09,2456.91,Grocery,POS,Hyderabad,India,In-Store,Android,0,0,0,13,Monday,2026-02,0,0,-0.2351871468089437
TXN101595,2026-02-14 21:12:48,2026-02-14,1125.05,Electronics,Bank Transfer,Chennai,India,Digital,iOS,0,1,0,21,Saturday,2026-02,0,0,-0.18346465595499528
TXN101596,2026-03-03 08:14:30,2026-03-03,2862.64,Travel,ATM,Hyderabad,India,ATM,iOS,0,0,0,8,Tuesday,2026-03,0,0,-0.21943777485126414
TXN101597,2026-04-03 13:38:32,2026-04-03,794.31,Food & Dining,Online,Jaipur,India,Digital,MacOS,0,0,0,13,Friday,2026-04,0,0,-0.2556154025248542
TXN101598,2026-04-25 07:51:47,2026-04-25,2758.72,Grocery,Mobile Wallet,Kolkata,India,Mobile,Windows,0,0,0,7,Saturday,2026-04,0,0,-0.22733267948723218
TXN101599,2026-03-08 18:38:07,2026-03-08,374.91,Jewelry,Online,Hyderabad,India,Digital,Windows,0,0,0,18,Sunday,2026-03,0,0,-0.19868947093030448
TXN101600,2026-02-25 13:18:42,2026-02-25,1772.06,Fashion,Online,Ahmedabad,India,Digital,MacOS,0,0,0,13,Wednesday,2026-02,0,0,-0.25299021534597166
TXN101601,2026-02-09 17:31:20,2026-02-09,1005.64,Online Services,Bank Transfer,Delhi,India,Digital,iOS,0,0,0,17,Monday,2026-02,0,0,-0.2547712496272786
TXN101602,2026-04-08 22:02:15,2026-04-08,3241.83,Utilities,ATM,Kolkata,India,ATM,iOS,0,0,0,22,Wednesday,2026-04,0,0,-0.2038630437275747
TXN101603,2026-02-09 07:18:32,2026-02-09,1628.22,Utilities,Mobile Wallet,Mumbai,India,Mobile,iOS,0,1,0,7,Monday,2026-02,0,0,-0.1793782022380742
TXN101604,2026-04-01 18:36:25,2026-04-01,472.45,Unknown,POS,Ahmedabad,India,In-Store,Android,0,1,0,18,Wednesday,2026-04,0,0,-0.14836460795492812
TXN101605,2026-02-02 16:00:08,2026-02-02,1644.75,Entertainment,POS,Pune,India,In-Store,iOS,0,0,1,16,Monday,2026-02,0,0,-0.2531710871809636
TXN101606,2026-01-06 11:11:17,2026-01-06,4095.93,Entertainment,Mobile Wallet,Chennai,India,Mobile,iOS,1,1,0,11,Tuesday,2026-01,0,1,0.06019472271441251
TXN101607,2026-05-27 08:45:51,2026-05-27,1324.7,Entertainment,Online,Jaipur,India,Digital,Android,0,1,0,8,Wednesday,2026-05,0,0,-0.1851919760999029
TXN101608,2026-03-21 15:43:17,2026-03-21,1060.31,Food & Dining,Mobile Wallet,Jaipur,India,Mobile,Windows,0,0,0,15,Saturday,2026-03,0,0,-0.2592789570275654
TXN101609,2026-06-17 12:33:32,2026-06-17,414.9,Jewelry,Online,Bengaluru,India,Digital,Android,0,0,0,12,Wednesday,2026-06,0,0,-0.21506344759034596
TXN101610,2026-04-02 02:40:37,2026-04-02,2339.11,Healthcare,Mobile Wallet,Jaipur,India,Mobile,iOS,0,1,0,2,Thursday,2026-04,1,0,-0.09183045758615582
TXN101611,2026-04-07 12:00:58,2026-04-07,1052.28,Utilities,Online,Jaipur,India,Digital,iOS,0,0,0,12,Tuesday,2026-04,0,0,-0.2600588496014047
TXN101612,2026-02-28 09:54:53,2026-02-28,1921.09,Online Services,ATM,Delhi,India,ATM,Android,0,0,0,9,Saturday,2026-02,0,0,-0.24861955159651605
TXN101613,2026-02-28 02:43:44,2026-02-28,1284.06,Electronics,Mobile Wallet,Chennai,India,Mobile,Windows,0,0,0,2,Saturday,2026-02,1,0,-0.21693824102492842
TXN101614,2026-02-17 07:29:10,2026-02-17,5608.32,Grocery,POS,Delhi,India,In-Store,Android,0,0,0,7,Tuesday,2026-02,0,0,-0.11698328913668998
TXN101615,2026-06-18 06:31:28,2026-06-18,702.09,Food & Dining,Bank Transfer,Mumbai,India,Digital,Windows,0,0,0,6,Thursday,2026-06,0,0,-0.24736047145067208
TXN101616,2026-01-13 00:03:35,2026-01-13,722.95,Food & Dining,Bank Transfer,Kolkata,India,Digital,Android,0,0,0,0,Tuesday,2026-01,1,0,-0.2055567934441419
TXN101617,2026-04-17 03:12:03,2026-04-17,2466.95,Utilities,Bank Transfer,Hyderabad,India,Digital,iOS,0,0,0,3,Friday,2026-04,1,0,-0.18560245400022696
TXN101618,2026-02-14 21:05:00,2026-02-14,2515.84,Fashion,Mobile Wallet,Chennai,India,Mobile,iOS,0,0,0,21,Saturday,2026-02,0,0,-0.2328669325704354
TXN101619,2026-03-30 19:04:49,2026-03-30,2580.37,Food & Dining,POS,Hyderabad,India,In-Store,Android,0,2,0,19,Monday,2026-03,0,1,0.0002986078048842211
TXN101620,2026-06-30 06:37:14,2026-06-30,1085.57,Food & Dining,Online,Pune,India,Digital,iOS,0,1,0,6,Tuesday,2026-06,0,0,-0.1829059015761048
TXN101621,2026-06-19 09:34:34,2026-06-19,1294.82,Grocery,Online,Delhi,India,Digital,iOS,0,1,0,9,Friday,2026-06,0,0,-0.18394670387478468
TXN101622,2026-04-10 11:57:46,2026-04-10,373.2,Entertainment,Online,Ahmedabad,India,Digital,iOS,0,0,0,11,Friday,2026-04,0,0,-0.19849519666647408
TXN101623,2026-06-04 02:53:20,2026-06-04,964.21,Utilities,Online,Hyderabad,India,Digital,iOS,1,0,0,2,Thursday,2026-06,1,1,0.011730734425517642
TXN101624,2026-06-15 02:52:25,2026-06-15,1368.45,Electronics,POS,Ahmedabad,India,In-Store,MacOS,0,1,0,2,Monday,2026-06,1,0,-0.11568005819459992
TXN101625,2026-01-07 09:24:56,2026-01-07,1369.05,Entertainment,Online,Bengaluru,India,Digital,iOS,0,0,0,9,Wednesday,2026-01,0,0,-0.2567004139589866
TXN101626,2026-05-13 23:43:50,2026-05-13,598.13,Entertainment,Online,Chennai,India,Digital,MacOS,0,0,0,23,Wednesday,2026-05,1,0,-0.1953225248998483
TXN101627,2026-02-14 08:01:39,2026-02-14,455.1,Electronics,Online,Bengaluru,India,Digital,iOS,0,0,0,8,Saturday,2026-02,0,0,-0.22743380633002613
TXN101628,2026-02-27 07:50:29,2026-02-27,2528.43,Grocery,Mobile Wallet,Kolkata,India,Mobile,Android,0,1,0,7,Friday,2026-02,0,0,-0.15051436443647148
TXN101629,2026-01-31 01:33:03,2026-01-31,2230.28,Jewelry,ATM,Bengaluru,India,ATM,Android,0,0,0,1,Saturday,2026-01,1,0,-0.19105744001957248
TXN101630,2026-01-23 01:21:37,2026-01-23,910.67,Fashion,POS,Ahmedabad,India,In-Store,Android,0,0,0,1,Friday,2026-01,1,0,-0.21398022593869992
TXN101631,2026-06-19 19:52:17,2026-06-19,2504.83,Electronics,Mobile Wallet,Jaipur,India,Mobile,Android,0,0,0,19,Friday,2026-06,0,0,-0.2342671807667368
TXN101632,2026-05-18 01:16:07,2026-05-18,2325.25,Electronics,Online,Delhi,India,Digital,iOS,1,0,0,1,Monday,2026-05,1,1,0.029839829280121855
TXN101633,2026-06-09 20:46:47,2026-06-09,286.37,Entertainment,Mobile Wallet,Bengaluru,India,Mobile,Android,0,1,1,20,Tuesday,2026-06,0,0,-0.08611062849943707
TXN101634,2026-04-17 21:27:19,2026-04-17,1009.16,Entertainment,ATM,Kolkata,India,ATM,iOS,0,0,0,21,Friday,2026-04,0,0,-0.25554358507381564
TXN101635,2026-06-30 03:42:09,2026-06-30,3200.05,Entertainment,Online,Chennai,India,Digital,Android,0,1,0,3,Tuesday,2026-06,1,0,-0.060375000365072706
TXN101636,2026-06-07 19:56:32,2026-06-07,307.29,Grocery,Bank Transfer,Lucknow,India,Digital,iOS,0,0,1,19,Sunday,2026-06,0,0,-0.17877092411092566
TXN101637,2026-02-08 00:03:48,2026-02-08,343.58,Online Services,Bank Transfer,Kolkata,India,Digital,iOS,1,0,0,0,Sunday,2026-02,1,1,0.03473062296438012
TXN101638,2026-06-08 22:50:14,2026-06-08,1810.38,Fashion,POS,Delhi,India,In-Store,iOS,0,0,0,22,Monday,2026-06,0,0,-0.25177313019777525
TXN101639,2026-03-23 10:17:32,2026-03-23,3083.67,Travel,Mobile Wallet,Hyderabad,India,Mobile,iOS,0,0,0,10,Monday,2026-03,0,0,-0.21335544456886746
TXN101640,2026-04-10 16:02:49,2026-04-10,876.62,Food & Dining,Online,Mumbai,India,Digital,MacOS,0,1,0,16,Friday,2026-04,0,0,-0.18572756943108953
TXN101641,2026-01-02 12:47:12,2026-01-02,753.31,Fashion,Online,Chennai,India,Digital,iOS,0,0,0,12,Friday,2026-01,0,0,-0.2516910813162089
TXN101642,2026-03-18 09:21:26,2026-03-18,281.66,Online Services,Online,Ahmedabad,India,Digital,Windows,0,0,0,9,Wednesday,2026-03,0,0,-0.17124273007703866
TXN101643,2026-01-12 21:23:01,2026-01-12,863.82,Online Services,Online,Mumbai,India,Digital,Android,0,0,0,21,Monday,2026-01,0,0,-0.257158626971519
TXN101644,2026-02-08 17:34:21,2026-02-08,337.79,Travel,Online,Kolkata,India,Digital,Android,0,0,0,17,Sunday,2026-02,0,0,-0.18878789581333572
TXN101645,2026-01-13 00:46:49,2026-01-13,825.74,Online Services,Mobile Wallet,Kolkata,India,Mobile,MacOS,1,0,0,0,Tuesday,2026-01,1,1,0.014641707163594697
TXN101646,2026-02-15 11:36:25,2026-02-15,3129.48,Utilities,Online,Kolkata,India,Digital,Windows,0,1,0,11,Sunday,2026-02,0,0,-0.11944470380778316
TXN101647,2026-06-04 10:09:07,2026-06-04,389.34,Jewelry,POS,Mumbai,India,In-Store,iOS,0,0,0,10,Thursday,2026-06,0,0,-0.20487125154215446
TXN101648,2026-04-23 11:53:38,2026-04-23,896.21,Travel,POS,Bengaluru,India,In-Store,Android,0,0,0,11,Thursday,2026-04,0,0,-0.26015657391614944
TXN101649,2026-01-17 19:58:47,2026-01-17,2183.74,Food & Dining,Mobile Wallet,Delhi,India,Mobile,Android,0,0,0,19,Saturday,2026-01,0,0,-0.24372112841171273
TXN101650,2026-04-14 18:14:41,2026-04-14,589.35,Travel,Mobile Wallet,Chennai,India,Mobile,Android,0,0,0,18,Tuesday,2026-04,0,0,-0.2422812787448072
TXN101651,2026-04-08 22:04:25,2026-04-08,1519.77,Utilities,Bank Transfer,Delhi,India,Digital,iOS,0,0,0,22,Wednesday,2026-04,0,0,-0.2528492995220091
TXN101652,2026-03-29 10:22:13,2026-03-29,2096.77,Grocery,Mobile Wallet,Chennai,India,Mobile,Windows,0,1,0,10,Sunday,2026-03,0,0,-0.16800775840855647
TXN101653,2026-04-19 04:36:16,2026-04-19,1167.64,Food & Dining,Bank Transfer,Chennai,India,Digital,MacOS,0,0,0,4,Sunday,2026-04,1,0,-0.21992729748427875
TXN101654,2026-06-12 10:56:45,2026-06-12,1186.97,Fashion,Mobile Wallet,Hyderabad,India,Mobile,Windows,0,1,0,10,Friday,2026-06,0,0,-0.18352869889226242
TXN101655,2026-03-11 20:29:39,2026-03-11,455.61,Travel,Bank Transfer,Kolkata,India,Digital,iOS,1,0,0,20,Wednesday,2026-03,0,0,-0.022268776379061994
TXN101656,2026-06-07 08:46:41,2026-06-07,796.79,Entertainment,Online,Lucknow,India,Digital,Android,0,0,0,8,Sunday,2026-06,0,0,-0.25536963509607774
TXN101657,2026-03-15 18:52:26,2026-03-15,4344.99,Online Services,POS,Pune,India,In-Store,iOS,0,2,0,18,Sunday,2026-03,0,1,0.02476926608455765
TXN101658,2026-03-04 18:42:36,2026-03-04,239.55,Entertainment,ATM,Delhi,India,ATM,iOS,0,0,0,18,Wednesday,2026-03,0,0,-0.13507195405644024
TXN101659,2026-06-05 14:28:36,2026-06-05,181.79,Online Services,POS,Hyderabad,India,In-Store,iOS,0,0,0,14,Friday,2026-06,0,0,-0.08645831931854642
TXN101660,2026-03-01 17:28:14,2026-03-01,970.14,Travel,Online,Kolkata,India,Digital,iOS,0,0,0,17,Sunday,2026-03,0,0,-0.2556021177576462
TXN101661,2026-03-20 09:37:15,2026-03-20,1484.82,Food & Dining,ATM,Jaipur,India,ATM,iOS,0,0,0,9,Friday,2026-03,0,0,-0.2538691632353677
TXN101662,2026-02-06 02:04:25,2026-02-06,1176.72,Food & Dining,Mobile Wallet,Jaipur,India,Mobile,Windows,0,0,0,2,Friday,2026-02,1,0,-0.21923893918639215
TXN101663,2026-01-22 15:45:54,2026-01-22,299.78,Grocery,Online,Bengaluru,India,Digital,Windows,1,1,0,15,Thursday,2026-01,0,1,0.05491996141681521
TXN101664,2026-05-28 23:38:39,2026-05-28,2651.38,Food & Dining,Bank Transfer,Mumbai,India,Digital,Windows,0,0,0,23,Thursday,2026-05,1,0,-0.17896626311496483
TXN101665,2026-04-06 10:47:51,2026-04-06,1191.34,Entertainment,Bank Transfer,Jaipur,India,Digital,MacOS,0,1,0,10,Monday,2026-04,0,0,-0.18417204379469582
TXN101666,2026-03-09 17:27:54,2026-03-09,6452.29,Entertainment,Mobile Wallet,Ahmedabad,India,Mobile,Windows,0,0,0,17,Monday,2026-03,0,0,-0.08586642298328773
TXN101667,2026-01-17 21:35:33,2026-01-17,657.92,Healthcare,Mobile Wallet,Kolkata,India,Mobile,iOS,0,1,0,21,Saturday,2026-01,0,0,-0.18135964199384846
TXN101668,2026-01-12 08:11:51,2026-01-12,1355.61,Food & Dining,Bank Transfer,Pune,India,Digital,iOS,0,0,0,8,Monday,2026-01,0,0,-0.25621420552486446
TXN101669,2026-05-30 22:29:20,2026-05-30,1662.89,Grocery,POS,Lucknow,India,In-Store,iOS,0,0,0,22,Saturday,2026-05,0,0,-0.2535346881441446
TXN101670,2026-05-25 13:33:41,2026-05-25,2449.45,Grocery,Online,Kolkata,India,Digital,iOS,0,0,0,13,Monday,2026-05,0,0,-0.2350475255655139
TXN101671,2026-05-18 18:16:16,2026-05-18,2289.25,Entertainment,POS,Jaipur,India,In-Store,MacOS,0,0,0,18,Monday,2026-05,0,0,-0.24192555624793793
TXN101672,2026-04-28 19:29:27,2026-04-28,578.23,Travel,Bank Transfer,Pune,India,Digital,Android,0,0,0,19,Tuesday,2026-04,0,0,-0.24039721297641514
TXN101673,2026-01-22 20:52:15,2026-01-22,999.62,Grocery,Mobile Wallet,Lucknow,India,Mobile,Android,0,0,0,20,Thursday,2026-01,0,0,-0.2539456248365036
TXN101674,2026-04-30 12:21:02,2026-04-30,721.57,Fashion,Bank Transfer,Bengaluru,India,Digital,Unknown,0,0,1,12,Thursday,2026-04,0,0,-0.24901784476349526
TXN101675,2026-02-19 17:03:02,2026-02-19,1229.51,Food & Dining,Online,Bengaluru,India,Digital,Android,0,0,0,17,Thursday,2026-02,0,0,-0.26106678830410956
TXN101676,2026-01-14 09:02:54,2026-01-14,347.22,Travel,ATM,Hyderabad,India,ATM,Android,0,0,1,9,Wednesday,2026-01,0,0,-0.19183451042454747
TXN101677,2026-06-24 11:38:30,2026-06-24,307.38,Healthcare,POS,Lucknow,India,In-Store,MacOS,1,0,0,11,Wednesday,2026-06,0,0,-0.004336293554412118
TXN101678,2026-01-29 20:25:31,2026-01-29,7394.68,Entertainment,Online,Lucknow,India,Digital,Android,0,0,0,20,Thursday,2026-01,0,0,-0.06480428407785876
TXN101679,2026-06-13 06:59:46,2026-06-13,5157.86,Fashion,Online,Ahmedabad,India,Digital,Android,0,0,0,6,Saturday,2026-06,0,0,-0.13028111714356194
TXN101680,2026-06-29 06:20:13,2026-06-29,2787.03,Utilities,Online,Lucknow,India,Digital,Android,0,1,0,6,Monday,2026-06,0,0,-0.13970222499489904
TXN101681,2026-05-05 21:53:32,2026-05-05,1615.46,Entertainment,Mobile Wallet,Jaipur,India,Mobile,Android,0,0,0,21,Tuesday,2026-05,0,0,-0.253637843762089
TXN101682,2026-01-07 23:45:25,2026-01-07,2039.32,Entertainment,Online,Ahmedabad,India,Digital,Android,0,0,0,23,Wednesday,2026-01,1,0,-0.1978968927518615
TXN101683,2026-01-29 21:44:42,2026-01-29,2043.76,Food & Dining,Online,Lucknow,India,Digital,iOS,0,0,0,21,Thursday,2026-01,0,0,-0.24873653784651145
TXN101684,2026-05-19 05:09:17,2026-05-19,4120.58,Grocery,Mobile Wallet,Delhi,India,Mobile,Android,0,0,0,5,Tuesday,2026-05,1,0,-0.10610977783075537
TXN101685,2026-02-02 07:47:40,2026-02-02,739.51,Healthcare,POS,Hyderabad,India,In-Store,iOS,0,0,0,7,Monday,2026-02,0,0,-0.25079769070482283
TXN101686,2026-05-14 16:21:06,2026-05-14,598.18,Fashion,Online,Hyderabad,India,Digital,iOS,0,0,0,16,Thursday,2026-05,0,0,-0.24275319802328882
TXN101687,2026-04-21 20:01:44,2026-04-21,1083.38,Jewelry,Online,Delhi,India,Digital,Android,0,0,0,20,Tuesday,2026-04,0,0,-0.2602175385516857
TXN101688,2026-03-20 23:29:37,2026-03-20,1765.91,Utilities,Online,Ahmedabad,India,Digital,Windows,0,0,0,23,Friday,2026-03,1,0,-0.20790869622725172
TXN101689,2026-06-09 01:41:20,2026-06-09,894.38,Food & Dining,Online,Bengaluru,India,Digital,iOS,1,0,1,1,Tuesday,2026-06,1,1,0.012886210129499975
TXN101690,2026-06-28 03:50:54,2026-06-28,704.78,Travel,Online,Delhi,India,Digital,Windows,0,0,0,3,Sunday,2026-06,1,0,-0.20250087554211454
TXN101691,2026-02-27 18:48:15,2026-02-27,3462.65,Electronics,ATM,Kolkata,India,ATM,MacOS,0,1,0,18,Friday,2026-02,0,0,-0.11475967119722819
TXN101692,2026-01-26 07:30:25,2026-01-26,561.34,Fashion,Online,Mumbai,India,Digital,Android,0,0,0,7,Monday,2026-01,0,0,-0.23872750580825236
TXN101693,2026-06-23 14:43:02,2026-06-23,3550.79,Food & Dining,POS,Pune,India,In-Store,MacOS,0,0,0,14,Tuesday,2026-06,0,0,-0.19769292004674993
TXN101694,2026-01-29 11:24:41,2026-01-29,2369.74,Travel,Mobile Wallet,Bengaluru,India,Mobile,Android,0,0,0,11,Thursday,2026-01,0,0,-0.24044379332557708
TXN101695,2026-01-04 01:12:48,2026-01-04,5062.23,Food & Dining,POS,Bengaluru,India,In-Store,Android,0,0,0,1,Sunday,2026-01,1,0,-0.0879267522535333
TXN101696,2026-04-09 07:31:34,2026-04-09,6288.54,Electronics,Mobile Wallet,Chennai,India,Mobile,iOS,0,0,0,7,Thursday,2026-04,0,0,-0.09587858416205064
TXN101697,2026-05-21 12:47:20,2026-05-21,1474.67,Jewelry,POS,Bengaluru,India,In-Store,Android,0,0,0,12,Thursday,2026-05,0,0,-0.2538691632353677
TXN101698,2026-02-08 18:32:46,2026-02-08,5783.6,Grocery,POS,Hyderabad,India,In-Store,iOS,0,0,0,18,Sunday,2026-02,0,0,-0.11084537920369508
TXN101699,2026-01-15 23:04:13,2026-01-15,1642.85,Jewelry,Bank Transfer,Bengaluru,India,Digital,Android,0,0,0,23,Thursday,2026-01,1,0,-0.20700174043121916
TXN101700,2026-04-29 06:39:51,2026-04-29,1505.58,Online Services,Online,Kolkata,India,Digital,iOS,0,0,0,6,Wednesday,2026-04,0,0,-0.253816815584277
TXN101701,2026-01-29 00:21:41,2026-01-29,1280.54,Food & Dining,Online,Bengaluru,India,Digital,Windows,0,1,0,0,Thursday,2026-01,1,0,-0.11643498697610233
TXN101702,2026-06-06 07:56:50,2026-06-06,774.68,Healthcare,ATM,Lucknow,India,ATM,Android,0,0,0,7,Saturday,2026-06,0,0,-0.2536422047392117
TXN101703,2026-03-16 22:37:43,2026-03-16,2013.72,Fashion,POS,Hyderabad,India,In-Store,Android,0,0,0,22,Monday,2026-03,0,0,-0.24832209479118494
TXN101704,2026-04-26 09:37:58,2026-04-26,2753.12,Entertainment,Bank Transfer,Delhi,India,Digital,Windows,0,0,0,9,Sunday,2026-04,0,0,-0.22733267948723218
TXN101705,2026-02-01 06:47:46,2026-02-01,358.28,Fashion,Mobile Wallet,Delhi,India,Mobile,Android,0,0,0,6,Sunday,2026-02,0,0,-0.19580602923478113
TXN101706,2026-05-10 22:20:40,2026-05-10,8500.45,Travel,POS,Jaipur,India,In-Store,Android,0,0,1,22,Sunday,2026-05,0,0,-0.04269552099679619
TXN101707,2026-06-24 11:21:15,2026-06-24,4022.29,Food & Dining,ATM,Mumbai,India,ATM,iOS,0,0,0,11,Wednesday,2026-06,0,0,-0.18182446298228555
TXN101708,2026-03-25 07:14:41,2026-03-25,688.32,Food & Dining,POS,Mumbai,India,In-Store,Android,0,0,0,7,Wednesday,2026-03,0,0,-0.24595930101804414
TXN101709,2026-01-22 06:45:54,2026-01-22,1719.65,Food & Dining,Mobile Wallet,Lucknow,India,Mobile,Android,1,0,0,6,Thursday,2026-01,0,0,-0.04523272065619233
TXN101710,2026-01-27 05:05:00,2026-01-27,1059.4,Travel,Mobile Wallet,Mumbai,India,Mobile,MacOS,0,0,0,5,Tuesday,2026-01,1,0,-0.22226480686346378
TXN101711,2026-03-22 17:53:04,2026-03-22,1431.21,Fashion,Mobile Wallet,Bengaluru,India,Mobile,Android,0,1,0,17,Sunday,2026-03,0,0,-0.17980959142330677
TXN101712,2026-05-06 16:54:52,2026-05-06,983.63,Grocery,Online,Delhi,India,Digital,Windows,0,1,0,16,Wednesday,2026-05,0,0,-0.18140053713357596
TXN101713,2026-04-02 09:52:05,2026-04-02,1666.58,Grocery,Bank Transfer,Bengaluru,India,Digital,Windows,0,0,0,9,Thursday,2026-04,0,0,-0.25341224906325743
TXN101714,2026-01-21 07:22:12,2026-01-21,466.24,Travel,Online,Chennai,India,Digital,Android,0,0,0,7,Wednesday,2026-01,0,0,-0.23151283713097198
TXN101715,2026-02-16 01:47:44,2026-02-16,6323.7,Grocery,Online,Jaipur,India,Digital,iOS,0,2,0,1,Monday,2026-02,1,1,0.08099779995392908
TXN101716,2026-04-11 04:36:02,2026-04-11,495.39,Grocery,Mobile Wallet,Delhi,India,Mobile,MacOS,0,0,0,4,Saturday,2026-04,1,0,-0.1859071948797792
TXN101717,2026-03-25 15:25:14,2026-03-25,1706.0,Utilities,Online,Mumbai,India,Digital,iOS,0,0,0,15,Wednesday,2026-03,0,0,-0.2547312735299275
TXN101718,2026-01-06 20:36:59,2026-01-06,637.2,Grocery,Mobile Wallet,Pune,India,Mobile,Windows,0,0,0,20,Tuesday,2026-01,0,0,-0.247799224501412
TXN101719,2026-05-27 09:03:54,2026-05-27,967.78,Entertainment,Online,Bengaluru,India,Digital,iOS,0,0,0,9,Wednesday,2026-05,0,0,-0.25577454073403066
TXN101720,2026-05-11 00:01:00,2026-05-11,1586.06,Travel,Bank Transfer,Kolkata,India,Digital,Windows,0,0,0,0,Monday,2026-05,1,0,-0.20823286589952827
TXN101721,2026-01-01 02:34:29,2026-01-01,1185.88,Online Services,Online,Pune,India,Digital,Android,0,0,0,2,Thursday,2026-01,1,0,-0.21743660969188194
TXN101722,2026-02-27 17:32:23,2026-02-27,1216.22,Food & Dining,POS,Kolkata,India,In-Store,Windows,0,0,0,17,Friday,2026-02,0,0,-0.26187003791464436
TXN101723,2026-05-04 06:24:25,2026-05-04,816.95,Travel,Online,Chennai,India,Digital,iOS,0,0,0,6,Monday,2026-05,0,0,-0.25663513793929876
TXN101724,2026-06-15 00:48:15,2026-06-15,630.67,Food & Dining,ATM,Mumbai,India,ATM,Android,0,0,0,0,Monday,2026-06,1,0,-0.19328358163600512
TXN101725,2026-01-15 22:27:39,2026-01-15,1864.0,Fashion,POS,Bengaluru,India,In-Store,Android,0,1,0,22,Thursday,2026-01,0,0,-0.17630640441600187
TXN101726,2026-06-11 03:25:52,2026-06-11,553.67,Food & Dining,ATM,Bengaluru,India,ATM,Android,0,0,1,3,Thursday,2026-06,1,0,-0.19086672744108135
TXN101727,2026-06-12 13:48:57,2026-06-12,652.17,Grocery,Online,Kolkata,India,Digital,iOS,1,0,0,13,Friday,2026-06,0,0,-0.03833461462315202
TXN101728,2026-03-05 08:53:36,2026-03-05,658.32,Jewelry,Online,Bengaluru,India,Digital,Android,0,1,0,8,Thursday,2026-03,0,0,-0.18135964199384846
TXN101729,2026-01-25 17:01:44,2026-01-25,841.23,Fashion,Online,Chennai,India,Digital,Windows,0,0,0,17,Sunday,2026-01,0,0,-0.257846382356725
TXN101730,2026-01-24 03:19:22,2026-01-24,352.06,Fashion,POS,Hyderabad,India,In-Store,iOS,0,0,0,3,Saturday,2026-01,1,0,-0.13853539712851426
TXN101731,2026-01-12 09:15:02,2026-01-12,356.41,Healthcare,Bank Transfer,Hyderabad,India,Digital,Android,0,0,0,9,Monday,2026-01,0,0,-0.19488315832366176
TXN101732,2026-01-18 23:43:02,2026-01-18,1693.33,Fashion,Mobile Wallet,Kolkata,India,Mobile,iOS,0,0,0,23,Sunday,2026-01,1,0,-0.20807226681921054
TXN101733,2026-01-15 01:06:51,2026-01-15,1708.82,Online Services,Online,Mumbai,India,Digital,MacOS,0,0,1,1,Thursday,2026-01,1,0,-0.2078055110406235
TXN101734,2026-01-27 05:29:42,2026-01-27,1406.06,Food & Dining,ATM,Kolkata,India,ATM,Android,0,0,0,5,Tuesday,2026-01,1,0,-0.21016139216395963
TXN101735,2026-03-13 18:48:11,2026-03-13,3294.97,Healthcare,Bank Transfer,Ahmedabad,India,Digital,Android,0,0,0,18,Friday,2026-03,0,0,-0.20267061836244893
TXN101736,2026-03-01 11:02:05,2026-03-01,541.44,Grocery,Online,Bengaluru,India,Digital,Android,0,0,0,11,Sunday,2026-03,0,0,-0.23445650058351986
TXN101737,2026-06-23 02:33:16,2026-06-23,275.83,Online Services,POS,Bengaluru,India,In-Store,Windows,1,1,0,2,Tuesday,2026-06,1,1,0.0815269763917581
TXN101738,2026-05-25 12:04:19,2026-05-25,2055.44,Healthcare,POS,Hyderabad,India,In-Store,iOS,0,0,0,12,Monday,2026-05,0,0,-0.24874493321410635
TXN101739,2026-04-03 21:54:23,2026-04-03,271.08,Electronics,Online,Pune,India,Digital,iOS,0,1,0,21,Friday,2026-04,0,0,-0.07952723448763543
TXN101740,2026-02-22 09:06:09,2026-02-22,982.88,Electronics,Online,Kolkata,India,Digital,MacOS,0,1,0,9,Sunday,2026-02,0,0,-0.18140053713357596
TXN101741,2026-01-08 06:51:40,2026-01-08,1370.0,Travel,Online,Mumbai,India,Digital,Android,1,0,0,6,Thursday,2026-01,0,0,-0.055103333460543746
TXN101742,2026-03-20 22:19:16,2026-03-20,5702.35,Jewelry,ATM,Hyderabad,India,ATM,Windows,0,0,0,22,Friday,2026-03,0,0,-0.11343708824561904
TXN101743,2026-01-27 21:13:47,2026-01-27,708.16,Travel,Online,Kolkata,India,Digital,Android,0,0,0,21,Tuesday,2026-01,0,0,-0.24631695473798398
TXN101744,2026-06-23 01:27:49,2026-06-23,751.11,Food & Dining,Online,Delhi,India,Digital,Android,0,0,0,1,Tuesday,2026-06,1,0,-0.20713883888168905
TXN101745,2026-02-19 12:11:20,2026-02-19,1860.97,Grocery,POS,Mumbai,India,In-Store,Android,0,0,0,12,Thursday,2026-02,0,0,-0.2523196567645809
TXN101746,2026-05-11 02:18:40,2026-05-11,1775.08,Fashion,Online,Mumbai,India,Digital,Windows,0,0,0,2,Monday,2026-05,1,0,-0.20830320332705665
TXN101747,2026-04-03 13:46:29,2026-04-03,833.21,Food & Dining,Online,Lucknow,India,Digital,iOS,0,0,0,13,Friday,2026-04,0,0,-0.257579076911202
TXN101748,2026-06-21 21:11:16,2026-06-21,1271.72,Jewelry,Mobile Wallet,Pune,India,Mobile,Android,0,0,0,21,Sunday,2026-06,0,0,-0.26022095768989806
TXN101749,2026-06-30 09:58:17,2026-06-30,608.13,Food & Dining,Online,Chennai,India,Digital,iOS,0,0,0,9,Tuesday,2026-06,0,0,-0.2438256925209058
TXN101750,2026-01-24 16:16:05,2026-01-24,1567.65,Utilities,ATM,Mumbai,India,ATM,iOS,0,0,0,16,Saturday,2026-01,0,0,-0.25423887697973346
TXN101751,2026-03-01 08:35:30,2026-03-01,306.45,Food & Dining,POS,Lucknow,India,In-Store,iOS,1,0,0,8,Sunday,2026-03,0,0,-0.0039007604484108116
TXN101752,2026-05-02 15:53:53,2026-05-02,11228.97,Grocery,Bank Transfer,Bengaluru,India,Digital,MacOS,0,0,1,15,Saturday,2026-05,0,0,-0.025645838508209895
TXN101753,2026-05-11 23:00:21,2026-05-11,1952.47,Travel,ATM,Kolkata,India,ATM,Android,0,1,0,23,Monday,2026-05,1,0,-0.10639909083591925
TXN101754,2026-05-28 03:59:40,2026-05-28,454.28,Food & Dining,Online,Jaipur,India,Digital,iOS,0,0,0,3,Thursday,2026-05,1,0,-0.17605494081383727
TXN101755,2026-02-15 21:21:36,2026-02-15,885.07,Jewelry,Mobile Wallet,Jaipur,India,Mobile,Android,0,0,0,21,Sunday,2026-02,0,0,-0.2607740835383063
TXN101756,2026-01-15 19:42:14,2026-01-15,472.23,Online Services,POS,Pune,India,In-Store,iOS,0,1,0,19,Thursday,2026-01,0,0,-0.1478574433456235
TXN101757,2026-06-02 15:30:30,2026-06-02,569.68,Electronics,Bank Transfer,Bengaluru,India,Digital,MacOS,0,1,0,15,Tuesday,2026-06,0,0,-0.1696306570938646
TXN101758,2026-01-17 01:32:09,2026-01-17,1298.98,Electronics,POS,Mumbai,India,In-Store,Android,0,0,0,1,Saturday,2026-01,1,0,-0.21717799227487028
TXN101759,2026-05-06 23:03:07,2026-05-06,3338.49,Electronics,Mobile Wallet,Bengaluru,India,Mobile,MacOS,0,0,0,23,Wednesday,2026-05,1,0,-0.14527133242927326
TXN101760,2026-03-25 13:39:38,2026-03-25,1011.37,Online Services,Bank Transfer,Lucknow,India,Digital,Windows,0,0,0,13,Wednesday,2026-03,0,0,-0.25554358507381564
TXN101761,2026-01-09 01:55:37,2026-01-09,241.69,Online Services,Mobile Wallet,Delhi,India,Mobile,Windows,0,0,0,1,Friday,2026-01,1,0,-0.07178231744425922
TXN101762,2026-06-15 11:04:46,2026-06-15,671.07,Utilities,POS,Chennai,India,In-Store,Android,0,0,0,11,Monday,2026-06,0,0,-0.24530550329396061
TXN101763,2026-06-25 13:48:19,2026-06-25,707.33,Fashion,POS,Ahmedabad,India,In-Store,MacOS,0,1,1,13,Thursday,2026-06,0,0,-0.18405723637531357
TXN101764,2026-03-04 21:13:16,2026-03-04,1177.49,Food & Dining,Bank Transfer,Chennai,India,Digital,Windows,0,1,0,21,Wednesday,2026-03,0,0,-0.1837656117328717
TXN101765,2026-04-27 07:01:19,2026-04-27,979.66,Food & Dining,Mobile Wallet,Mumbai,India,Mobile,iOS,0,0,0,7,Monday,2026-04,0,0,-0.254323138910282
TXN101766,2026-05-10 10:35:06,2026-05-10,188.73,Travel,Mobile Wallet,Bengaluru,India,Mobile,Android,0,0,0,10,Sunday,2026-05,0,0,-0.09333578273530152
TXN101767,2026-03-29 22:08:57,2026-03-29,523.24,Food & Dining,POS,Chennai,India,In-Store,iOS,0,0,0,22,Sunday,2026-03,0,0,-0.23294949280476407
TXN101768,2026-03-13 11:15:44,2026-03-13,452.15,Grocery,Bank Transfer,Kolkata,India,Digital,Windows,0,1,0,11,Friday,2026-03,0,0,-0.14227850141866671
TXN101769,2026-05-19 02:29:57,2026-05-19,2248.33,Electronics,Online,Chennai,India,Digital,iOS,0,0,0,2,Tuesday,2026-05,1,0,-0.19078077432219276
TXN101770,2026-03-05 23:48:31,2026-03-05,873.05,Online Services,POS,Lucknow,India,In-Store,iOS,0,0,0,23,Thursday,2026-03,1,0,-0.20734772510583988
TXN101771,2026-03-13 11:21:00,2026-03-13,221.65,Utilities,Online,Chennai,India,Digital,Android,0,0,0,11,Friday,2026-03,0,0,-0.11761209471983491
TXN101772,2026-01-21 00:53:45,2026-01-21,547.45,Fashion,POS,Kolkata,India,In-Store,Android,0,0,0,0,Wednesday,2026-01,1,0,-0.18965869413524256
TXN101773,2026-01-18 16:31:10,2026-01-18,2806.66,Food & Dining,Mobile Wallet,Ahmedabad,India,Mobile,iOS,0,0,0,16,Sunday,2026-01,0,0,-0.22364068377077084
TXN101774,2026-03-05 17:40:56,2026-03-05,679.05,Fashion,Online,Ahmedabad,India,Digital,Windows,0,0,0,17,Thursday,2026-03,0,0,-0.24658527832848898
TXN101775,2026-03-23 14:24:40,2026-03-23,636.83,Healthcare,ATM,Kolkata,India,ATM,Android,0,0,0,14,Monday,2026-03,0,0,-0.247799224501412
TXN101776,2026-04-20 16:57:58,2026-04-20,956.96,Utilities,ATM,Bengaluru,India,ATM,MacOS,0,0,0,16,Monday,2026-04,0,0,-0.25575565213844476
TXN101777,2026-04-05 21:11:30,2026-04-05,1313.54,Utilities,Online,Delhi,India,Digital,iOS,0,0,1,21,Sunday,2026-04,0,0,-0.2600876789049551
TXN101778,2026-06-15 15:43:53,2026-06-15,978.31,Healthcare,POS,Mumbai,India,In-Store,Windows,0,1,0,15,Monday,2026-06,0,0,-0.18138988246720755
TXN101779,2026-02-01 07:24:15,2026-02-01,2486.22,Electronics,POS,Pune,India,In-Store,iOS,0,2,0,7,Sunday,2026-02,0,0,-0.0011312423274794092
TXN101780,2026-01-11 12:06:41,2026-01-11,978.36,Fashion,Online,Jaipur,India,Digital,Android,0,0,0,12,Sunday,2026-01,0,0,-0.25518703560573847
TXN101781,2026-02-14 00:51:54,2026-02-14,1880.72,Food & Dining,Bank Transfer,Bengaluru,India,Digital,MacOS,0,0,0,0,Saturday,2026-02,1,0,-0.19790246764282188
TXN101782,2026-02-02 07:21:42,2026-02-02,1283.51,Fashion,Mobile Wallet,Chennai,India,Mobile,Windows,0,0,0,7,Monday,2026-02,0,0,-0.26023466005656776
TXN101783,2026-04-12 13:49:28,2026-04-12,389.79,Utilities,Online,Jaipur,India,Digital,Android,0,0,1,13,Sunday,2026-04,0,0,-0.20514864138060895
TXN101784,2026-06-18 13:22:08,2026-06-18,4574.44,Travel,Online,Jaipur,India,Digital,iOS,0,0,0,13,Thursday,2026-06,0,0,-0.1561469564491455
TXN101785,2026-05-16 05:33:48,2026-05-16,2764.31,Electronics,POS,Kolkata,India,In-Store,iOS,0,1,0,5,Saturday,2026-05,1,0,-0.07539090059805154
TXN101786,2026-01-11 15:26:05,2026-01-11,696.85,Fashion,Bank Transfer,Hyderabad,India,Digital,Windows,0,0,0,15,Sunday,2026-01,0,0,-0.24624479575018499
TXN101787,2026-06-28 23:05:23,2026-06-28,1003.35,Jewelry,Online,Delhi,India,Digital,Android,0,0,0,23,Sunday,2026-06,1,0,-0.2206956773142465
TXN101788,2026-03-29 09:48:53,2026-03-29,1793.91,Electronics,Online,Delhi,India,Digital,iOS,1,1,0,9,Sunday,2026-03,0,1,0.02929849375304705
TXN101789,2026-02-10 00:52:54,2026-02-10,1266.51,Entertainment,POS,Hyderabad,India,In-Store,Android,0,0,0,0,Tuesday,2026-02,1,0,-0.21927653365010147
TXN101790,2026-05-25 09:49:58,2026-05-25,1194.7,Fashion,Mobile Wallet,Mumbai,India,Mobile,Android,0,1,0,9,Monday,2026-05,0,0,-0.18341581378815353
TXN101791,2026-03-17 09:58:49,2026-03-17,1643.33,Grocery,POS,Hyderabad,India,In-Store,Android,0,0,0,9,Tuesday,2026-03,0,0,-0.2531710871809636
TXN101792,2026-05-01 01:12:01,2026-05-01,1455.02,Food & Dining,POS,Pune,India,In-Store,Android,0,0,0,1,Friday,2026-05,1,0,-0.2097269495892698
TXN101793,2026-02-15 15:23:41,2026-02-15,1460.32,Healthcare,Mobile Wallet,Pune,India,Mobile,Android,0,0,0,15,Sunday,2026-02,0,0,-0.2551536079789862
TXN101794,2026-06-09 20:10:35,2026-06-09,1179.78,Food & Dining,Bank Transfer,Kolkata,India,Digital,iOS,0,0,0,20,Tuesday,2026-06,0,0,-0.2592326479570341
TXN101795,2026-03-21 06:36:00,2026-03-21,1828.26,Online Services,Bank Transfer,Chennai,India,Digital,Windows,0,1,0,6,Saturday,2026-03,0,0,-0.17686751619358632
TXN101796,2026-02-23 03:09:20,2026-02-23,1296.92,Travel,POS,Jaipur,India,In-Store,Android,0,0,0,3,Monday,2026-02,1,0,-0.21751240327617788
TXN101797,2026-03-27 02:51:53,2026-03-27,1323.25,Grocery,Mobile Wallet,Delhi,India,Mobile,Android,0,0,0,2,Friday,2026-03,1,0,-0.2132346137774403
TXN101798,2026-04-02 23:53:18,2026-04-02,3294.11,Jewelry,Bank Transfer,Delhi,India,Digital,Android,1,0,0,23,Thursday,2026-04,1,1,0.03861363390028483
TXN101799,2026-05-28 01:36:41,2026-05-28,1551.16,Fashion,Mobile Wallet,Hyderabad,India,Mobile,Android,0,0,0,1,Thursday,2026-05,1,0,-0.2072203860259791
TXN101800,2026-06-10 03:55:30,2026-06-10,1428.59,Food & Dining,Bank Transfer,Hyderabad,India,Digital,MacOS,0,2,0,3,Wednesday,2026-06,1,1,0.028920707228331954
TXN101801,2026-06-17 03:57:51,2026-06-17,538.6,Utilities,Bank Transfer,Hyderabad,India,Digital,Android,0,0,0,3,Wednesday,2026-06,1,0,-0.18601820705673638
TXN101802,2026-06-09 04:27:55,2026-06-09,560.74,Travel,Online,Mumbai,India,Digital,Android,0,0,0,4,Tuesday,2026-06,1,0,-0.1924613799946504
TXN101803,2026-04-07 05:16:24,2026-04-07,2733.57,Healthcare,POS,Hyderabad,India,In-Store,iOS,0,1,0,5,Tuesday,2026-04,1,0,-0.0775060078883788
TXN101804,2026-01-02 16:55:42,2026-01-02,1731.1,Electronics,Bank Transfer,Chennai,India,Digital,MacOS,0,0,0,16,Friday,2026-01,0,0,-0.2541730096458711
TXN101805,2026-02-02 03:34:21,2026-02-02,2284.83,Travel,Online,Jaipur,India,Digital,Android,0,1,0,3,Monday,2026-02,1,0,-0.09519855605014749
TXN101806,2026-06-07 22:50:03,2026-06-07,1284.51,Electronics,POS,Bengaluru,India,In-Store,Android,0,0,0,22,Sunday,2026-06,0,0,-0.26023466005656776
TXN101807,2026-06-10 19:49:36,2026-06-10,1507.17,Utilities,Online,Bengaluru,India,Digital,MacOS,0,0,0,19,Wednesday,2026-06,0,0,-0.253816815584277
TXN101808,2026-03-18 17:00:47,2026-03-18,975.94,Electronics,Bank Transfer,Chennai,India,Digital,iOS,0,0,0,17,Wednesday,2026-03,0,0,-0.25614598293679136
TXN101809,2026-04-26 19:11:41,2026-04-26,1073.43,Healthcare,Online,Lucknow,India,Digital,iOS,0,0,0,19,Sunday,2026-04,0,0,-0.2617013434734701
TXN101810,2026-06-03 05:49:37,2026-06-03,785.7,Jewelry,Bank Transfer,Pune,India,Digital,MacOS,0,0,0,5,Wednesday,2026-06,1,0,-0.20750927258785468
TXN101811,2026-05-30 14:03:37,2026-05-30,3187.46,Food & Dining,ATM,Bengaluru,India,ATM,iOS,0,0,0,14,Saturday,2026-05,0,0,-0.20885794409073638
TXN101812,2026-04-13 15:57:53,2026-04-13,620.52,Food & Dining,Online,Mumbai,India,Digital,Android,0,0,0,15,Monday,2026-04,0,0,-0.24784609388709883
TXN101813,2026-06-15 20:15:02,2026-06-15,1402.53,Food & Dining,POS,Lucknow,India,In-Store,Android,0,0,0,20,Monday,2026-06,0,0,-0.25504576287559894
TXN101814,2026-04-13 04:20:30,2026-04-13,967.47,Travel,Online,Ahmedabad,India,Digital,iOS,0,1,0,4,Monday,2026-04,1,0,-0.10968817617512505
TXN101815,2026-03-31 05:34:16,2026-03-31,2348.3,Food & Dining,POS,Mumbai,India,In-Store,Android,0,0,0,5,Tuesday,2026-03,1,0,-0.18491494152634347
TXN101816,2026-06-23 02:03:02,2026-06-23,1315.68,Entertainment,POS,Delhi,India,In-Store,iOS,0,0,0,2,Tuesday,2026-06,1,0,-0.21376003969529295
TXN101817,2026-05-02 15:28:59,2026-05-02,1586.36,Jewelry,Online,Bengaluru,India,Digital,iOS,0,0,0,15,Saturday,2026-05,0,0,-0.2531520756789733
TXN101818,2026-05-23 22:41:25,2026-05-23,1294.74,Jewelry,Mobile Wallet,Pune,India,Mobile,iOS,0,0,0,22,Saturday,2026-05,0,0,-0.25960031081008184
TXN101819,2026-04-16 13:30:39,2026-04-16,495.85,Online Services,Online,Hyderabad,India,Digital,Android,0,0,0,13,Thursday,2026-04,0,0,-0.23408747912790867
TXN101820,2026-04-29 16:37:18,2026-04-29,1703.24,Online Services,ATM,Hyderabad,India,ATM,Windows,1,1,0,16,Wednesday,2026-04,0,1,0.028528444174697354
TXN101821,2026-06-21 12:47:21,2026-06-21,1012.97,Food & Dining,POS,Jaipur,India,In-Store,MacOS,0,0,0,12,Sunday,2026-06,0,0,-0.25554358507381564
TXN101822,2026-02-18 00:16:32,2026-02-18,596.38,Entertainment,ATM,Pune,India,ATM,Android,0,1,0,0,Wednesday,2026-02,1,0,-0.08518376025063878
TXN101823,2026-04-14 20:06:34,2026-04-14,354.72,Online Services,POS,Delhi,India,In-Store,Android,1,0,0,20,Tuesday,2026-04,0,0,-0.013298792989464014
TXN101824,2026-03-02 18:47:37,2026-03-02,570.31,Fashion,Bank Transfer,Kolkata,India,Digital,Windows,0,0,0,18,Monday,2026-03,0,0,-0.23971168811724725
TXN101825,2026-05-03 07:32:40,2026-05-03,2020.85,Jewelry,Bank Transfer,Bengaluru,India,Digital,Android,0,0,0,7,Sunday,2026-05,0,0,-0.2480370265412819
TXN101826,2026-05-14 12:32:36,2026-05-14,4489.51,Fashion,Bank Transfer,Jaipur,India,Digital,iOS,0,1,0,12,Thursday,2026-05,0,0,-0.08974685990824338
TXN101827,2026-01-09 14:16:15,2026-01-09,1205.58,Entertainment,Online,Pune,India,Digital,iOS,0,0,0,14,Friday,2026-01,0,0,-0.2613965898020777
TXN101828,2026-01-06 05:26:12,2026-01-06,494.04,Healthcare,ATM,Ahmedabad,India,ATM,Windows,0,1,0,5,Tuesday,2026-01,1,0,-0.0749942090264677
TXN101829,2026-03-14 01:08:56,2026-03-14,1530.12,Jewelry,Online,Mumbai,India,Digital,Android,0,0,0,1,Saturday,2026-03,1,0,-0.21014891695304655
TXN101830,2026-04-13 17:11:08,2026-04-13,2596.47,Travel,Online,Delhi,India,Digital,iOS,0,0,0,17,Monday,2026-04,0,0,-0.229847549774448
TXN101831,2026-06-09 22:51:03,2026-06-09,5099.95,Healthcare,POS,Pune,India,In-Store,Android,0,1,0,22,Tuesday,2026-06,0,0,-0.07289097309356818
TXN101832,2026-02-10 08:56:07,2026-02-10,3014.81,Food & Dining,POS,Bengaluru,India,In-Store,Android,0,0,0,8,Tuesday,2026-02,0,0,-0.2132079339826139
TXN101833,2026-04-24 04:17:59,2026-04-24,1312.14,Travel,POS,Mumbai,India,In-Store,Android,0,0,0,4,Friday,2026-04,1,0,-0.21369977143762992
TXN101834,2026-01-08 08:42:56,2026-01-08,1737.26,Utilities,Bank Transfer,Pune,India,Digital,Android,0,2,0,8,Thursday,2026-01,0,0,-0.0152191798743595
TXN101835,2026-03-13 01:20:23,2026-03-13,615.18,Food & Dining,POS,Chennai,India,In-Store,Android,0,1,0,1,Friday,2026-03,1,0,-0.08650579341685116
TXN101836,2026-06-27 19:34:16,2026-06-27,2074.68,Entertainment,POS,Jaipur,India,In-Store,iOS,1,0,0,19,Saturday,2026-06,0,0,-0.03631450240670164
TXN101837,2026-04-02 05:26:25,2026-04-02,2315.03,Travel,Online,Pune,India,Digital,Windows,0,0,1,5,Thursday,2026-04,1,0,-0.18663981362147058
TXN101838,2026-03-03 04:47:52,2026-03-03,148.74,Food & Dining,Bank Transfer,Chennai,India,Digital,iOS,0,0,0,4,Tuesday,2026-03,1,0,-0.009310739577368499
TXN101839,2026-03-25 07:23:39,2026-03-25,1229.23,Entertainment,POS,Mumbai,India,In-Store,Android,0,0,0,7,Wednesday,2026-03,0,0,-0.26106678830410956
TXN101840,2026-03-03 20:51:09,2026-03-03,3612.19,Fashion,POS,Mumbai,India,In-Store,Windows,1,0,0,20,Tuesday,2026-03,0,0,-0.0023119527355275338
TXN101841,2026-04-21 11:04:55,2026-04-21,640.99,Electronics,Bank Transfer,Mumbai,India,Digital,iOS,0,0,0,11,Tuesday,2026-04,0,0,-0.2458721150108657
TXN101842,2026-05-07 01:02:00,2026-05-07,200.26,Jewelry,POS,Kolkata,India,In-Store,MacOS,0,0,0,1,Thursday,2026-05,1,0,-0.044117777324994
TXN101843,2026-01-07 05:21:07,2026-01-07,1072.62,Food & Dining,POS,Pune,India,In-Store,iOS,0,0,0,5,Wednesday,2026-01,1,0,-0.2228180382987927
TXN101844,2026-03-25 04:21:36,2026-03-25,2593.68,Healthcare,POS,Chennai,India,In-Store,iOS,0,1,0,4,Wednesday,2026-03,1,0,-0.08259817297268712
TXN101845,2026-05-12 08:19:28,2026-05-12,1510.94,Fashion,ATM,Hyderabad,India,ATM,Android,0,0,0,8,Tuesday,2026-05,0,0,-0.2536558429382613
TXN101846,2026-05-14 14:49:24,2026-05-14,1120.52,Fashion,ATM,Ahmedabad,India,ATM,Android,0,1,0,14,Thursday,2026-05,0,0,-0.18449544189829475
TXN101847,2026-02-27 06:29:05,2026-02-27,522.95,Fashion,Online,Ahmedabad,India,Digital,Android,0,1,1,6,Friday,2026-02,0,0,-0.15790114942497924
TXN101848,2026-01-22 14:19:27,2026-01-22,455.5,Fashion,Online,Chennai,India,Digital,Android,0,0,0,14,Thursday,2026-01,0,0,-0.22743380633002613
TXN101849,2026-06-03 17:06:47,2026-06-03,1269.3,Food & Dining,Online,Hyderabad,India,Digital,Android,0,0,0,17,Wednesday,2026-06,0,0,-0.26022095768989806
TXN101850,2026-05-07 05:23:05,2026-05-07,1046.47,Food & Dining,ATM,Delhi,India,ATM,Windows,0,0,1,5,Thursday,2026-05,1,0,-0.2236806787168108
TXN101851,2026-01-03 23:14:18,2026-01-03,2168.97,Food & Dining,Mobile Wallet,Kolkata,India,Mobile,Windows,0,0,0,23,Saturday,2026-01,1,0,-0.1915883944017744
TXN101852,2026-05-07 18:35:00,2026-05-07,1560.06,Electronics,POS,Chennai,India,In-Store,Windows,1,0,0,18,Thursday,2026-05,0,0,-0.05117680656070778
TXN101853,2026-02-10 18:57:24,2026-02-10,605.19,Food & Dining,Online,Bengaluru,India,Digital,Android,0,1,0,18,Tuesday,2026-02,0,0,-0.17386955020926753
TXN101854,2026-04-16 18:10:25,2026-04-16,1346.02,Electronics,Bank Transfer,Jaipur,India,Digital,Android,0,0,0,18,Thursday,2026-04,0,0,-0.25838115480193213
TXN101855,2026-01-14 21:48:38,2026-01-14,1178.9,Grocery,Mobile Wallet,Jaipur,India,Mobile,iOS,0,0,0,21,Wednesday,2026-01,0,0,-0.2585062389601057
TXN101856,2026-01-12 23:00:44,2026-01-12,289.66,Jewelry,Mobile Wallet,Lucknow,India,Mobile,Windows,0,0,0,23,Monday,2026-01,1,0,-0.10977201991476637
TXN101857,2026-03-28 09:08:39,2026-03-28,784.22,Entertainment,ATM,Ahmedabad,India,ATM,Android,0,1,0,9,Saturday,2026-03,0,0,-0.18678567891671627
TXN101858,2026-01-12 15:53:16,2026-01-12,1150.61,Entertainment,Mobile Wallet,Mumbai,India,Mobile,Android,0,0,0,15,Monday,2026-01,0,0,-0.25944235984207953
TXN101859,2026-05-21 22:03:21,2026-05-21,1001.55,Fashion,Online,Bengaluru,India,Digital,Android,0,0,0,22,Thursday,2026-05,0,0,-0.25410760057918563
TXN101860,2026-01-25 00:08:15,2026-01-25,1411.76,Online Services,Online,Delhi,India,Digital,Android,0,0,0,0,Sunday,2026-01,1,0,-0.20936345575606397
TXN101861,2026-02-14 12:25:55,2026-02-14,1167.57,Entertainment,Online,Hyderabad,India,Digital,iOS,1,2,0,12,Saturday,2026-02,0,1,0.075104297132915
TXN101862,2026-05-02 18:48:04,2026-05-02,1440.22,Utilities,Bank Transfer,Delhi,India,Digital,Android,0,0,0,18,Saturday,2026-05,0,0,-0.25218338373801147
TXN101863,2026-05-27 09:15:24,2026-05-27,1253.25,Fashion,Online,Ahmedabad,India,Digital,Android,0,0,0,9,Wednesday,2026-05,0,0,-0.2601290640520823
TXN101864,2026-02-24 21:55:29,2026-02-24,1076.44,Jewelry,POS,Mumbai,India,In-Store,iOS,0,0,0,21,Tuesday,2026-02,0,0,-0.2619140610102935
TXN101865,2026-04-10 00:25:52,2026-04-10,1245.93,Utilities,POS,Hyderabad,India,In-Store,iOS,0,0,0,0,Friday,2026-04,1,0,-0.2175951847939206
TXN101866,2026-06-22 14:14:32,2026-06-22,821.2,Online Services,POS,Chennai,India,In-Store,Windows,0,0,0,14,Monday,2026-06,0,0,-0.25663513793929876
TXN101867,2026-05-16 09:57:33,2026-05-16,786.39,Electronics,Mobile Wallet,Lucknow,India,Mobile,Android,1,0,0,9,Saturday,2026-05,0,0,-0.05458657735981798
TXN101868,2026-04-29 09:08:44,2026-04-29,1186.45,Travel,Online,Hyderabad,India,Digital,Android,0,0,0,9,Wednesday,2026-04,0,0,-0.26070489362374927
TXN101869,2026-02-22 20:41:02,2026-02-22,219.81,Travel,POS,Ahmedabad,India,In-Store,MacOS,0,0,0,20,Sunday,2026-02,0,0,-0.11743269191225036
TXN101870,2026-02-01 06:38:09,2026-02-01,815.11,Travel,Bank Transfer,Delhi,India,Digital,Windows,0,1,0,6,Sunday,2026-02,0,0,-0.18816760804566834
TXN101871,2026-02-20 15:11:15,2026-02-20,623.32,Online Services,Online,Jaipur,India,Digital,iOS,0,0,0,15,Friday,2026-02,0,0,-0.24736860181726672
TXN101872,2026-02-13 20:26:31,2026-02-13,564.66,Grocery,Bank Transfer,Delhi,India,Digital,Windows,0,1,0,20,Friday,2026-02,0,0,-0.1692917849961338
TXN101873,2026-03-23 19:29:50,2026-03-23,852.2,Grocery,Bank Transfer,Delhi,India,Digital,iOS,0,0,0,19,Monday,2026-03,0,0,-0.2571557686772885
TXN101874,2026-05-26 06:17:14,2026-05-26,375.3,Travel,Mobile Wallet,Delhi,India,Mobile,MacOS,0,1,0,6,Tuesday,2026-05,0,0,-0.11813153842660251
TXN101875,2026-05-30 08:59:23,2026-05-30,855.46,Electronics,Mobile Wallet,Lucknow,India,Mobile,iOS,0,0,0,8,Saturday,2026-05,0,0,-0.25691404570143067
TXN101876,2026-02-06 17:42:32,2026-02-06,1319.57,Electronics,POS,Ahmedabad,India,In-Store,iOS,1,0,1,17,Friday,2026-02,0,0,-0.05571362514659062
TXN101877,2026-04-06 21:23:24,2026-04-06,2541.06,Utilities,ATM,Bengaluru,India,ATM,iOS,0,1,0,21,Monday,2026-04,0,0,-0.14984351381662847
TXN101878,2026-02-25 15:39:58,2026-02-25,6369.9,Food & Dining,Online,Lucknow,India,Digital,iOS,0,0,0,15,Wednesday,2026-02,0,0,-0.09419550041497138
TXN101879,2026-04-15 11:18:38,2026-04-15,253.96,Grocery,Online,Lucknow,India,Digital,iOS,0,0,0,11,Wednesday,2026-04,0,0,-0.14858836534564052
TXN101880,2026-02-28 23:01:56,2026-02-28,519.5,Fashion,Online,Ahmedabad,India,Digital,Android,0,0,0,23,Saturday,2026-02,1,0,-0.18582844187535574
TXN101881,2026-05-11 07:27:50,2026-05-11,855.29,Fashion,POS,Kolkata,India,In-Store,iOS,0,0,0,7,Monday,2026-05,0,0,-0.25691404570143067
TXN101882,2026-06-05 10:23:14,2026-06-05,1224.9,Grocery,Mobile Wallet,Lucknow,India,Mobile,Windows,0,0,0,10,Friday,2026-06,0,0,-0.2613768373999786
TXN101883,2026-02-04 14:27:37,2026-02-04,1467.96,Healthcare,POS,Hyderabad,India,In-Store,Android,0,0,0,14,Wednesday,2026-02,0,0,-0.25418463394562674
TXN101884,2026-04-03 22:09:55,2026-04-03,673.11,Healthcare,POS,Kolkata,India,In-Store,MacOS,0,1,0,22,Friday,2026-04,0,0,-0.18038613984693003
TXN101885,2026-04-07 22:20:09,2026-04-07,145.16,Healthcare,POS,Ahmedabad,India,In-Store,MacOS,0,1,0,22,Tuesday,2026-04,0,0,-0.009390480559187786
TXN101886,2026-05-15 03:36:56,2026-05-15,2509.11,Healthcare,POS,Pune,India,In-Store,Android,0,0,0,3,Friday,2026-05,1,0,-0.18529575009802357
TXN101887,2026-03-17 11:42:17,2026-03-17,1639.48,Grocery,Mobile Wallet,Pune,India,Mobile,iOS,0,0,0,11,Tuesday,2026-03,0,0,-0.2531710871809636
TXN101888,2026-02-18 00:02:33,2026-02-18,1940.28,Jewelry,Online,Bengaluru,India,Digital,Android,0,0,0,0,Wednesday,2026-02,1,0,-0.19674319320303002
TXN101889,2026-04-04 02:10:53,2026-04-04,923.6,Utilities,ATM,Chennai,India,ATM,Android,0,1,0,2,Saturday,2026-04,1,0,-0.10731355275467014
TXN101890,2026-06-08 03:26:19,2026-06-08,1452.34,Online Services,POS,Lucknow,India,In-Store,iOS,0,0,0,3,Monday,2026-06,1,0,-0.2095302269463986
TXN101891,2026-01-24 04:23:12,2026-01-24,221.47,Grocery,Online,Delhi,India,Digital,Android,0,0,0,4,Saturday,2026-01,1,0,-0.05634534989784579
TXN101892,2026-05-28 10:39:27,2026-05-28,465.77,Jewelry,POS,Chennai,India,In-Store,Android,0,0,0,10,Thursday,2026-05,0,0,-0.23148650522545272
TXN101893,2026-02-06 05:01:40,2026-02-06,2850.95,Utilities,Bank Transfer,Chennai,India,Digital,Windows,0,0,0,5,Friday,2026-02,1,0,-0.16637804633367737
TXN101894,2026-01-04 17:37:36,2026-01-04,1124.09,Online Services,Online,Kolkata,India,Digital,iOS,0,0,0,17,Sunday,2026-01,0,0,-0.26116076042459013
TXN101895,2026-04-18 03:04:09,2026-04-18,4892.34,Grocery,Online,Hyderabad,India,Digital,iOS,0,0,0,3,Saturday,2026-04,1,0,-0.08807686375535828
TXN101896,2026-05-06 00:13:06,2026-05-06,502.82,Healthcare,Online,Pune,India,Digital,Android,0,0,0,0,Wednesday,2026-05,1,0,-0.18317205533580516
TXN101897,2026-01-20 19:25:04,2026-01-20,8448.28,Jewelry,Bank Transfer,Jaipur,India,Digital,Windows,0,0,0,19,Tuesday,2026-01,0,0,-0.043718236949441436
TXN101898,2026-06-01 08:31:39,2026-06-01,9473.96,Healthcare,Bank Transfer,Hyderabad,India,Digital,iOS,0,0,0,8,Monday,2026-06,0,0,-0.03757796836812233
TXN101899,2026-02-19 13:14:51,2026-02-19,654.63,Food & Dining,POS,Pune,India,In-Store,MacOS,0,0,0,13,Thursday,2026-02,0,0,-0.2453685181046385
TXN101900,2026-06-26 10:17:20,2026-06-26,762.39,Jewelry,POS,Jaipur,India,In-Store,iOS,0,0,0,10,Friday,2026-06,0,0,-0.25235510941143496
TXN101901,2026-06-28 16:06:26,2026-06-28,2985.74,Fashion,Mobile Wallet,Lucknow,India,Mobile,iOS,0,1,0,16,Sunday,2026-06,0,0,-0.12981019327136
TXN101902,2026-04-06 10:46:02,2026-04-06,699.09,Entertainment,Bank Transfer,Mumbai,India,Digital,Windows,0,0,0,10,Monday,2026-04,0,0,-0.24539599889688052
TXN101903,2026-04-15 06:33:20,2026-04-15,886.71,Food & Dining,Bank Transfer,Ahmedabad,India,Digital,iOS,1,0,0,6,Wednesday,2026-04,0,0,-0.05457276450066406
TXN101904,2026-06-13 05:30:10,2026-06-13,609.99,Jewelry,Bank Transfer,Mumbai,India,Digital,Android,0,0,0,5,Saturday,2026-06,1,0,-0.19345655301060727
TXN101905,2026-04-27 23:48:23,2026-04-27,623.27,Grocery,ATM,Hyderabad,India,ATM,Android,1,0,0,23,Monday,2026-04,1,1,0.019305539657196835
TXN101906,2026-04-08 15:53:24,2026-04-08,1205.17,Food & Dining,POS,Bengaluru,India,In-Store,iOS,0,0,0,15,Wednesday,2026-04,0,0,-0.2614552824269687
TXN101907,2026-03-07 05:34:45,2026-03-07,881.04,Healthcare,Mobile Wallet,Hyderabad,India,Mobile,iOS,0,0,1,5,Saturday,2026-03,1,0,-0.21004003065721438
TXN101908,2026-03-20 13:00:54,2026-03-20,206.14,Utilities,Mobile Wallet,Kolkata,India,Mobile,Android,0,0,0,13,Friday,2026-03,0,0,-0.10752393960611362
TXN101909,2026-06-11 20:46:37,2026-06-11,3473.34,Food & Dining,Online,Jaipur,India,Digital,Android,0,0,0,20,Thursday,2026-06,0,0,-0.2009234376084656
TXN101910,2026-06-13 23:24:29,2026-06-13,3942.13,Unknown,Online,Jaipur,India,Digital,iOS,0,0,0,23,Saturday,2026-06,1,0,-0.11454588639710095
TXN101911,2026-01-06 11:02:59,2026-01-06,1652.29,Jewelry,Mobile Wallet,Lucknow,India,Mobile,iOS,0,0,0,11,Tuesday,2026-01,0,0,-0.2531710871809636
TXN101912,2026-02-08 15:36:47,2026-02-08,1212.71,Grocery,Online,Mumbai,India,Digital,iOS,0,0,0,15,Sunday,2026-02,0,0,-0.2621341793716361
TXN101913,2026-06-19 09:26:20,2026-06-19,518.69,Fashion,Mobile Wallet,Lucknow,India,Mobile,Android,0,0,0,9,Friday,2026-06,0,0,-0.23435847210390637
TXN101914,2026-04-25 15:35:17,2026-04-25,757.87,Grocery,POS,Mumbai,India,In-Store,iOS,0,0,0,15,Saturday,2026-04,0,0,-0.25227732138387504
TXN101915,2026-05-05 03:55:41,2026-05-05,2621.04,Travel,Online,Jaipur,India,Digital,Android,0,0,0,3,Tuesday,2026-05,1,0,-0.17988565143020252
TXN101916,2026-01-12 02:35:44,2026-01-12,1769.29,Food & Dining,Online,Hyderabad,India,Digital,Windows,0,0,1,2,Monday,2026-01,1,0,-0.20830320332705665
TXN101917,2026-05-11 04:24:56,2026-05-11,1578.49,Online Services,Online,Bengaluru,India,Digital,iOS,1,0,0,4,Monday,2026-05,1,1,0.01730855031739731
TXN101918,2026-01-18 08:16:53,2026-01-18,1633.08,Online Services,Online,Jaipur,India,Digital,Android,0,1,0,8,Sunday,2026-01,0,0,-0.17856837561085454
TXN101919,2026-02-09 23:27:11,2026-02-09,2565.72,Grocery,POS,Chennai,India,In-Store,Android,0,0,0,23,Monday,2026-02,1,0,-0.18198126542368687
TXN101920,2026-01-21 18:14:39,2026-01-21,2275.59,Grocery,Bank Transfer,Pune,India,Digital,iOS,0,0,1,18,Wednesday,2026-01,0,0,-0.2420934673536025
TXN101921,2026-05-23 02:58:01,2026-05-23,1903.64,Food & Dining,Mobile Wallet,Mumbai,India,Mobile,Android,0,0,0,2,Saturday,2026-05,1,0,-0.19727467085564032
TXN101922,2026-04-09 20:15:03,2026-04-09,829.98,Food & Dining,POS,Mumbai,India,In-Store,Android,0,0,0,20,Thursday,2026-04,0,0,-0.2571781290971531
TXN101923,2026-01-26 00:53:48,2026-01-26,4219.63,Travel,POS,Kolkata,India,In-Store,MacOS,0,0,0,0,Monday,2026-01,1,0,-0.10350837920072542
TXN101924,2026-01-08 01:16:22,2026-01-08,744.02,Online Services,POS,Lucknow,India,In-Store,Android,0,0,0,1,Thursday,2026-01,1,0,-0.20513763327503592
TXN101925,2026-04-10 21:51:23,2026-04-10,547.3,Online Services,POS,Ahmedabad,India,In-Store,Windows,0,0,0,21,Friday,2026-04,0,0,-0.2363908008409653
TXN101926,2026-03-28 03:09:57,2026-03-28,698.52,Fashion,POS,Ahmedabad,India,In-Store,iOS,0,0,0,3,Saturday,2026-03,1,0,-0.20119561785845097
TXN101927,2026-02-11 10:46:39,2026-02-11,422.85,Online Services,Online,Kolkata,India,Digital,MacOS,0,0,0,10,Wednesday,2026-02,0,0,-0.21671966497901385
TXN101928,2026-06-21 10:16:51,2026-06-21,1749.11,Fashion,Online,Jaipur,India,Digital,Android,0,2,0,10,Sunday,2026-06,0,0,-0.01543315496556108
TXN101929,2026-01-14 21:59:43,2026-01-14,1084.8,Healthcare,Online,Mumbai,India,Digital,Android,0,0,0,21,Wednesday,2026-01,0,0,-0.2602175385516857
TXN101930,2026-03-19 12:17:44,2026-03-19,2705.17,Food & Dining,Online,Delhi,India,Digital,iOS,0,1,0,12,Thursday,2026-03,0,0,-0.1417163955623698
TXN101931,2026-01-02 11:45:17,2026-01-02,154.92,Grocery,Bank Transfer,Bengaluru,India,Digital,Android,0,1,0,11,Friday,2026-01,0,0,-0.013765125350217344
TXN101932,2026-04-29 13:18:34,2026-04-29,1298.18,Online Services,Online,Chennai,India,Digital,Windows,0,1,0,13,Wednesday,2026-04,0,0,-0.18394670387478468
TXN101933,2026-02-06 23:30:33,2026-02-06,892.92,Food & Dining,Mobile Wallet,Hyderabad,India,Mobile,iOS,0,0,0,23,Friday,2026-02,1,0,-0.2109555373256891
TXN101934,2026-03-10 12:34:14,2026-03-10,831.74,Healthcare,Mobile Wallet,Hyderabad,India,Mobile,Android,0,0,0,12,Tuesday,2026-03,0,0,-0.25734666479158597
TXN101935,2026-06-15 11:08:16,2026-06-15,476.97,Fashion,Mobile Wallet,Ahmedabad,India,Mobile,iOS,0,1,0,11,Monday,2026-06,0,0,-0.1493623364771653
TXN101936,2026-02-10 14:56:25,2026-02-10,1135.58,Grocery,Mobile Wallet,Ahmedabad,India,Mobile,Windows,0,0,0,14,Tuesday,2026-02,0,0,-0.2610746026896955
TXN101937,2026-03-03 14:32:24,2026-03-03,594.8,Grocery,Online,Kolkata,India,Digital,Android,0,1,1,14,Tuesday,2026-03,0,0,-0.17041669556164718
TXN101938,2026-03-01 22:57:23,2026-03-01,3698.71,Food & Dining,POS,Mumbai,India,In-Store,Android,0,1,0,22,Sunday,2026-03,0,0,-0.11397033576634141
TXN101939,2026-05-05 19:02:26,2026-05-05,1811.03,Healthcare,Online,Lucknow,India,Digital,Windows,0,0,0,19,Tuesday,2026-05,0,0,-0.25177313019777525
TXN101940,2026-04-21 19:44:51,2026-04-21,2404.61,Fashion,Bank Transfer,Hyderabad,India,Digital,MacOS,0,0,0,19,Tuesday,2026-04,0,0,-0.23886174294092904
TXN101941,2026-01-14 18:13:23,2026-01-14,272.52,Healthcare,Mobile Wallet,Mumbai,India,Mobile,iOS,0,0,0,18,Wednesday,2026-01,0,0,-0.1640516735489964
TXN101942,2026-03-25 07:53:32,2026-03-25,2227.22,Healthcare,Mobile Wallet,Chennai,India,Mobile,Windows,0,2,0,7,Wednesday,2026-03,0,0,-0.0036748386043117254
TXN101943,2026-05-10 14:20:58,2026-05-10,2065.46,Healthcare,POS,Bengaluru,India,In-Store,MacOS,0,0,0,14,Sunday,2026-05,0,0,-0.24917853422857694
TXN101944,2026-03-11 13:45:49,2026-03-11,792.3,Food & Dining,Bank Transfer,Bengaluru,India,Digital,iOS,0,0,0,13,Wednesday,2026-03,0,0,-0.2551660679113422
TXN101945,2026-05-25 03:12:29,2026-05-25,944.68,Online Services,Online,Hyderabad,India,Digital,MacOS,0,0,0,3,Monday,2026-05,1,0,-0.21546027392340455
TXN101946,2026-05-03 19:46:56,2026-05-03,499.6,Food & Dining,Online,Delhi,India,Digital,Android,0,0,0,19,Sunday,2026-05,0,0,-0.2342352489018108
TXN101947,2026-03-30 07:08:59,2026-03-30,857.44,Food & Dining,Bank Transfer,Kolkata,India,Digital,Windows,0,0,0,7,Monday,2026-03,0,0,-0.25691404570143067
TXN101948,2026-01-28 05:53:29,2026-01-28,1722.79,Electronics,POS,Hyderabad,India,In-Store,MacOS,0,0,0,5,Wednesday,2026-01,1,0,-0.20720090427709226
TXN101949,2026-03-07 04:11:56,2026-03-07,641.96,Travel,Mobile Wallet,Chennai,India,Mobile,iOS,1,0,0,4,Saturday,2026-03,1,1,0.01935234783857409
TXN101950,2026-06-12 05:34:05,2026-06-12,1128.78,Grocery,Online,Delhi,India,Digital,iOS,1,0,0,5,Friday,2026-06,1,1,0.00974431806383802
TXN101951,2026-01-05 07:18:47,2026-01-05,8404.31,Entertainment,Mobile Wallet,Pune,India,Mobile,MacOS,1,1,0,7,Monday,2026-01,0,1,0.08470561193808757
TXN101952,2026-06-17 09:55:09,2026-06-17,501.18,Travel,POS,Jaipur,India,In-Store,Android,0,0,0,9,Wednesday,2026-06,0,0,-0.2342352489018108
TXN101953,2026-06-13 12:06:57,2026-06-13,1430.4,Travel,Bank Transfer,Ahmedabad,India,Digital,Android,0,0,0,12,Saturday,2026-06,0,0,-0.2533468903027371
TXN101954,2026-02-14 16:42:19,2026-02-14,479.6,Utilities,Bank Transfer,Ahmedabad,India,Digital,Windows,0,0,0,16,Saturday,2026-02,0,0,-0.23223460729997636
TXN101955,2026-05-31 07:28:25,2026-05-31,334.16,Travel,Mobile Wallet,Delhi,India,Mobile,Android,0,0,0,7,Sunday,2026-05,0,0,-0.18824397724945513
TXN101956,2026-02-16 17:49:08,2026-02-16,2078.57,Travel,Online,Hyderabad,India,Digital,iOS,0,1,0,17,Monday,2026-02,0,0,-0.16769030118730138
TXN101957,2026-01-31 20:10:03,2026-01-31,791.95,Electronics,Mobile Wallet,Ahmedabad,India,Mobile,Android,0,0,0,20,Saturday,2026-01,0,0,-0.2551660679113422
TXN101958,2026-05-19 11:55:19,2026-05-19,3942.23,Utilities,Online,Mumbai,India,Digital,iOS,0,0,0,11,Tuesday,2026-05,0,0,-0.18410392920745228
TXN101959,2026-01-10 23:12:01,2026-01-10,1727.26,Grocery,Online,Ahmedabad,India,Digital,iOS,1,0,0,23,Saturday,2026-01,1,1,0.0179896387503784
TXN101960,2026-04-28 23:10:00,2026-04-28,584.85,Food & Dining,POS,Bengaluru,India,In-Store,Android,0,0,0,23,Tuesday,2026-04,1,0,-0.1958698487428911
TXN101961,2026-01-14 16:14:06,2026-01-14,543.72,Food & Dining,Bank Transfer,Ahmedabad,India,Digital,Android,0,0,1,16,Wednesday,2026-01,0,0,-0.23564388769721645
TXN101962,2026-03-21 14:33:48,2026-03-21,1951.76,Unknown,POS,Pune,India,In-Store,iOS,0,0,0,14,Saturday,2026-03,0,0,-0.248073490454503
TXN101963,2026-04-03 13:18:14,2026-04-03,472.33,Entertainment,Bank Transfer,Kolkata,India,Digital,Windows,0,0,0,13,Friday,2026-04,0,0,-0.23226645946858793
TXN101964,2026-01-10 22:32:29,2026-01-10,461.85,Utilities,Bank Transfer,Delhi,India,Digital,Android,1,0,0,22,Saturday,2026-01,0,0,-0.022206690664475337
TXN101965,2026-03-17 01:47:27,2026-03-17,277.17,Grocery,Online,Mumbai,India,Digital,Android,0,0,0,1,Tuesday,2026-03,1,0,-0.09968414633794476
TXN101966,2026-04-04 01:31:39,2026-04-04,1805.71,Travel,Mobile Wallet,Pune,India,Mobile,Android,0,0,0,1,Saturday,2026-04,1,0,-0.20340037205956296
TXN101967,2026-04-15 10:50:41,2026-04-15,573.81,Travel,Online,Bengaluru,India,Digital,iOS,1,0,0,10,Wednesday,2026-04,0,0,-0.025991187401253724
TXN101968,2026-01-01 08:41:55,2026-01-01,1462.31,Electronics,Mobile Wallet,Hyderabad,India,Mobile,iOS,0,0,0,8,Thursday,2026-01,0,0,-0.25531435323656715
TXN101969,2026-05-13 00:21:39,2026-05-13,386.91,Travel,POS,Jaipur,India,In-Store,Windows,0,0,1,0,Wednesday,2026-05,1,0,-0.15527525958056765
TXN101970,2026-01-20 01:23:14,2026-01-20,295.7,Travel,POS,Bengaluru,India,In-Store,Android,0,0,0,1,Tuesday,2026-01,1,0,-0.11570107803698482
TXN101971,2026-01-08 22:32:43,2026-01-08,1950.45,Food & Dining,POS,Delhi,India,In-Store,Windows,0,0,1,22,Thursday,2026-01,0,0,-0.2491717437459725
TXN101972,2026-06-20 02:04:49,2026-06-20,966.02,Entertainment,Online,Delhi,India,Digital,MacOS,0,0,0,2,Saturday,2026-06,1,0,-0.21871012060509587
TXN101973,2026-01-01 08:59:15,2026-01-01,637.43,Fashion,POS,Delhi,India,In-Store,Android,0,0,0,8,Thursday,2026-01,0,0,-0.2462948782270511
TXN101974,2026-02-26 20:30:05,2026-02-26,743.1,Healthcare,Online,Pune,India,Digital,Android,1,0,1,20,Thursday,2026-02,0,0,-0.048120204978614356
TXN101975,2026-03-05 18:59:27,2026-03-05,745.23,Fashion,Online,Delhi,India,Digital,Android,0,0,0,18,Thursday,2026-03,0,0,-0.2512715151710296
TXN101976,2026-04-28 21:29:15,2026-04-28,5582.63,Travel,Online,Kolkata,India,Digital,iOS,0,0,0,21,Tuesday,2026-04,0,0,-0.11780734941702686
TXN101977,2026-01-28 00:33:16,2026-01-28,1356.07,Food & Dining,POS,Kolkata,India,In-Store,iOS,0,1,0,0,Wednesday,2026-01,1,0,-0.11588158218833622
TXN101978,2026-05-01 12:19:47,2026-05-01,1225.61,Grocery,Bank Transfer,Kolkata,India,Digital,Android,0,0,0,12,Friday,2026-05,0,0,-0.2613768373999786
TXN101979,2026-04-17 00:51:29,2026-04-17,600.17,Grocery,POS,Delhi,India,In-Store,iOS,1,0,0,0,Friday,2026-04,1,1,0.020115180518306963
TXN101980,2026-06-14 05:44:19,2026-06-14,2057.92,Fashion,Mobile Wallet,Kolkata,India,Mobile,Android,0,0,0,5,Sunday,2026-06,1,0,-0.19589691679891325
TXN101981,2026-06-24 12:32:58,2026-06-24,436.23,Jewelry,ATM,Lucknow,India,ATM,iOS,0,2,0,12,Wednesday,2026-06,0,1,0.01198543950925357
TXN101982,2026-06-14 22:34:28,2026-06-14,1660.62,Healthcare,Bank Transfer,Ahmedabad,India,Digital,Android,0,0,0,22,Sunday,2026-06,0,0,-0.2535346881441446
TXN101983,2026-02-18 23:37:22,2026-02-18,1667.83,Grocery,ATM,Ahmedabad,India,ATM,Windows,0,1,0,23,Wednesday,2026-02,1,0,-0.11336877746215579
TXN101984,2026-04-30 19:38:46,2026-04-30,2475.09,Online Services,POS,Delhi,India,In-Store,iOS,0,0,0,19,Thursday,2026-04,0,0,-0.23390619424553943
TXN101985,2026-02-13 19:28:31,2026-02-13,227.05,Healthcare,Bank Transfer,Chennai,India,Digital,iOS,0,0,0,19,Friday,2026-02,0,0,-0.12084979544686325
TXN101986,2026-02-25 09:36:05,2026-02-25,2702.13,Entertainment,Online,Pune,India,Digital,iOS,0,0,0,9,Wednesday,2026-02,0,0,-0.22872233772902878
TXN101987,2026-06-05 06:21:24,2026-06-05,1455.42,Utilities,Mobile Wallet,Jaipur,India,Mobile,Windows,0,0,0,6,Friday,2026-06,0,0,-0.2532992318026616
TXN101988,2026-04-21 04:46:39,2026-04-21,599.77,Fashion,Bank Transfer,Pune,India,Digital,iOS,0,1,0,4,Tuesday,2026-04,1,0,-0.08616883432952438
TXN101989,2026-05-14 16:40:38,2026-05-14,194.93,Electronics,Online,Lucknow,India,Digital,Android,0,0,0,16,Thursday,2026-05,0,0,-0.09524723405993718
TXN101990,2026-04-18 16:03:06,2026-04-18,792.35,Food & Dining,Bank Transfer,Pune,India,Digital,iOS,0,2,0,16,Saturday,2026-04,0,0,-0.012365145497739816
TXN101991,2026-05-28 13:41:34,2026-05-28,1273.42,Food & Dining,Online,Lucknow,India,Digital,iOS,1,0,0,13,Thursday,2026-05,0,0,-0.05709368409252369
TXN101992,2026-04-24 21:40:15,2026-04-24,325.02,Food & Dining,Online,Lucknow,India,Digital,Android,0,0,0,21,Friday,2026-04,0,0,-0.18583483889324193
TXN101993,2026-03-19 09:29:38,2026-03-19,555.13,Food & Dining,Online,Pune,India,Digital,iOS,0,0,0,9,Thursday,2026-03,0,0,-0.23619210457814166
TXN101994,2026-05-10 03:31:05,2026-05-10,399.11,Jewelry,Bank Transfer,Jaipur,India,Digital,Android,0,0,0,3,Sunday,2026-05,1,0,-0.15784507499313127
TXN101995,2026-02-06 00:08:54,2026-02-06,774.48,Online Services,Bank Transfer,Lucknow,India,Digital,Windows,0,0,0,0,Friday,2026-02,1,0,-0.20905846555042318
TXN101996,2026-01-20 10:02:12,2026-01-20,459.15,Online Services,Bank Transfer,Kolkata,India,Digital,iOS,0,2,0,10,Tuesday,2026-01,0,1,0.00690912064629734
TXN101997,2026-01-26 10:01:50,2026-01-26,6224.23,Utilities,Online,Mumbai,India,Digital,iOS,0,1,0,10,Monday,2026-01,0,0,-0.05488169869364423
TXN101998,2026-01-29 16:19:14,2026-01-29,2188.45,Jewelry,POS,Mumbai,India,In-Store,Windows,0,0,0,16,Thursday,2026-01,0,0,-0.24191555322537217
TXN101999,2026-01-01 17:39:40,2026-01-01,452.84,Grocery,Bank Transfer,Hyderabad,India,Digital,Android,0,1,0,17,Thursday,2026-01,0,0,-0.14227850141866671
TXN102000,2026-04-29 06:14:29,2026-04-29,508.8,Travel,Online,Delhi,India,Digital,iOS,0,1,0,6,Wednesday,2026-04,0,0,-0.15576559796524891
TXN102001,2026-02-04 17:46:56,2026-02-04,335.39,Food & Dining,ATM,Bengaluru,India,ATM,Android,0,0,0,17,Wednesday,2026-02,0,0,-0.18811154426119187
TXN102002,2026-02-28 12:50:33,2026-02-28,972.37,Online Services,Online,Kolkata,India,Digital,MacOS,0,0,0,12,Saturday,2026-02,0,0,-0.2553834355286828
TXN102003,2026-03-10 18:31:48,2026-03-10,4537.5,Food & Dining,Online,Kolkata,India,Digital,Android,0,0,0,18,Tuesday,2026-03,0,0,-0.15832787326542896
TXN102004,2026-06-10 16:10:32,2026-06-10,2858.01,Healthcare,POS,Bengaluru,India,In-Store,Android,0,0,0,16,Wednesday,2026-06,0,0,-0.2198203986837292
TXN102005,2026-06-28 09:33:29,2026-06-28,1284.88,Electronics,ATM,Delhi,India,ATM,iOS,0,1,0,9,Sunday,2026-06,0,0,-0.18401422272587292
TXN102006,2026-01-12 05:22:04,2026-01-12,866.67,Travel,Online,Mumbai,India,Digital,Android,0,0,0,5,Monday,2026-01,1,0,-0.20564965415459535
TXN102007,2026-01-20 02:25:38,2026-01-20,1704.72,Healthcare,Online,Jaipur,India,Digital,iOS,0,0,0,2,Tuesday,2026-01,1,0,-0.2079234833112627
TXN102008,2026-06-30 06:40:54,2026-06-30,1371.76,Electronics,Online,Lucknow,India,Digital,Windows,0,1,0,6,Tuesday,2026-06,0,0,-0.1834002453502777
TXN102009,2026-02-12 08:15:09,2026-02-12,1550.54,Fashion,Online,Bengaluru,India,Digital,Android,0,0,0,8,Thursday,2026-02,0,0,-0.2534943846471777
TXN102010,2026-05-06 23:47:23,2026-05-06,1284.21,Travel,Online,Jaipur,India,Digital,iOS,0,1,0,23,Wednesday,2026-05,1,0,-0.11697402541457202
TXN102011,2026-02-19 00:06:03,2026-02-19,1565.33,Fashion,POS,Hyderabad,India,In-Store,Android,0,0,0,0,Thursday,2026-02,1,0,-0.2067383277613835
TXN102012,2026-01-29 02:52:38,2026-01-29,351.96,Healthcare,ATM,Lucknow,India,ATM,Windows,0,0,0,2,Thursday,2026-01,1,0,-0.13853539712851426
TXN102013,2026-02-08 00:54:00,2026-02-08,995.99,Fashion,POS,Pune,India,In-Store,Windows,0,0,0,0,Sunday,2026-02,1,0,-0.22005929871565444
TXN102014,2026-06-20 20:03:21,2026-06-20,1321.89,Food & Dining,Bank Transfer,Kolkata,India,Digital,Android,1,0,0,20,Saturday,2026-06,0,0,-0.05571362514659062
TXN102015,2026-06-27 12:41:29,2026-06-27,774.3,Grocery,Bank Transfer,Lucknow,India,Digital,Android,0,2,0,12,Saturday,2026-06,0,0,-0.012769253350200627
TXN102016,2026-05-31 00:32:16,2026-05-31,404.15,Utilities,Online,Pune,India,Digital,Windows,0,1,0,0,Sunday,2026-05,1,0,-0.06075192490150816
TXN102017,2026-06-21 12:12:45,2026-06-21,1101.23,Fashion,Online,Mumbai,India,Digital,MacOS,0,0,0,12,Sunday,2026-06,0,0,-0.260532791796482
TXN102018,2026-02-07 21:32:14,2026-02-07,30282.22,Entertainment,Mobile Wallet,Pune,India,Mobile,Android,0,0,0,21,Saturday,2026-02,0,0,-0.009709664842397214
TXN102019,2026-03-25 00:14:42,2026-03-25,567.66,Healthcare,Online,Pune,India,Digital,iOS,0,1,0,0,Wednesday,2026-03,1,0,-0.08246052267174131
TXN102020,2026-05-31 05:37:04,2026-05-31,978.67,Electronics,Online,Chennai,India,Digital,MacOS,0,0,0,5,Sunday,2026-05,1,0,-0.22029514615942603
TXN102021,2026-05-08 08:33:45,2026-05-08,3008.23,Online Services,Online,Bengaluru,India,Digital,iOS,0,1,0,8,Friday,2026-05,0,0,-0.12645157986669364
TXN102022,2026-05-06 19:39:00,2026-05-06,4530.1,Entertainment,ATM,Lucknow,India,ATM,Windows,0,0,0,19,Wednesday,2026-05,0,0,-0.15832787326542896
TXN102023,2026-02-14 08:01:25,2026-02-14,687.71,Fashion,ATM,Bengaluru,India,ATM,Android,0,0,0,8,Saturday,2026-02,0,0,-0.24595930101804414
TXN102024,2026-02-21 11:07:36,2026-02-21,2372.48,Electronics,Mobile Wallet,Lucknow,India,Mobile,Android,0,0,0,11,Saturday,2026-02,0,0,-0.24044379332557708
TXN102025,2026-03-21 00:53:23,2026-03-21,2065.24,Jewelry,Mobile Wallet,Kolkata,India,Mobile,Android,0,0,0,0,Saturday,2026-03,1,0,-0.1963957870104
TXN102026,2026-06-27 16:44:01,2026-06-27,731.38,Utilities,POS,Ahmedabad,India,In-Store,Android,0,1,0,16,Saturday,2026-06,0,0,-0.18410650639263637
TXN102027,2026-05-04 00:37:24,2026-05-04,1807.98,Electronics,POS,Bengaluru,India,In-Store,Windows,0,1,0,0,Monday,2026-05,1,0,-0.11065849754693968
TXN102028,2026-04-29 19:03:39,2026-04-29,954.84,Fashion,Online,Bengaluru,India,Digital,Android,0,0,0,19,Wednesday,2026-04,0,0,-0.2555571716527198
TXN102029,2026-01-08 05:59:44,2026-01-08,664.2,Utilities,Online,Kolkata,India,Digital,Android,0,1,0,5,Thursday,2026-01,1,0,-0.09117455588109458
TXN102030,2026-03-26 02:22:01,2026-03-26,4338.36,Healthcare,Online,Lucknow,India,Digital,MacOS,0,0,0,2,Thursday,2026-03,1,0,-0.10143321705552044
TXN102031,2026-05-09 13:53:37,2026-05-09,1843.58,Utilities,Online,Kolkata,India,Digital,Windows,0,1,0,13,Saturday,2026-05,0,0,-0.17845218075689206
TXN102032,2026-01-08 09:19:01,2026-01-08,285.59,Fashion,Online,Jaipur,India,Digital,iOS,0,0,0,9,Thursday,2026-01,0,0,-0.1720522699857286
TXN102033,2026-06-06 08:04:23,2026-06-06,990.12,Healthcare,Online,Pune,India,Digital,Android,1,0,0,8,Saturday,2026-06,0,0,-0.05810025370644578
TXN102034,2026-04-06 19:31:08,2026-04-06,723.72,Fashion,POS,Kolkata,India,In-Store,Android,0,0,0,19,Monday,2026-04,0,0,-0.24847855944884278
TXN102035,2026-04-12 18:02:32,2026-04-12,926.56,Electronics,Mobile Wallet,Lucknow,India,Mobile,iOS,0,2,0,18,Sunday,2026-04,0,0,-0.014618799412007943
TXN102036,2026-01-05 10:59:23,2026-01-05,1657.0,Unknown,ATM,Mumbai,India,ATM,iOS,0,0,0,10,Monday,2026-01,0,0,-0.2535346881441446
TXN102037,2026-03-27 11:02:32,2026-03-27,1386.76,Jewelry,Mobile Wallet,Kolkata,India,Mobile,Android,0,0,0,11,Friday,2026-03,0,0,-0.25526638453690265
TXN102038,2026-06-24 00:42:47,2026-06-24,3453.9,Travel,POS,Delhi,India,In-Store,Android,1,0,0,0,Wednesday,2026-06,1,1,0.039188710046760056
TXN102039,2026-02-03 04:28:41,2026-02-03,2914.58,Food & Dining,POS,Kolkata,India,In-Store,Android,0,0,0,4,Tuesday,2026-02,1,0,-0.1653843350010808
TXN102040,2026-02-24 00:27:54,2026-02-24,415.25,Healthcare,POS,Bengaluru,India,In-Store,iOS,0,0,0,0,Tuesday,2026-02,1,0,-0.16591533197798664
TXN102041,2026-04-29 21:13:31,2026-04-29,1013.69,Food & Dining,Online,Jaipur,India,Digital,Android,0,0,0,21,Wednesday,2026-04,0,0,-0.25554358507381564
TXN102042,2026-06-20 18:24:35,2026-06-20,231.04,Online Services,Online,Chennai,India,Digital,iOS,0,0,0,18,Saturday,2026-06,0,0,-0.129810146038854
TXN102043,2026-06-07 18:38:01,2026-06-07,494.06,Utilities,Mobile Wallet,Kolkata,India,Mobile,Android,0,1,0,18,Sunday,2026-06,0,0,-0.15313039389506994
TXN102044,2026-04-24 08:05:40,2026-04-24,205.11,Grocery,Mobile Wallet,Ahmedabad,India,Mobile,Android,0,0,0,8,Friday,2026-04,0,0,-0.10654936120842373
TXN102045,2026-05-25 02:35:27,2026-05-25,312.81,Jewelry,Online,Delhi,India,Digital,Android,0,0,0,2,Monday,2026-05,1,0,-0.12269542189547455
TXN102046,2026-01-26 19:37:43,2026-01-26,3361.3,Utilities,Online,Mumbai,India,Digital,iOS,0,3,0,19,Monday,2026-01,0,1,0.03139136025930056
TXN102047,2026-05-16 06:28:51,2026-05-16,2002.53,Online Services,POS,Kolkata,India,In-Store,iOS,0,0,0,6,Saturday,2026-05,0,0,-0.24824450532679676
TXN102048,2026-02-16 06:23:24,2026-02-16,1796.59,Entertainment,Online,Pune,India,Digital,Windows,0,0,0,6,Monday,2026-02,0,0,-0.25078763474784477
TXN102049,2026-04-23 02:54:52,2026-04-23,2808.12,Online Services,POS,Pune,India,In-Store,Android,0,0,0,2,Thursday,2026-04,1,0,-0.16760115955193366
TXN102050,2026-03-17 15:13:17,2026-03-17,1790.35,Grocery,Online,Delhi,India,Digital,Android,0,1,0,15,Tuesday,2026-03,0,0,-0.177915235529148
TXN102051,2026-03-13 16:08:15,2026-03-13,1024.73,Fashion,POS,Bengaluru,India,In-Store,Windows,0,0,0,16,Friday,2026-03,0,0,-0.2561224204302606
TXN102052,2026-03-30 03:49:09,2026-03-30,684.39,Online Services,Online,Hyderabad,India,Digital,iOS,0,0,0,3,Monday,2026-03,1,0,-0.1992114622088707
TXN102053,2026-02-15 17:33:37,2026-02-15,4257.85,Electronics,POS,Bengaluru,India,In-Store,Android,0,0,0,17,Sunday,2026-02,0,0,-0.17335185572805145
TXN102054,2026-02-02 02:30:45,2026-02-02,3118.5,Grocery,Online,Delhi,India,Digital,Android,0,1,0,2,Monday,2026-02,1,0,-0.06282637610868791
TXN102055,2026-01-01 05:35:16,2026-01-01,920.05,Utilities,POS,Bengaluru,India,In-Store,iOS,0,0,0,5,Thursday,2026-01,1,0,-0.21433627524097632
TXN102056,2026-05-27 05:11:07,2026-05-27,2020.48,Online Services,Mobile Wallet,Pune,India,Mobile,iOS,0,0,0,5,Wednesday,2026-05,1,0,-0.19674882643420954
TXN102057,2026-01-31 20:50:57,2026-01-31,117.6,Electronics,POS,Jaipur,India,In-Store,Android,0,0,0,20,Saturday,2026-01,0,0,-0.03481038011672766
TXN102058,2026-05-22 20:36:45,2026-05-22,2103.56,Online Services,Mobile Wallet,Hyderabad,India,Mobile,Android,0,0,0,20,Friday,2026-05,0,0,-0.24629933890025418
TXN102059,2026-02-22 07:35:02,2026-02-22,734.63,Healthcare,Mobile Wallet,Pune,India,Mobile,iOS,0,0,0,7,Sunday,2026-02,0,0,-0.25155251840206333
TXN102060,2026-02-17 03:08:03,2026-02-17,9604.52,Food & Dining,Mobile Wallet,Mumbai,India,Mobile,iOS,0,0,1,3,Tuesday,2026-02,1,0,-1.5716200257087642e-05
TXN102061,2026-03-10 08:35:35,2026-03-10,2753.14,Online Services,Bank Transfer,Pune,India,Digital,Android,0,1,0,8,Tuesday,2026-03,0,0,-0.13901416146951218
TXN102062,2026-04-15 20:08:54,2026-04-15,226.3,Fashion,ATM,Bengaluru,India,ATM,Android,0,0,0,20,Wednesday,2026-04,0,0,-0.11991845387509803
TXN102063,2026-03-31 08:47:04,2026-03-31,620.77,Electronics,Mobile Wallet,Jaipur,India,Mobile,Windows,0,1,0,8,Tuesday,2026-03,0,0,-0.17375246297466362
TXN102064,2026-03-04 03:44:00,2026-03-04,1151.09,Travel,Online,Hyderabad,India,Digital,Windows,0,0,0,3,Wednesday,2026-03,1,0,-0.22113141476773945
TXN102065,2026-03-14 12:55:01,2026-03-14,1060.03,Food & Dining,POS,Kolkata,India,In-Store,Android,0,0,0,12,Saturday,2026-03,0,0,-0.2594310774956045
TXN102066,2026-06-10 00:21:09,2026-06-10,1022.41,Food & Dining,Mobile Wallet,Hyderabad,India,Mobile,MacOS,0,0,1,0,Wednesday,2026-06,1,0,-0.22270406618134164
TXN102067,2026-06-18 02:11:08,2026-06-18,2410.97,Utilities,Bank Transfer,Pune,India,Digital,iOS,0,1,0,2,Thursday,2026-06,1,0,-0.0895516903291046
TXN102068,2026-03-30 08:24:11,2026-03-30,711.5,Utilities,Mobile Wallet,Kolkata,India,Mobile,iOS,0,0,0,8,Monday,2026-03,0,0,-0.24703592450903694
TXN102069,2026-06-25 21:38:29,2026-06-25,1034.98,Food & Dining,Bank Transfer,Delhi,India,Digital,iOS,0,0,0,21,Thursday,2026-06,0,0,-0.2574119846090186
TXN102070,2026-01-13 23:28:43,2026-01-13,3717.69,Utilities,Mobile Wallet,Lucknow,India,Mobile,Android,0,0,0,23,Tuesday,2026-01,1,0,-0.12988311138729913
TXN102071,2026-03-14 10:45:29,2026-03-14,3766.03,Electronics,Bank Transfer,Pune,India,Digital,iOS,0,0,0,10,Saturday,2026-03,0,0,-0.19261375182615648
TXN102072,2026-03-18 04:22:14,2026-03-18,2397.52,Grocery,Bank Transfer,Ahmedabad,India,Digital,iOS,1,2,0,4,Wednesday,2026-03,1,1,0.11342414326224537
TXN102073,2026-06-08 11:47:09,2026-06-08,829.0,Online Services,POS,Pune,India,In-Store,Windows,0,0,0,11,Monday,2026-06,0,0,-0.25702320779970117
TXN102074,2026-03-09 11:28:57,2026-03-09,622.75,Grocery,Mobile Wallet,Delhi,India,Mobile,iOS,0,0,1,11,Monday,2026-03,0,0,-0.24736860181726672
TXN102075,2026-04-08 11:12:05,2026-04-08,1061.0,Travel,Bank Transfer,Hyderabad,India,Digital,iOS,0,0,0,11,Wednesday,2026-04,0,0,-0.2592789570275654
TXN102076,2026-05-05 23:13:20,2026-05-05,1121.88,Healthcare,Mobile Wallet,Mumbai,India,Mobile,Android,0,0,0,23,Tuesday,2026-05,1,0,-0.22348420002735347
TXN102077,2026-04-12 17:21:54,2026-04-12,1066.07,Fashion,Bank Transfer,Kolkata,India,Digital,Android,1,0,0,17,Sunday,2026-04,0,0,-0.059347515604183165
TXN102078,2026-05-12 02:20:33,2026-05-12,1711.35,Online Services,POS,Ahmedabad,India,In-Store,iOS,0,0,0,2,Tuesday,2026-05,1,0,-0.2078055110406235
TXN102079,2026-04-12 02:31:51,2026-04-12,1463.42,Travel,Online,Lucknow,India,Digital,iOS,0,0,0,2,Sunday,2026-04,1,0,-0.21100390284776638
TXN102080,2026-01-19 17:42:33,2026-01-19,1415.34,Grocery,Mobile Wallet,Delhi,India,Mobile,MacOS,0,1,0,17,Monday,2026-01,0,0,-0.1793653517817363
TXN102081,2026-03-23 22:23:03,2026-03-23,754.91,Travel,ATM,Lucknow,India,ATM,Android,0,1,0,22,Monday,2026-03,0,0,-0.18548677788623952
TXN102082,2026-05-21 20:27:00,2026-05-21,420.25,Food & Dining,Online,Chennai,India,Digital,Android,0,0,0,20,Thursday,2026-05,0,0,-0.21539906866213643
TXN102083,2026-01-23 06:02:31,2026-01-23,1911.63,Fashion,Online,Ahmedabad,India,Digital,Android,0,0,0,6,Friday,2026-01,0,0,-0.25019095853530415
TXN102084,2026-03-24 04:34:13,2026-03-24,1151.19,Food & Dining,Bank Transfer,Ahmedabad,India,Digital,Android,0,0,0,4,Tuesday,2026-03,1,0,-0.22113141476773945
TXN102085,2026-04-19 23:50:44,2026-04-19,1520.89,Online Services,Mobile Wallet,Chennai,India,Mobile,Android,0,0,0,23,Sunday,2026-04,1,0,-0.20893459909197992
TXN102086,2026-03-16 10:49:28,2026-03-16,1555.23,Online Services,Bank Transfer,Ahmedabad,India,Digital,iOS,0,0,0,10,Monday,2026-03,0,0,-0.2537510281588127
TXN102087,2026-05-09 08:21:17,2026-05-09,216.71,Travel,ATM,Pune,India,ATM,Android,0,0,0,8,Saturday,2026-05,0,0,-0.11438628112008786
TXN102088,2026-03-29 09:39:35,2026-03-29,4346.86,Food & Dining,POS,Chennai,India,In-Store,MacOS,0,0,0,9,Sunday,2026-03,0,0,-0.16969947649312433
TXN102089,2026-02-23 16:09:04,2026-02-23,697.79,Food & Dining,POS,Hyderabad,India,In-Store,MacOS,0,0,0,16,Monday,2026-02,0,0,-0.24539599889688052
TXN102090,2026-03-30 13:29:30,2026-03-30,3291.69,Jewelry,Online,Chennai,India,Digital,Android,0,0,0,13,Monday,2026-03,0,0,-0.2025692575605597
TXN102091,2026-05-23 12:48:17,2026-05-23,1540.29,Jewelry,Mobile Wallet,Hyderabad,India,Mobile,Windows,0,0,0,12,Saturday,2026-05,0,0,-0.2532033468207059
TXN102092,2026-03-06 06:48:23,2026-03-06,1618.84,Electronics,Online,Mumbai,India,Digital,Android,0,1,0,6,Friday,2026-03,0,0,-0.18006581964884905
TXN102093,2026-03-17 00:46:19,2026-03-17,622.59,Healthcare,ATM,Bengaluru,India,ATM,Android,0,0,0,0,Tuesday,2026-03,1,0,-0.1943904953729777
TXN102094,2026-05-23 00:12:35,2026-05-23,631.88,Fashion,POS,Ahmedabad,India,In-Store,Android,0,0,0,0,Saturday,2026-05,1,0,-0.19452512578661052
TXN102095,2026-05-29 10:54:23,2026-05-29,661.63,Grocery,POS,Kolkata,India,In-Store,Android,0,0,0,10,Friday,2026-05,0,0,-0.24395572306654006
TXN102096,2026-05-27 15:18:07,2026-05-27,266.27,Grocery,Mobile Wallet,Kolkata,India,Mobile,Windows,0,1,0,15,Wednesday,2026-05,0,0,-0.07561065987418414
TXN102097,2026-03-01 11:44:41,2026-03-01,578.96,Food & Dining,Online,Bengaluru,India,Digital,Android,0,0,0,11,Sunday,2026-03,0,0,-0.2404301935141263
TXN102098,2026-04-03 14:18:02,2026-04-03,2377.74,Food & Dining,Bank Transfer,Jaipur,India,Digital,Windows,0,0,0,14,Friday,2026-04,0,0,-0.24058158935729324
TXN102099,2026-06-10 15:14:17,2026-06-10,2580.67,Grocery,Online,Pune,India,Digital,Windows,0,0,0,15,Wednesday,2026-06,0,0,-0.2305742018139269
TXN102100,2026-02-18 04:50:00,2026-02-18,638.42,Healthcare,Online,Ahmedabad,India,Digital,Android,1,2,0,4,Wednesday,2026-02,1,1,0.11350836553952626
TXN102101,2026-02-04 11:08:35,2026-02-04,245.11,Travel,POS,Ahmedabad,India,In-Store,Android,0,1,0,11,Wednesday,2026-02,0,0,-0.06332828836712545
TXN102102,2026-06-21 03:57:29,2026-06-21,8485.97,Food & Dining,Online,Bengaluru,India,Digital,Android,0,0,0,3,Sunday,2026-06,1,0,-0.004826540547130387
TXN102103,2026-04-12 13:00:25,2026-04-12,462.67,Travel,Bank Transfer,Hyderabad,India,Digital,iOS,0,0,0,13,Sunday,2026-04,0,0,-0.23033570758844218
TXN102104,2026-01-11 06:50:00,2026-01-11,492.48,Electronics,POS,Pune,India,In-Store,Android,0,1,1,6,Sunday,2026-01,0,0,-0.1527407977834112
TXN102105,2026-04-09 10:28:26,2026-04-09,874.57,Fashion,Online,Delhi,India,Digital,Android,0,0,0,10,Thursday,2026-04,0,0,-0.2585593790515664
TXN102106,2026-04-20 05:20:22,2026-04-20,811.45,Electronics,Online,Kolkata,India,Digital,Windows,0,0,0,5,Monday,2026-04,1,0,-0.2056723725128422
TXN102107,2026-03-15 11:25:39,2026-03-15,583.01,Food & Dining,ATM,Delhi,India,ATM,Windows,0,0,0,11,Sunday,2026-03,0,0,-0.24059533949492512
TXN102108,2026-06-23 11:28:22,2026-06-23,626.71,Electronics,Bank Transfer,Chennai,India,Digital,Android,0,1,0,11,Tuesday,2026-06,0,0,-0.17473051140098705
TXN102109,2026-01-09 18:55:59,2026-01-09,733.96,Food & Dining,POS,Hyderabad,India,In-Store,iOS,0,0,0,18,Friday,2026-01,0,0,-0.25155251840206333
TXN102110,2026-01-03 02:24:06,2026-01-03,619.44,Electronics,POS,Jaipur,India,In-Store,Android,0,0,0,2,Saturday,2026-01,1,0,-0.1937992706658695
TXN102111,2026-03-26 03:45:43,2026-03-26,651.4,Healthcare,Bank Transfer,Delhi,India,Digital,Windows,0,1,0,3,Thursday,2026-03,1,0,-0.0917392176080778
TXN102112,2026-01-26 06:19:45,2026-01-26,858.7,Utilities,ATM,Kolkata,India,ATM,iOS,0,0,0,6,Monday,2026-01,0,0,-0.2575775422981263
TXN102113,2026-03-13 21:45:53,2026-03-13,1454.89,Grocery,Online,Kolkata,India,Digital,Windows,0,0,0,21,Friday,2026-03,0,0,-0.2532992318026616
TXN102114,2026-02-17 08:43:26,2026-02-17,1338.42,Food & Dining,ATM,Kolkata,India,ATM,MacOS,0,1,0,8,Tuesday,2026-02,0,0,-0.18618385702236379
TXN102115,2026-06-05 14:17:08,2026-06-05,710.71,Grocery,ATM,Mumbai,India,ATM,iOS,0,0,0,14,Friday,2026-06,0,0,-0.24692043247172835
TXN102116,2026-04-27 06:36:17,2026-04-27,851.2,Entertainment,Bank Transfer,Ahmedabad,India,Digital,MacOS,0,1,0,6,Monday,2026-04,0,0,-0.1861671954178412
TXN102117,2026-06-03 16:05:39,2026-06-03,3214.67,Travel,ATM,Delhi,India,ATM,Android,0,0,0,16,Wednesday,2026-06,0,0,-0.20533657510980585
TXN102118,2026-06-02 14:43:46,2026-06-02,2414.64,Food & Dining,Mobile Wallet,Chennai,India,Mobile,iOS,0,0,0,14,Tuesday,2026-06,0,0,-0.23897640840668277
TXN102119,2026-01-12 08:12:33,2026-01-12,1700.32,Food & Dining,Online,Delhi,India,Digital,iOS,0,0,0,8,Monday,2026-01,0,0,-0.2545131671221252
TXN102120,2026-05-13 06:32:28,2026-05-13,265.85,Online Services,Mobile Wallet,Chennai,India,Mobile,Android,0,0,0,6,Wednesday,2026-05,0,0,-0.15913813658785614
TXN102121,2026-02-17 17:33:41,2026-02-17,1194.69,Food & Dining,POS,Kolkata,India,In-Store,Android,0,1,0,17,Tuesday,2026-02,0,0,-0.18341581378815353
TXN102122,2026-02-06 10:21:05,2026-02-06,638.82,Food & Dining,Bank Transfer,Pune,India,Digital,Windows,0,0,1,10,Friday,2026-02,0,0,-0.24579059547670007
TXN102123,2026-02-13 11:18:21,2026-02-13,510.19,Fashion,Online,Chennai,India,Digital,iOS,0,0,0,11,Friday,2026-02,0,0,-0.23538233461843283
TXN102124,2026-01-15 14:14:47,2026-01-15,822.42,Jewelry,POS,Hyderabad,India,In-Store,Android,0,0,0,14,Thursday,2026-01,0,0,-0.25645947813237097
TXN102125,2026-02-12 01:52:07,2026-02-12,2534.27,Utilities,Bank Transfer,Ahmedabad,India,Digital,MacOS,0,0,0,1,Thursday,2026-02,1,0,-0.18324003485426787
TXN102126,2026-06-25 14:05:17,2026-06-25,2231.93,Travel,Bank Transfer,Ahmedabad,India,Digital,MacOS,0,0,0,14,Thursday,2026-06,0,0,-0.24271068184307487
TXN102127,2026-03-28 09:00:27,2026-03-28,668.07,Online Services,Online,Mumbai,India,Digital,Android,0,0,0,9,Saturday,2026-03,0,0,-0.24575265877558128
TXN102128,2026-03-11 04:38:12,2026-03-11,1173.44,Fashion,POS,Lucknow,India,In-Store,Android,0,0,0,4,Wednesday,2026-03,1,0,-0.21992729748427875
TXN102129,2026-02-15 08:47:05,2026-02-15,782.7,Utilities,Online,Delhi,India,Digital,iOS,1,0,1,8,Sunday,2026-02,0,0,-0.053612081746408635
TXN102130,2026-04-18 06:55:18,2026-04-18,905.01,Utilities,Mobile Wallet,Bengaluru,India,Mobile,Android,0,0,0,6,Saturday,2026-04,0,0,-0.2582508044267787
TXN102131,2026-05-03 11:25:36,2026-05-03,2435.83,Electronics,Mobile Wallet,Mumbai,India,Mobile,iOS,0,0,0,11,Sunday,2026-05,0,0,-0.23633449577583954
TXN102132,2026-06-20 14:33:29,2026-06-20,1042.6,Healthcare,Online,Bengaluru,India,Digital,iOS,0,0,1,14,Saturday,2026-06,0,0,-0.25809321836339183
TXN102133,2026-01-21 04:19:37,2026-01-21,268.88,Travel,Mobile Wallet,Lucknow,India,Mobile,Android,0,1,0,4,Wednesday,2026-01,1,0,-0.03617659991875477
TXN102134,2026-05-31 23:39:15,2026-05-31,1225.31,Travel,Mobile Wallet,Ahmedabad,India,Mobile,MacOS,0,0,0,23,Sunday,2026-05,1,0,-0.21814292320509598
TXN102135,2026-04-17 22:42:11,2026-04-17,4689.56,Travel,POS,Hyderabad,India,In-Store,Windows,0,0,0,22,Friday,2026-04,0,0,-0.15288216317384057
TXN102136,2026-03-21 07:41:29,2026-03-21,626.41,Healthcare,Bank Transfer,Kolkata,India,Digital,MacOS,0,0,0,7,Saturday,2026-03,0,0,-0.2462710993295834
TXN102137,2026-02-16 03:05:54,2026-02-16,3785.12,Electronics,POS,Kolkata,India,In-Store,MacOS,0,0,0,3,Monday,2026-02,1,0,-0.12466286846900787
TXN102138,2026-04-27 05:55:41,2026-04-27,1797.18,Grocery,ATM,Chennai,India,ATM,Android,0,0,1,5,Monday,2026-04,1,0,-0.20668851389437332
TXN102139,2026-05-04 20:44:41,2026-05-04,2810.19,Healthcare,POS,Mumbai,India,In-Store,iOS,0,0,0,20,Monday,2026-05,0,0,-0.22364068377077084
TXN102140,2026-05-23 12:52:10,2026-05-23,2209.13,Electronics,POS,Lucknow,India,In-Store,iOS,0,0,0,12,Saturday,2026-05,0,0,-0.24327907742052146
TXN102141,2026-01-25 19:00:16,2026-01-25,1264.25,Grocery,POS,Hyderabad,India,In-Store,Android,1,0,0,19,Sunday,2026-01,0,0,-0.05913477978919657
TXN102142,2026-02-05 09:15:13,2026-02-05,671.43,Electronics,Online,Kolkata,India,Digital,Android,1,0,1,9,Thursday,2026-02,0,0,-0.04104790408010783
TXN102143,2026-02-20 13:01:40,2026-02-20,1262.11,Fashion,Mobile Wallet,Chennai,India,Mobile,iOS,0,0,1,13,Friday,2026-02,0,0,-0.260629810048945
TXN102144,2026-01-15 21:54:00,2026-01-15,1321.53,Food & Dining,POS,Delhi,India,In-Store,iOS,0,0,0,21,Thursday,2026-01,0,0,-0.25969395730272693
TXN102145,2026-03-09 09:38:15,2026-03-09,2385.7,Unknown,POS,Ahmedabad,India,In-Store,Windows,0,0,0,9,Monday,2026-03,0,0,-0.2391102314920997
TXN102146,2026-01-21 08:23:45,2026-01-21,181.13,Jewelry,Mobile Wallet,Delhi,India,Mobile,iOS,0,1,0,8,Wednesday,2026-01,0,0,-0.028995570548392524
TXN102147,2026-05-21 23:54:32,2026-05-21,349.36,Healthcare,POS,Ahmedabad,India,In-Store,iOS,0,0,0,23,Thursday,2026-05,1,0,-0.1379313815154537
TXN102148,2026-01-19 13:39:16,2026-01-19,5472.87,Travel,POS,Delhi,India,In-Store,Windows,0,0,0,13,Monday,2026-01,0,0,-0.12093248031100645
TXN102149,2026-02-03 21:26:49,2026-02-03,1431.08,Travel,Mobile Wallet,Chennai,India,Mobile,iOS,0,1,0,21,Tuesday,2026-02,0,0,-0.17980959142330677
TXN102150,2026-03-19 07:43:49,2026-03-19,547.97,Fashion,Mobile Wallet,Hyderabad,India,Mobile,MacOS,0,0,0,7,Thursday,2026-03,0,0,-0.2373344427037964
TXN102151,2026-05-05 22:28:28,2026-05-05,1459.46,Entertainment,Online,Mumbai,India,Digital,MacOS,0,0,1,22,Tuesday,2026-05,0,0,-0.2551536079789862
TXN102152,2026-04-27 07:12:18,2026-04-27,1886.89,Electronics,POS,Ahmedabad,India,In-Store,iOS,0,0,0,7,Monday,2026-04,0,0,-0.2523261056883771
TXN102153,2026-02-21 16:26:04,2026-02-21,938.45,Electronics,Mobile Wallet,Lucknow,India,Mobile,iOS,0,0,0,16,Saturday,2026-02,0,0,-0.2596346476224944
TXN102154,2026-01-27 15:08:50,2026-01-27,3441.44,Online Services,POS,Bengaluru,India,In-Store,Windows,0,0,0,15,Tuesday,2026-01,0,0,-0.19969035265982565
TXN102155,2026-06-06 18:56:39,2026-06-06,3996.43,Travel,POS,Hyderabad,India,In-Store,Windows,0,0,0,18,Saturday,2026-06,0,0,-0.18325732032484499
TXN102156,2026-06-05 16:44:42,2026-06-05,1208.85,Fashion,Online,Hyderabad,India,Digital,Windows,1,0,0,16,Friday,2026-06,0,0,-0.06039348954056889
TXN102157,2026-02-04 13:16:41,2026-02-04,2148.87,Online Services,Online,Chennai,India,Digital,iOS,0,1,0,13,Wednesday,2026-02,0,0,-0.16359231585855488
TXN102158,2026-05-16 02:37:45,2026-05-16,282.28,Entertainment,Bank Transfer,Bengaluru,India,Digital,Windows,0,0,0,2,Saturday,2026-05,1,0,-0.1053119925207543
TXN102159,2026-05-24 00:55:26,2026-05-24,2588.15,Fashion,Bank Transfer,Jaipur,India,Digital,Android,0,0,0,0,Sunday,2026-05,1,0,-0.18139101813082403
TXN102160,2026-04-16 01:00:59,2026-04-16,3543.21,Healthcare,Mobile Wallet,Hyderabad,India,Mobile,Windows,0,1,0,1,Thursday,2026-04,1,0,-0.046324520739939756
TXN102161,2026-06-13 16:44:49,2026-06-13,486.71,Grocery,Bank Transfer,Lucknow,India,Digital,Android,0,0,0,16,Saturday,2026-06,0,0,-0.23287392483135766
TXN102162,2026-06-07 07:39:54,2026-06-07,1796.11,Healthcare,Online,Hyderabad,India,Digital,MacOS,0,0,0,7,Sunday,2026-06,0,0,-0.25078763474784477
TXN102163,2026-05-26 01:19:23,2026-05-26,244.98,Food & Dining,Online,Pune,India,Digital,Android,0,0,0,1,Tuesday,2026-05,1,0,-0.07432258476346054
TXN102164,2026-01-02 03:00:28,2026-01-02,584.4,Utilities,Mobile Wallet,Ahmedabad,India,Mobile,Android,0,0,0,3,Friday,2026-01,1,0,-0.19556394846816205
TXN102165,2026-06-26 13:13:08,2026-06-26,723.24,Jewelry,POS,Kolkata,India,In-Store,Android,0,1,0,13,Friday,2026-06,0,0,-0.18405775862570978
TXN102166,2026-03-18 03:07:01,2026-03-18,337.04,Online Services,POS,Hyderabad,India,In-Store,Android,0,0,0,3,Wednesday,2026-03,1,0,-0.13394721860145276
TXN102167,2026-05-12 03:06:51,2026-05-12,906.52,Online Services,Mobile Wallet,Hyderabad,India,Mobile,Android,0,0,0,3,Tuesday,2026-05,1,0,-0.21345142972094733
TXN102168,2026-03-31 03:46:09,2026-03-31,859.91,Food & Dining,ATM,Chennai,India,ATM,iOS,0,2,0,3,Tuesday,2026-03,1,1,0.03229678154494853
TXN102169,2026-03-30 10:31:00,2026-03-30,1796.19,Fashion,Online,Lucknow,India,Digital,iOS,0,0,0,10,Monday,2026-03,0,0,-0.25078763474784477
TXN102170,2026-04-04 19:52:38,2026-04-04,326.65,Food & Dining,Mobile Wallet,Chennai,India,Mobile,iOS,0,0,0,19,Saturday,2026-04,0,0,-0.1855453470502036
TXN102171,2026-01-07 12:35:37,2026-01-07,1805.65,Healthcare,Mobile Wallet,Mumbai,India,Mobile,Android,0,0,0,12,Wednesday,2026-01,0,0,-0.2513318467631934
TXN102172,2026-04-05 14:31:51,2026-04-05,583.28,Online Services,Online,Ahmedabad,India,Digital,Windows,0,0,0,14,Sunday,2026-04,0,0,-0.24059533949492512
TXN102173,2026-04-18 03:45:15,2026-04-18,394.33,Electronics,Mobile Wallet,Lucknow,India,Mobile,iOS,0,1,0,3,Saturday,2026-04,1,0,-0.06019702897565171
TXN102174,2026-03-15 19:54:55,2026-03-15,937.19,Online Services,POS,Chennai,India,In-Store,Android,0,0,0,19,Sunday,2026-03,0,0,-0.259329843243434
TXN102175,2026-02-08 06:55:04,2026-02-08,2002.59,Utilities,POS,Bengaluru,India,In-Store,Android,0,1,0,6,Sunday,2026-02,0,0,-0.1703227619510546
TXN102176,2026-05-21 16:38:55,2026-05-21,744.44,Jewelry,Mobile Wallet,Bengaluru,India,Mobile,Windows,0,0,0,16,Thursday,2026-05,0,0,-0.2512715151710296
TXN102177,2026-06-08 12:09:50,2026-06-08,1654.29,Online Services,Mobile Wallet,Hyderabad,India,Mobile,iOS,0,0,0,12,Monday,2026-06,0,0,-0.25303755081068463
TXN102178,2026-03-12 19:03:00,2026-03-12,1370.77,Travel,Online,Kolkata,India,Digital,iOS,0,0,0,19,Thursday,2026-03,0,0,-0.2565680717377821
TXN102179,2026-02-25 20:52:28,2026-02-25,13463.43,Grocery,Online,Chennai,India,Digital,MacOS,0,2,0,20,Wednesday,2026-02,0,1,0.06646577499032491
TXN102180,2026-06-19 01:33:56,2026-06-19,854.0,Grocery,Online,Mumbai,India,Digital,Android,0,1,0,1,Friday,2026-06,1,0,-0.10504418040131525
TXN102181,2026-02-11 21:25:29,2026-02-11,959.88,Travel,POS,Chennai,India,In-Store,iOS,0,0,0,21,Wednesday,2026-02,0,0,-0.2570004260037666
TXN102182,2026-02-05 00:48:12,2026-02-05,2660.68,Entertainment,Online,Chennai,India,Digital,iOS,0,0,0,0,Thursday,2026-02,1,0,-0.1783184208581136
TXN102183,2026-03-25 06:01:12,2026-03-25,1052.19,Unknown,POS,Pune,India,In-Store,MacOS,0,0,0,6,Wednesday,2026-03,0,0,-0.2600588496014047
TXN102184,2026-04-28 01:36:52,2026-04-28,1340.49,Online Services,Online,Kolkata,India,Digital,iOS,0,0,0,1,Tuesday,2026-04,1,0,-0.21120345764607495
TXN102185,2026-01-07 00:10:54,2026-01-07,268.99,Entertainment,POS,Chennai,India,In-Store,iOS,0,0,0,0,Wednesday,2026-01,1,0,-0.09524985328611368
TXN102186,2026-02-23 15:10:33,2026-02-23,994.73,Grocery,Online,Delhi,India,Digital,MacOS,0,0,0,15,Monday,2026-02,0,0,-0.2551192714482
TXN102187,2026-05-09 04:45:43,2026-05-09,623.86,Electronics,Mobile Wallet,Delhi,India,Mobile,iOS,0,0,0,4,Saturday,2026-05,1,0,-0.1943904953729777
TXN102188,2026-06-21 15:32:14,2026-06-21,747.25,Grocery,Online,Hyderabad,India,Digital,MacOS,0,3,0,15,Sunday,2026-06,0,1,0.00817501663662712
TXN102189,2026-04-30 18:42:14,2026-04-30,1346.46,Fashion,POS,Mumbai,India,In-Store,Windows,0,0,0,18,Thursday,2026-04,0,0,-0.25838115480193213
TXN102190,2026-06-22 08:04:47,2026-06-22,1049.5,Food & Dining,Mobile Wallet,Kolkata,India,Mobile,Android,0,0,0,8,Monday,2026-06,0,0,-0.25808258998604233
TXN102191,2026-04-16 03:13:38,2026-04-16,2033.94,Grocery,Bank Transfer,Mumbai,India,Digital,Android,0,0,0,3,Thursday,2026-04,1,0,-0.1978208944453066
TXN102192,2026-02-16 02:20:46,2026-02-16,2352.39,Fashion,Online,Bengaluru,India,Digital,Android,0,0,0,2,Monday,2026-02,1,0,-0.18491494152634347
TXN102193,2026-05-03 13:34:27,2026-05-03,951.69,Electronics,Online,Lucknow,India,Digital,Android,0,0,0,13,Sunday,2026-05,0,0,-0.2562644413694883
TXN102194,2026-05-21 14:10:28,2026-05-21,1393.51,Entertainment,Bank Transfer,Kolkata,India,Digital,iOS,0,0,0,14,Thursday,2026-05,0,0,-0.2549845689132869
TXN102195,2026-04-29 16:41:41,2026-04-29,215.52,Food & Dining,POS,Pune,India,In-Store,Windows,0,1,0,16,Wednesday,2026-04,0,0,-0.051554744782836726
TXN102196,2026-05-30 07:33:20,2026-05-30,1410.45,Food & Dining,Bank Transfer,Kolkata,India,Digital,Android,0,0,0,7,Saturday,2026-05,0,0,-0.2555925463757183
TXN102197,2026-04-28 17:04:25,2026-04-28,2546.33,Fashion,POS,Chennai,India,In-Store,iOS,0,0,0,17,Tuesday,2026-04,0,0,-0.23093398018024536
TXN102198,2026-01-21 10:52:28,2026-01-21,529.64,Jewelry,POS,Ahmedabad,India,In-Store,MacOS,0,0,0,10,Wednesday,2026-01,0,0,-0.23421947544704774
TXN102199,2026-05-17 23:02:08,2026-05-17,2007.02,Electronics,POS,Pune,India,In-Store,Android,0,0,0,23,Sunday,2026-05,1,0,-0.1967696257544143
TXN102200,2026-01-26 05:44:58,2026-01-26,763.89,Food & Dining,Bank Transfer,Hyderabad,India,Digital,Android,0,0,1,5,Monday,2026-01,1,0,-0.2090996091502692
TXN102201,2026-01-09 11:47:50,2026-01-09,691.35,Healthcare,Mobile Wallet,Mumbai,India,Mobile,Android,1,1,0,11,Friday,2026-01,0,1,0.02953047872663561
TXN102202,2026-01-15 14:21:00,2026-01-15,3426.69,Food & Dining,Online,Delhi,India,Digital,Android,0,0,0,14,Thursday,2026-01,0,0,-0.20022938985197714
TXN102203,2026-01-10 14:58:30,2026-01-10,1068.15,Online Services,POS,Pune,India,In-Store,Windows,0,0,0,14,Saturday,2026-01,0,0,-0.2605665334696112
TXN102204,2026-05-02 09:50:50,2026-05-02,2193.94,Fashion,Online,Hyderabad,India,Digital,iOS,0,0,0,9,Saturday,2026-05,0,0,-0.24265800957642192
TXN102205,2026-05-01 15:41:03,2026-05-01,229.96,Food & Dining,POS,Bengaluru,India,In-Store,Windows,0,0,0,15,Friday,2026-05,0,0,-0.1292225807231847
TXN102206,2026-05-05 09:22:37,2026-05-05,673.26,Grocery,Mobile Wallet,Kolkata,India,Mobile,iOS,0,0,0,9,Tuesday,2026-05,0,0,-0.24540115816333358
TXN102207,2026-06-19 21:40:12,2026-06-19,7802.54,Entertainment,POS,Kolkata,India,In-Store,Windows,0,0,0,21,Friday,2026-06,0,0,-0.05659628914284487
TXN102208,2026-03-13 19:30:47,2026-03-13,1211.39,Travel,Mobile Wallet,Delhi,India,Mobile,iOS,0,0,0,19,Friday,2026-03,0,0,-0.2621341793716361
TXN102209,2026-06-01 20:00:15,2026-06-01,946.63,Electronics,ATM,Ahmedabad,India,ATM,Android,0,0,0,20,Monday,2026-06,0,0,-0.2579890166298908
TXN102210,2026-02-18 08:43:10,2026-02-18,1777.89,Food & Dining,Mobile Wallet,Mumbai,India,Mobile,Android,0,0,1,8,Wednesday,2026-02,0,0,-0.2517227686825406
TXN102211,2026-06-03 15:35:16,2026-06-03,563.92,Food & Dining,Bank Transfer,Lucknow,India,Digital,iOS,1,0,0,15,Wednesday,2026-06,0,0,-0.025149149058290354
TXN102212,2026-04-01 03:39:21,2026-04-01,2903.85,Grocery,Online,Kolkata,India,Digital,MacOS,0,0,0,3,Wednesday,2026-04,1,0,-0.165004389173118
TXN102213,2026-02-06 08:55:52,2026-02-06,925.13,Healthcare,Online,Lucknow,India,Digital,MacOS,0,0,0,8,Friday,2026-02,0,0,-0.2586496563867965
TXN102214,2026-03-09 22:16:11,2026-03-09,571.01,Entertainment,POS,Mumbai,India,In-Store,MacOS,0,0,1,22,Monday,2026-03,0,0,-0.2393614639812871
TXN102215,2026-02-19 05:47:16,2026-02-19,601.81,Electronics,Online,Bengaluru,India,Digital,Android,0,0,0,5,Thursday,2026-02,1,0,-0.19432330320281233
TXN102216,2026-06-01 18:29:03,2026-06-01,1027.37,Food & Dining,POS,Bengaluru,India,In-Store,Windows,0,0,0,18,Monday,2026-06,0,0,-0.25572467252584274
TXN102217,2026-01-19 15:27:28,2026-01-19,779.63,Healthcare,POS,Lucknow,India,In-Store,MacOS,0,0,0,15,Monday,2026-01,0,0,-0.25333473088711067
TXN102218,2026-04-10 07:18:51,2026-04-10,1670.58,Food & Dining,Mobile Wallet,Delhi,India,Mobile,Windows,0,0,0,7,Friday,2026-04,0,0,-0.25414964641472815
TXN102219,2026-03-01 02:59:23,2026-03-01,1056.7,Fashion,POS,Lucknow,India,In-Store,Android,0,0,0,2,Sunday,2026-03,1,0,-0.22274949247285591
TXN102220,2026-06-16 19:17:24,2026-06-16,824.86,Travel,Bank Transfer,Chennai,India,Digital,Windows,0,0,0,19,Tuesday,2026-06,0,0,-0.2562156178778524
TXN102221,2026-03-30 05:19:47,2026-03-30,1454.93,Entertainment,Mobile Wallet,Hyderabad,India,Mobile,iOS,0,0,0,5,Monday,2026-03,1,0,-0.2097269495892698
TXN102222,2026-05-26 03:19:17,2026-05-26,2285.08,Jewelry,Mobile Wallet,Pune,India,Mobile,Windows,0,0,0,3,Tuesday,2026-05,1,0,-0.18904000593496223
TXN102223,2026-05-27 01:12:59,2026-05-27,1624.68,Healthcare,Online,Delhi,India,Digital,Windows,0,0,0,1,Wednesday,2026-05,1,0,-0.2086180059354114
TXN102224,2026-06-13 07:45:59,2026-06-13,1423.84,Grocery,POS,Hyderabad,India,In-Store,Windows,0,0,0,7,Saturday,2026-06,0,0,-0.25373683893623966
TXN102225,2026-03-10 22:46:58,2026-03-10,1377.73,Food & Dining,POS,Kolkata,India,In-Store,Windows,0,0,0,22,Tuesday,2026-03,0,0,-0.25666284947783385
TXN102226,2026-06-24 07:31:45,2026-06-24,823.56,Online Services,POS,Mumbai,India,In-Store,Android,0,0,0,7,Wednesday,2026-06,0,0,-0.25652378911668433
TXN102227,2026-02-18 00:14:37,2026-02-18,662.69,Grocery,POS,Bengaluru,India,In-Store,MacOS,0,0,0,0,Wednesday,2026-02,1,0,-0.1959352915364166
TXN102228,2026-04-18 13:25:53,2026-04-18,2094.28,Jewelry,Bank Transfer,Mumbai,India,Digital,Android,0,0,0,13,Saturday,2026-04,0,0,-0.24898106416440313
TXN102229,2026-06-10 23:16:28,2026-06-10,4777.25,Jewelry,POS,Delhi,India,In-Store,Android,0,0,0,23,Wednesday,2026-06,1,0,-0.0895628524248615
TXN102230,2026-04-29 23:29:45,2026-04-29,489.61,Grocery,POS,Jaipur,India,In-Store,iOS,0,0,0,23,Wednesday,2026-04,1,0,-0.18603436626134506
TXN102231,2026-05-29 23:08:28,2026-05-29,775.68,Jewelry,Mobile Wallet,Lucknow,India,Mobile,Windows,0,0,0,23,Friday,2026-05,1,0,-0.20902637651457429
TXN102232,2026-05-30 14:19:27,2026-05-30,3202.76,Fashion,Online,Chennai,India,Digital,Windows,0,0,0,14,Saturday,2026-05,0,0,-0.2072499876845103
TXN102233,2026-06-25 16:05:13,2026-06-25,2409.58,Online Services,POS,Hyderabad,India,In-Store,MacOS,1,0,0,16,Thursday,2026-06,0,0,-0.026843464683561247
TXN102234,2026-02-06 00:43:57,2026-02-06,430.09,Fashion,Bank Transfer,Hyderabad,India,Digital,Android,0,0,0,0,Friday,2026-02,1,0,-0.16997190316014216
TXN102235,2026-05-23 20:12:58,2026-05-23,1107.11,Fashion,Online,Ahmedabad,India,Digital,iOS,0,0,0,20,Saturday,2026-05,0,0,-0.26051325619045607
TXN102236,2026-06-12 11:40:25,2026-06-12,1533.34,Entertainment,ATM,Bengaluru,India,ATM,Android,0,0,0,11,Friday,2026-06,0,0,-0.25271481170775967
TXN102237,2026-06-09 22:54:24,2026-06-09,2428.21,Utilities,Online,Hyderabad,India,Digital,iOS,0,0,0,22,Tuesday,2026-06,0,0,-0.23752004359640339
TXN102238,2026-01-11 07:59:02,2026-01-11,1214.03,Grocery,Mobile Wallet,Delhi,India,Mobile,Android,0,0,0,7,Sunday,2026-01,0,0,-0.2621341793716361
TXN102239,2026-05-18 03:17:11,2026-05-18,1615.0,Entertainment,POS,Pune,India,In-Store,Windows,0,0,0,3,Monday,2026-05,1,0,-0.20997292722593375
TXN102240,2026-03-19 23:38:12,2026-03-19,2310.17,Electronics,POS,Jaipur,India,In-Store,MacOS,0,0,0,23,Thursday,2026-03,1,0,-0.18882059776963228
TXN102241,2026-03-18 12:59:22,2026-03-18,2572.3,Fashion,ATM,Hyderabad,India,ATM,Android,0,0,0,12,Wednesday,2026-03,0,0,-0.2307923191479963
TXN102242,2026-06-02 05:13:50,2026-06-02,948.98,Fashion,Online,Pune,India,Digital,Windows,0,0,0,5,Tuesday,2026-06,1,0,-0.21639182790204642
TXN102243,2026-01-02 15:17:24,2026-01-02,1137.34,Food & Dining,Online,Hyderabad,India,Digital,iOS,0,0,0,15,Friday,2026-01,0,0,-0.2610589272633573
TXN102244,2026-03-05 20:32:28,2026-03-05,597.98,Fashion,POS,Delhi,India,In-Store,Android,0,2,0,20,Thursday,2026-03,0,0,-0.007563888951106379
TXN102245,2026-02-04 19:13:22,2026-02-04,881.39,Grocery,POS,Pune,India,In-Store,Android,0,0,0,19,Wednesday,2026-02,0,0,-0.2610825484332111
TXN102246,2026-01-07 10:17:25,2026-01-07,791.61,Electronics,POS,Kolkata,India,In-Store,Windows,0,1,0,10,Wednesday,2026-01,0,0,-0.18754416365156146
TXN102247,2026-03-26 23:58:42,2026-03-26,943.04,Grocery,ATM,Hyderabad,India,ATM,Android,0,0,0,23,Thursday,2026-03,1,0,-0.21585999821306934
TXN102248,2026-05-26 19:44:11,2026-05-26,1016.99,Food & Dining,POS,Kolkata,India,In-Store,Android,0,0,0,19,Tuesday,2026-05,0,0,-0.2562490641141557
TXN102249,2026-03-08 07:23:47,2026-03-08,2102.09,Jewelry,ATM,Ahmedabad,India,ATM,MacOS,0,0,0,7,Sunday,2026-03,0,0,-0.24629933890025418
TXN102250,2026-02-11 04:13:18,2026-02-11,1450.2,Grocery,POS,Bengaluru,India,In-Store,iOS,0,0,0,4,Wednesday,2026-02,1,0,-0.2095302269463986
TXN102251,2026-04-28 19:18:41,2026-04-28,393.88,Jewelry,Online,Delhi,India,Digital,Windows,1,0,0,19,Tuesday,2026-04,0,0,-0.019537606733654678
TXN102252,2026-05-05 08:11:15,2026-05-05,1703.28,Healthcare,Bank Transfer,Chennai,India,Digital,Windows,0,0,0,8,Tuesday,2026-05,0,0,-0.2544934279962761
TXN102253,2026-06-16 05:23:23,2026-06-16,706.96,Entertainment,Mobile Wallet,Delhi,India,Mobile,Android,0,0,0,5,Tuesday,2026-06,1,0,-0.20379812292393795
TXN102254,2026-06-18 01:01:21,2026-06-18,458.74,Entertainment,Online,Lucknow,India,Digital,Android,0,1,0,1,Thursday,2026-06,1,0,-0.07178000022367403
TXN102255,2026-01-24 11:44:52,2026-01-24,439.74,Utilities,POS,Chennai,India,In-Store,Android,0,0,0,11,Saturday,2026-01,0,0,-0.22096705133498423
TXN102256,2026-02-15 01:33:49,2026-02-15,1256.17,Grocery,POS,Lucknow,India,In-Store,MacOS,0,0,0,1,Sunday,2026-02,1,0,-0.21818573264655083
TXN102257,2026-01-19 21:36:54,2026-01-19,2562.49,Food & Dining,POS,Pune,India,In-Store,Android,0,0,0,21,Monday,2026-01,0,0,-0.2303176666344462
TXN102258,2026-03-09 02:20:17,2026-03-09,926.44,Healthcare,ATM,Ahmedabad,India,ATM,iOS,0,2,0,2,Monday,2026-03,1,1,0.03095428238815834
TXN102259,2026-04-12 09:39:25,2026-04-12,2321.14,Food & Dining,Online,Pune,India,Digital,Windows,0,0,0,9,Sunday,2026-04,0,0,-0.240748963446257
TXN102260,2026-02-11 20:41:39,2026-02-11,1174.43,Online Services,Bank Transfer,Hyderabad,India,Digital,Android,0,2,0,20,Wednesday,2026-02,0,0,-0.015304670639555318
TXN102261,2026-02-01 15:42:54,2026-02-01,195.49,Grocery,Online,Bengaluru,India,Digital,iOS,0,0,0,15,Sunday,2026-02,0,0,-0.09528600228367479
TXN102262,2026-06-16 07:41:15,2026-06-16,1789.55,Healthcare,POS,Delhi,India,In-Store,Android,0,0,0,7,Tuesday,2026-06,0,0,-0.25094246710037144
TXN102263,2026-04-19 20:04:27,2026-04-19,710.71,Food & Dining,Bank Transfer,Mumbai,India,Digital,Android,0,0,0,20,Sunday,2026-04,0,0,-0.24692043247172835
TXN102264,2026-02-05 11:16:03,2026-02-05,573.39,Fashion,POS,Delhi,India,In-Store,Android,0,1,0,11,Thursday,2026-02,0,0,-0.1692337932034378
TXN102265,2026-04-07 03:08:52,2026-04-07,1797.79,Fashion,Online,Delhi,India,Digital,MacOS,0,0,0,3,Tuesday,2026-04,1,0,-0.20663277992740353
TXN102266,2026-06-13 05:19:37,2026-06-13,1220.59,Entertainment,Mobile Wallet,Chennai,India,Mobile,MacOS,0,0,0,5,Saturday,2026-06,1,0,-0.21792754046145163
TXN102267,2026-05-11 19:00:47,2026-05-11,1039.18,Online Services,Mobile Wallet,Jaipur,India,Mobile,Android,1,0,0,19,Monday,2026-05,0,0,-0.05814162804918954
TXN102268,2026-03-14 15:51:44,2026-03-14,1185.17,Food & Dining,Bank Transfer,Mumbai,India,Digital,iOS,0,0,1,15,Saturday,2026-03,0,0,-0.26000564431973977
TXN102269,2026-05-16 23:25:35,2026-05-16,556.87,Utilities,POS,Hyderabad,India,In-Store,Windows,0,0,0,23,Saturday,2026-05,1,0,-0.19190671232062728
TXN102270,2026-04-07 22:25:30,2026-04-07,4518.65,Fashion,Online,Lucknow,India,Digital,Android,0,0,1,22,Tuesday,2026-04,0,0,-0.16008222704429148
TXN102271,2026-05-03 01:22:31,2026-05-03,1258.98,Grocery,Mobile Wallet,Kolkata,India,Mobile,iOS,0,0,0,1,Sunday,2026-05,1,0,-0.21888534618447109
TXN102272,2026-03-11 07:52:13,2026-03-11,1245.03,Grocery,POS,Lucknow,India,In-Store,Android,0,0,0,7,Wednesday,2026-03,0,0,-0.26078511444509717
TXN102273,2026-06-18 06:01:13,2026-06-18,1022.86,Grocery,Mobile Wallet,Bengaluru,India,Mobile,Android,0,1,0,6,Thursday,2026-06,0,0,-0.18108485731323898
TXN102274,2026-01-13 11:21:10,2026-01-13,300.9,Fashion,POS,Ahmedabad,India,In-Store,Windows,0,0,0,11,Tuesday,2026-01,0,0,-0.17691365093790234
TXN102275,2026-02-18 19:45:01,2026-02-18,639.28,Fashion,POS,Bengaluru,India,In-Store,iOS,0,0,0,19,Wednesday,2026-02,0,0,-0.2460362662913762
TXN102276,2026-03-01 06:20:21,2026-03-01,411.98,Healthcare,Mobile Wallet,Ahmedabad,India,Mobile,Android,0,0,0,6,Sunday,2026-03,0,0,-0.21461071130250103
TXN102277,2026-05-10 07:04:54,2026-05-10,381.56,Healthcare,POS,Delhi,India,In-Store,Android,0,0,0,7,Sunday,2026-05,0,0,-0.20133240942299008
TXN102278,2026-01-05 20:36:00,2026-01-05,319.5,Grocery,Online,Chennai,India,Digital,Android,0,0,0,20,Monday,2026-01,0,0,-0.18372618653741413
TXN102279,2026-06-21 00:13:55,2026-06-21,659.73,Electronics,Online,Hyderabad,India,Digital,Windows,0,1,1,0,Sunday,2026-06,1,0,-0.09136284013407736
TXN102280,2026-01-27 05:10:46,2026-01-27,1114.75,Travel,POS,Jaipur,India,In-Store,MacOS,0,0,0,5,Tuesday,2026-01,1,0,-0.22348420002735347
TXN102281,2026-06-09 21:29:20,2026-06-09,351.51,Food & Dining,Online,Bengaluru,India,Digital,iOS,0,0,0,21,Tuesday,2026-06,0,0,-0.19327800512029275
TXN102282,2026-05-29 10:22:15,2026-05-29,1919.61,Electronics,POS,Chennai,India,In-Store,Android,0,0,0,10,Friday,2026-05,0,0,-0.24861955159651605
TXN102283,2026-01-08 19:15:51,2026-01-08,1391.26,Electronics,POS,Lucknow,India,In-Store,Windows,1,0,0,19,Thursday,2026-01,0,0,-0.05546267593601517
TXN102284,2026-02-19 00:40:29,2026-02-19,911.08,Jewelry,Bank Transfer,Jaipur,India,Digital,MacOS,0,0,0,0,Thursday,2026-02,1,0,-0.21398022593869992
TXN102285,2026-03-08 11:39:10,2026-03-08,6183.72,Utilities,POS,Pune,India,In-Store,Android,0,0,0,11,Sunday,2026-03,0,0,-0.09795132804514706
TXN102286,2026-02-13 16:50:54,2026-02-13,904.63,Electronics,Mobile Wallet,Delhi,India,Mobile,Windows,1,1,0,16,Friday,2026-02,0,1,0.0275327534201677
TXN102287,2026-05-05 18:55:43,2026-05-05,2076.77,Fashion,Online,Mumbai,India,Digital,iOS,0,0,0,18,Tuesday,2026-05,0,0,-0.2490864330854899
TXN102288,2026-02-27 21:32:07,2026-02-27,1296.69,Fashion,ATM,Mumbai,India,ATM,Windows,0,0,0,21,Friday,2026-02,0,0,-0.25966560835273245
TXN102289,2026-01-03 08:38:19,2026-01-03,3466.81,Utilities,Online,Kolkata,India,Digital,iOS,0,0,0,8,Saturday,2026-01,0,0,-0.1999983362814845
TXN102290,2026-03-27 10:56:25,2026-03-27,2611.47,Food & Dining,Bank Transfer,Delhi,India,Digital,Windows,0,0,0,10,Friday,2026-03,0,0,-0.2303494563593123
TXN102291,2026-03-11 09:58:39,2026-03-11,862.64,Grocery,Mobile Wallet,Kolkata,India,Mobile,iOS,0,0,0,9,Wednesday,2026-03,0,0,-0.257158626971519
TXN102292,2026-05-10 16:53:02,2026-05-10,888.07,Healthcare,Bank Transfer,Mumbai,India,Digital,Android,0,0,0,16,Sunday,2026-05,0,0,-0.260362464362561
TXN102293,2026-06-21 19:45:16,2026-06-21,374.98,Fashion,POS,Hyderabad,India,In-Store,Android,0,0,0,19,Sunday,2026-06,0,0,-0.19868947093030448
TXN102294,2026-01-02 20:09:50,2026-01-02,1203.23,Travel,POS,Lucknow,India,In-Store,iOS,0,0,0,20,Friday,2026-01,0,0,-0.2614552824269687
TXN102295,2026-04-12 11:13:07,2026-04-12,1851.43,Fashion,Mobile Wallet,Hyderabad,India,Mobile,iOS,1,0,0,11,Sunday,2026-04,0,0,-0.042601225868567405
TXN102296,2026-02-04 04:23:43,2026-02-04,1043.67,Food & Dining,Mobile Wallet,Chennai,India,Mobile,Android,0,1,0,4,Wednesday,2026-02,1,0,-0.11370501308131231
TXN102297,2026-04-08 12:46:55,2026-04-08,3362.65,Fashion,Mobile Wallet,Lucknow,India,Mobile,Windows,0,0,0,12,Wednesday,2026-04,0,0,-0.20172446049346276
TXN102298,2026-01-30 04:15:39,2026-01-30,1231.62,Travel,POS,Mumbai,India,In-Store,Windows,1,0,0,4,Friday,2026-01,1,1,0.014838117475287294
TXN102299,2026-04-26 00:58:11,2026-04-26,2974.79,Fashion,Mobile Wallet,Kolkata,India,Mobile,Windows,0,2,0,0,Sunday,2026-04,1,1,0.054499280603737876
TXN102300,2026-01-08 00:11:46,2026-01-08,962.45,Grocery,Online,Delhi,India,Digital,MacOS,0,0,0,0,Thursday,2026-01,1,0,-0.2182475527568461
TXN102301,2026-05-30 04:22:08,2026-05-30,433.71,Utilities,Online,Delhi,India,Digital,iOS,0,0,0,4,Saturday,2026-05,1,0,-0.17089351048770474
TXN102302,2026-02-13 01:56:37,2026-02-13,665.15,Electronics,Online,Ahmedabad,India,Digital,Windows,0,0,0,1,Friday,2026-02,1,0,-0.19655329133883032
TXN102303,2026-02-05 16:46:48,2026-02-05,1068.75,Grocery,Online,Jaipur,India,Digital,MacOS,0,1,0,16,Thursday,2026-02,0,0,-0.18296829969623907
TXN102304,2026-03-18 16:08:17,2026-03-18,602.06,Entertainment,Bank Transfer,Pune,India,Digital,iOS,0,0,0,16,Wednesday,2026-03,0,0,-0.24470542227538578
TXN102305,2026-01-31 10:42:03,2026-01-31,291.76,Utilities,Mobile Wallet,Mumbai,India,Mobile,iOS,0,0,0,10,Saturday,2026-01,0,0,-0.17241618447860002
TXN102306,2026-02-16 06:59:23,2026-02-16,220.99,Utilities,Bank Transfer,Mumbai,India,Digital,iOS,0,0,1,6,Monday,2026-02,0,0,-0.11761209471983491
TXN102307,2026-02-24 04:55:18,2026-02-24,2467.91,Food & Dining,ATM,Kolkata,India,ATM,MacOS,0,0,0,4,Tuesday,2026-02,1,0,-0.18560245400022696
TXN102308,2026-04-16 23:16:07,2026-04-16,1492.59,Electronics,POS,Ahmedabad,India,In-Store,iOS,0,0,0,23,Thursday,2026-04,1,0,-0.20870279073583353
TXN102309,2026-06-07 11:00:19,2026-06-07,1367.21,Healthcare,Bank Transfer,Bengaluru,India,Digital,Android,0,0,0,11,Sunday,2026-06,0,0,-0.2567004139589866
TXN102310,2026-05-01 03:22:06,2026-05-01,1254.74,Healthcare,POS,Jaipur,India,In-Store,iOS,0,0,0,3,Friday,2026-05,1,0,-0.21791651183324623
TXN102311,2026-02-24 18:02:06,2026-02-24,707.72,Travel,Mobile Wallet,Hyderabad,India,Mobile,Android,0,0,0,18,Tuesday,2026-02,0,0,-0.2465065908454122
TXN102312,2026-05-24 11:17:13,2026-05-24,2070.34,Online Services,Bank Transfer,Hyderabad,India,Digital,Windows,0,0,0,11,Sunday,2026-05,0,0,-0.2490864330854899
TXN102313,2026-01-12 21:34:14,2026-01-12,272.76,Grocery,Bank Transfer,Bengaluru,India,Digital,MacOS,0,1,0,21,Monday,2026-01,0,0,-0.0793349456529241
TXN102314,2026-05-25 00:55:17,2026-05-25,207.0,Jewelry,POS,Ahmedabad,India,In-Store,Android,0,0,0,0,Monday,2026-05,1,0,-0.048662611748202855
TXN102315,2026-05-24 12:29:40,2026-05-24,933.26,Online Services,Mobile Wallet,Jaipur,India,Mobile,Android,0,0,0,12,Sunday,2026-05,0,0,-0.2595042147700696
TXN102316,2026-05-20 12:15:15,2026-05-20,1216.53,Healthcare,Online,Mumbai,India,Digital,Android,0,1,0,12,Wednesday,2026-05,0,0,-0.1855954386993473
TXN102317,2026-05-16 17:07:26,2026-05-16,540.62,Jewelry,POS,Delhi,India,In-Store,Android,0,0,0,17,Saturday,2026-05,0,0,-0.2343166321256583
TXN102318,2026-01-03 11:59:18,2026-01-03,306.54,Healthcare,Bank Transfer,Mumbai,India,Digital,Android,0,0,0,11,Saturday,2026-01,0,0,-0.1790948806550477
TXN102319,2026-05-24 15:32:43,2026-05-24,1759.06,Electronics,POS,Hyderabad,India,In-Store,Windows,0,1,0,15,Sunday,2026-05,0,0,-0.17743054475017656
TXN102320,2026-01-30 13:13:51,2026-01-30,789.07,Fashion,Mobile Wallet,Lucknow,India,Mobile,Android,0,0,0,13,Friday,2026-01,0,0,-0.2544323444054716
TXN102321,2026-01-23 13:41:56,2026-01-23,1910.79,Grocery,POS,Kolkata,India,In-Store,Android,0,0,0,13,Friday,2026-01,0,0,-0.2508953813833005
TXN102322,2026-04-02 16:29:02,2026-04-02,3116.81,Fashion,POS,Kolkata,India,In-Store,Android,1,0,0,16,Thursday,2026-04,0,0,-0.011037130269413886
TXN102323,2026-04-25 04:18:24,2026-04-25,304.03,Healthcare,Mobile Wallet,Pune,India,Mobile,Android,0,0,0,4,Saturday,2026-04,1,0,-0.11985414908085157
TXN102324,2026-04-14 19:03:13,2026-04-14,4055.75,Fashion,POS,Chennai,India,In-Store,iOS,0,0,0,19,Tuesday,2026-04,0,0,-0.17998830537412225
TXN102325,2026-04-28 07:24:20,2026-04-28,1338.99,Fashion,POS,Hyderabad,India,In-Store,MacOS,0,0,0,7,Tuesday,2026-04,0,0,-0.2598137578625735
TXN102326,2026-01-05 10:19:56,2026-01-05,1989.3,Entertainment,POS,Ahmedabad,India,In-Store,Android,0,1,1,10,Monday,2026-01,0,0,-0.17030840733716512
TXN102327,2026-04-14 18:18:58,2026-04-14,715.71,Online Services,Online,Kolkata,India,Digital,Windows,0,0,0,18,Tuesday,2026-04,0,0,-0.24836915974858464
TXN102328,2026-04-18 02:23:25,2026-04-18,1146.72,Grocery,ATM,Lucknow,India,ATM,MacOS,1,0,0,2,Saturday,2026-04,1,1,0.010634745446699623
TXN102329,2026-03-06 15:56:28,2026-03-06,1972.26,Fashion,Online,Mumbai,India,Digital,Windows,0,0,0,15,Friday,2026-03,0,0,-0.24838160790027763
TXN102330,2026-05-01 22:34:57,2026-05-01,1556.51,Electronics,Mobile Wallet,Pune,India,Mobile,Android,0,1,0,22,Friday,2026-05,0,0,-0.1780716529665114
TXN102331,2026-01-30 15:25:01,2026-01-30,3816.76,Healthcare,Bank Transfer,Delhi,India,Digital,Android,0,1,0,15,Friday,2026-01,0,0,-0.11092598376688445
TXN102332,2026-05-29 14:48:29,2026-05-29,547.43,Grocery,Online,Hyderabad,India,Digital,Android,0,1,0,14,Friday,2026-05,0,0,-0.1646665592172154
TXN102333,2026-03-25 07:30:43,2026-03-25,1294.16,Entertainment,Bank Transfer,Chennai,India,Digital,iOS,0,0,0,7,Wednesday,2026-03,0,0,-0.25960031081008184
TXN102334,2026-05-30 09:20:35,2026-05-30,1023.49,Travel,ATM,Ahmedabad,India,ATM,Android,0,0,0,9,Saturday,2026-05,0,0,-0.25562203063098893
TXN102335,2026-02-01 22:01:55,2026-02-01,929.63,Electronics,Online,Pune,India,Digital,iOS,0,0,0,22,Sunday,2026-02,0,0,-0.2594487904489545
TXN102336,2026-06-10 22:24:51,2026-06-10,1755.5,Jewelry,Online,Delhi,India,Digital,iOS,0,0,0,22,Wednesday,2026-06,0,0,-0.254361861447072
TXN102337,2026-01-16 09:12:12,2026-01-16,1202.93,Grocery,POS,Chennai,India,In-Store,Windows,0,0,0,9,Friday,2026-01,0,0,-0.2614552824269687
TXN102338,2026-02-07 04:16:06,2026-02-07,467.43,Fashion,Bank Transfer,Chennai,India,Digital,iOS,0,0,0,4,Saturday,2026-02,1,0,-0.17945953697559353
TXN102339,2026-05-22 20:01:47,2026-05-22,2349.99,Grocery,ATM,Pune,India,ATM,iOS,0,0,0,20,Friday,2026-05,0,0,-0.23954689789210676
TXN102340,2026-02-05 17:23:00,2026-02-05,1758.48,Food & Dining,POS,Mumbai,India,In-Store,Android,0,0,0,17,Thursday,2026-02,0,0,-0.254147028946239
TXN102341,2026-05-31 16:04:49,2026-05-31,3567.97,Food & Dining,Bank Transfer,Ahmedabad,India,Digital,Android,0,0,0,16,Sunday,2026-05,0,0,-0.19728055955910906
TXN102342,2026-04-24 22:05:53,2026-04-24,1961.95,Travel,Bank Transfer,Bengaluru,India,Digital,Android,0,1,0,22,Friday,2026-04,0,0,-0.17114587911404955
TXN102343,2026-03-07 10:53:56,2026-03-07,924.43,Electronics,ATM,Chennai,India,ATM,Android,0,2,0,10,Saturday,2026-03,0,0,-0.015305496398745566
TXN102344,2026-04-15 01:09:10,2026-04-15,930.11,Fashion,Bank Transfer,Kolkata,India,Digital,Android,0,0,1,1,Wednesday,2026-04,1,0,-0.21500924842764624
TXN102345,2026-03-26 05:23:43,2026-03-26,2511.51,Healthcare,POS,Unknown,India,In-Store,MacOS,0,0,0,5,Thursday,2026-03,1,0,-0.18529575009802357
TXN102346,2026-01-02 01:08:57,2026-01-02,593.66,Utilities,Mobile Wallet,Lucknow,India,Mobile,Windows,0,0,0,1,Friday,2026-01,1,0,-0.19636547485093392
TXN102347,2026-03-16 08:19:52,2026-03-16,531.71,Food & Dining,ATM,Pune,India,ATM,Windows,0,0,0,8,Monday,2026-03,0,0,-0.23422439577902066
TXN102348,2026-03-08 12:28:41,2026-03-08,1308.06,Food & Dining,Bank Transfer,Chennai,India,Digital,Windows,0,0,0,12,Sunday,2026-03,0,0,-0.2598252422370801
TXN102349,2026-06-29 22:02:49,2026-06-29,331.87,Electronics,POS,Kolkata,India,In-Store,Windows,0,0,0,22,Monday,2026-06,0,0,-0.18840494600138652
TXN102350,2026-05-31 18:35:17,2026-05-31,1449.49,Travel,Online,Lucknow,India,Digital,Android,0,0,0,18,Sunday,2026-05,0,0,-0.2534135804500193
TXN102351,2026-06-03 20:28:10,2026-06-03,1596.79,Electronics,POS,Bengaluru,India,In-Store,Android,0,1,0,20,Wednesday,2026-06,0,0,-0.17956141589628188
TXN102352,2026-02-24 09:30:35,2026-02-24,900.44,Travel,POS,Delhi,India,In-Store,Android,0,0,0,9,Tuesday,2026-02,0,0,-0.2596114088197834
TXN102353,2026-01-06 21:56:15,2026-01-06,3382.71,Electronics,Bank Transfer,Hyderabad,India,Digital,Windows,0,0,0,21,Tuesday,2026-01,0,0,-0.20106793194846895
TXN102354,2026-06-12 05:18:42,2026-06-12,2703.7,Food & Dining,POS,Bengaluru,India,In-Store,Windows,0,0,0,5,Friday,2026-06,1,0,-0.17330687470784473
TXN102355,2026-05-30 06:39:16,2026-05-30,588.41,Food & Dining,Mobile Wallet,Hyderabad,India,Mobile,Android,0,0,0,6,Saturday,2026-05,0,0,-0.2426289994697569
TXN102356,2026-06-20 17:44:39,2026-06-20,1853.09,Jewelry,Bank Transfer,Kolkata,India,Digital,MacOS,0,0,0,17,Saturday,2026-06,0,0,-0.2521453347106945
TXN102357,2026-05-23 16:16:00,2026-05-23,2410.61,Electronics,Bank Transfer,Chennai,India,Digital,Android,0,0,0,16,Saturday,2026-05,0,0,-0.23886174294092904
TXN102358,2026-03-27 23:00:00,2026-03-27,1171.7,Entertainment,Online,Hyderabad,India,Digital,iOS,0,0,0,23,Friday,2026-03,1,0,-0.21992729748427875
TXN102359,2026-03-01 19:04:45,2026-03-01,776.31,Utilities,Mobile Wallet,Pune,India,Mobile,iOS,0,0,0,19,Sunday,2026-03,0,0,-0.25310937465338795
TXN102360,2026-04-11 06:51:00,2026-04-11,451.68,Food & Dining,Mobile Wallet,Kolkata,India,Mobile,Android,0,1,0,6,Saturday,2026-04,0,0,-0.14227850141866671
TXN102361,2026-01-12 23:54:24,2026-01-12,701.64,Travel,Bank Transfer,Chennai,India,Digital,iOS,0,0,0,23,Monday,2026-01,1,0,-0.20215015991388402
TXN102362,2026-02-18 00:19:28,2026-02-18,459.8,Travel,POS,Kolkata,India,In-Store,iOS,0,0,0,0,Wednesday,2026-02,1,0,-0.17666592514197327
TXN102363,2026-02-11 12:32:04,2026-02-11,2275.54,Grocery,POS,Bengaluru,India,In-Store,iOS,0,0,0,12,Wednesday,2026-02,0,0,-0.2420934673536025
TXN102364,2026-06-15 09:58:17,2026-06-15,894.16,Travel,Online,Kolkata,India,Digital,iOS,0,0,0,9,Monday,2026-06,0,0,-0.260505724815652
TXN102365,2026-03-23 04:10:32,2026-03-23,1664.57,Healthcare,POS,Bengaluru,India,In-Store,Windows,0,0,0,4,Monday,2026-03,1,0,-0.2075857608256691
TXN102366,2026-06-22 14:39:57,2026-06-22,3005.63,Grocery,Online,Pune,India,Digital,iOS,0,0,0,14,Monday,2026-06,0,0,-0.21303037114649764
TXN102367,2026-02-04 09:48:14,2026-02-04,1299.51,Electronics,POS,Ahmedabad,India,In-Store,Android,0,1,0,9,Wednesday,2026-02,0,0,-0.18445441577936866
TXN102368,2026-06-07 12:10:27,2026-06-07,2812.02,Healthcare,ATM,Pune,India,ATM,Windows,0,0,0,12,Sunday,2026-06,0,0,-0.22364068377077084
TXN102369,2026-06-07 00:58:36,2026-06-07,828.45,Utilities,POS,Lucknow,India,In-Store,iOS,0,0,0,0,Sunday,2026-06,1,0,-0.20547406620140246
TXN102370,2026-05-14 05:29:11,2026-05-14,1493.93,Food & Dining,POS,Bengaluru,India,In-Store,Android,0,0,0,5,Thursday,2026-05,1,0,-0.20870279073583353
TXN102371,2026-03-08 08:26:13,2026-03-08,1292.49,Healthcare,Mobile Wallet,Chennai,India,Mobile,Android,0,0,0,8,Sunday,2026-03,0,0,-0.25960031081008184
TXN102372,2026-03-21 08:24:30,2026-03-21,625.65,Fashion,Online,Jaipur,India,Digital,Android,0,0,0,8,Saturday,2026-03,0,0,-0.24653546095836826
TXN102373,2026-01-07 02:53:06,2026-01-07,856.22,Electronics,Bank Transfer,Ahmedabad,India,Digital,Windows,0,0,0,2,Wednesday,2026-01,1,0,-0.20450233999762113
TXN102374,2026-06-29 18:00:17,2026-06-29,3402.11,Fashion,Online,Pune,India,Digital,Android,0,0,0,18,Monday,2026-06,0,0,-0.19910221724935706
TXN102375,2026-01-14 18:06:24,2026-01-14,832.23,Food & Dining,Online,Jaipur,India,Digital,iOS,0,0,0,18,Wednesday,2026-01,0,0,-0.25734666479158597
TXN102376,2026-03-14 22:08:13,2026-03-14,290.0,Jewelry,Online,Delhi,India,Digital,Android,0,0,0,22,Saturday,2026-03,0,0,-0.17202764966090162
TXN102377,2026-05-23 10:31:19,2026-05-23,831.32,Grocery,Bank Transfer,Jaipur,India,Digital,MacOS,0,1,0,10,Saturday,2026-05,0,0,-0.18807124278025722
TXN102378,2026-05-29 13:46:37,2026-05-29,600.44,Food & Dining,POS,Lucknow,India,In-Store,iOS,0,0,1,13,Friday,2026-05,0,0,-0.24400713940058194
TXN102379,2026-06-12 10:52:12,2026-06-12,1579.3,Travel,Mobile Wallet,Lucknow,India,Mobile,Windows,0,0,0,10,Friday,2026-06,0,0,-0.25342646341232766
TXN102380,2026-03-07 01:00:26,2026-03-07,1793.34,Food & Dining,POS,Pune,India,In-Store,iOS,0,0,0,1,Saturday,2026-03,1,0,-0.20668851389437332
TXN102381,2026-04-01 23:52:16,2026-04-01,1460.45,Grocery,Online,Jaipur,India,Digital,Android,0,0,0,23,Wednesday,2026-04,1,0,-0.21083841443538776
TXN102382,2026-05-10 22:38:35,2026-05-10,790.31,Travel,Bank Transfer,Hyderabad,India,Digital,Windows,0,0,0,22,Sunday,2026-05,0,0,-0.2551861063239965
TXN102383,2026-06-12 21:24:25,2026-06-12,1149.8,Utilities,Online,Chennai,India,Digital,iOS,0,0,0,21,Friday,2026-06,0,0,-0.25944235984207953
TXN102384,2026-01-20 15:23:10,2026-01-20,852.17,Food & Dining,Bank Transfer,Delhi,India,Digital,Android,0,0,0,15,Tuesday,2026-01,0,0,-0.2571557686772885
TXN102385,2026-01-10 04:37:25,2026-01-10,344.65,Food & Dining,Online,Bengaluru,India,Digital,iOS,0,0,0,4,Saturday,2026-01,1,0,-0.13774859918004645
TXN102386,2026-01-25 15:02:24,2026-01-25,1002.57,Travel,POS,Mumbai,India,In-Store,Windows,0,0,0,15,Sunday,2026-01,0,0,-0.25392227796169
TXN102387,2026-01-25 03:43:02,2026-01-25,9039.23,Travel,Bank Transfer,Hyderabad,India,Digital,iOS,0,0,1,3,Sunday,2026-01,1,0,-0.0019851072642425027
TXN102388,2026-02-23 01:07:05,2026-02-23,481.35,Fashion,Mobile Wallet,Delhi,India,Mobile,iOS,0,0,0,1,Monday,2026-02,1,0,-0.18449914480545465
TXN102389,2026-02-02 12:00:26,2026-02-02,248.67,Online Services,POS,Delhi,India,In-Store,Android,0,0,0,12,Monday,2026-02,0,0,-0.144779215306458
TXN102390,2026-06-13 22:03:00,2026-06-13,3426.02,Jewelry,Bank Transfer,Mumbai,India,Digital,Windows,0,1,0,22,Saturday,2026-06,0,0,-0.11720139448462696
TXN102391,2026-04-05 19:21:51,2026-04-05,1570.14,Unknown,Online,Lucknow,India,Digital,Android,1,0,0,19,Sunday,2026-04,0,0,-0.05117680656070778
TXN102392,2026-01-14 20:45:10,2026-01-14,1391.8,Fashion,Bank Transfer,Delhi,India,Digital,iOS,0,0,0,20,Wednesday,2026-01,0,0,-0.2546675231746822
TXN102393,2026-03-06 00:57:23,2026-03-06,823.15,Online Services,ATM,Hyderabad,India,ATM,Android,1,1,0,0,Friday,2026-03,1,1,0.06055597467149876
TXN102394,2026-04-20 05:56:35,2026-04-20,1314.22,Fashion,Online,Pune,India,Digital,Windows,0,0,0,5,Monday,2026-04,1,0,-0.21376003969529295
TXN102395,2026-03-21 02:58:45,2026-03-21,1143.0,Food & Dining,POS,Kolkata,India,In-Store,MacOS,0,0,0,2,Saturday,2026-03,1,0,-0.22236155587935325
TXN102396,2026-02-23 09:17:41,2026-02-23,3129.45,Electronics,Online,Kolkata,India,Digital,iOS,0,0,0,9,Monday,2026-02,0,0,-0.21231961845710384
TXN102397,2026-05-05 11:25:15,2026-05-05,2283.72,Healthcare,POS,Kolkata,India,In-Store,iOS,0,1,0,11,Tuesday,2026-05,0,0,-0.16079781119161457
TXN102398,2026-06-29 23:15:32,2026-06-29,1775.42,Food & Dining,Online,Hyderabad,India,Digital,MacOS,0,0,0,23,Monday,2026-06,1,0,-0.20830320332705665
TXN102399,2026-05-11 22:09:50,2026-05-11,635.13,Utilities,ATM,Chennai,India,ATM,Windows,0,0,0,22,Monday,2026-05,0,0,-0.2476053036320363
TXN102400,2026-06-18 22:05:57,2026-06-18,1317.07,Utilities,Mobile Wallet,Bengaluru,India,Mobile,MacOS,0,0,0,22,Thursday,2026-06,0,0,-0.25969395730272693
TXN102401,2026-05-14 19:47:40,2026-05-14,670.26,Electronics,Online,Mumbai,India,Digital,Android,0,0,0,19,Thursday,2026-05,0,0,-0.24555860490079617
TXN102402,2026-01-25 07:58:10,2026-01-25,2930.05,Healthcare,POS,Ahmedabad,India,In-Store,iOS,0,1,0,7,Sunday,2026-01,0,0,-0.1346438240148513
TXN102403,2026-05-21 00:23:27,2026-05-21,618.94,Utilities,ATM,Lucknow,India,ATM,iOS,0,0,0,0,Thursday,2026-05,1,0,-0.1937992706658695
TXN102404,2026-04-27 20:26:08,2026-04-27,984.75,Fashion,Mobile Wallet,Kolkata,India,Mobile,iOS,0,0,0,20,Monday,2026-04,0,0,-0.25522333882972914
TXN102405,2026-05-16 16:16:00,2026-05-16,459.71,Electronics,POS,Jaipur,India,In-Store,MacOS,0,0,0,16,Saturday,2026-05,0,0,-0.23027517888470816
TXN102406,2026-05-29 13:09:00,2026-05-29,736.19,Grocery,POS,Lucknow,India,In-Store,Android,0,0,0,13,Friday,2026-05,0,0,-0.25155251840206333
TXN102407,2026-01-25 04:56:34,2026-01-25,729.57,Food & Dining,POS,Hyderabad,India,In-Store,MacOS,0,0,0,4,Sunday,2026-01,1,0,-0.20556176660807862
TXN102408,2026-03-20 05:31:21,2026-03-20,970.51,Fashion,Online,Chennai,India,Digital,iOS,0,0,0,5,Friday,2026-03,1,0,-0.21957777639801057
TXN102409,2026-03-09 23:58:12,2026-03-09,533.95,Food & Dining,Online,Chennai,India,Digital,iOS,0,1,0,23,Monday,2026-03,1,0,-0.07734757300723205
TXN102410,2026-06-22 13:48:23,2026-06-22,2900.11,Electronics,POS,Kolkata,India,In-Store,Android,0,0,0,13,Monday,2026-06,0,0,-0.21767035223112308
TXN102411,2026-01-12 12:19:14,2026-01-12,944.21,Online Services,Online,Jaipur,India,Digital,iOS,0,0,0,12,Monday,2026-01,0,0,-0.25920170747763077
TXN102412,2026-02-01 21:47:42,2026-02-01,715.59,Travel,POS,Ahmedabad,India,In-Store,Windows,0,0,0,21,Sunday,2026-02,0,0,-0.24836915974858464
TXN102413,2026-05-08 03:59:50,2026-05-08,2029.92,Electronics,POS,Kolkata,India,In-Store,iOS,0,0,0,3,Friday,2026-05,1,0,-0.19740865118954537
TXN102414,2026-04-06 07:35:07,2026-04-06,6185.23,Food & Dining,POS,Mumbai,India,In-Store,Windows,0,1,0,7,Monday,2026-04,0,0,-0.05568353097322387
TXN102415,2026-04-02 06:48:22,2026-04-02,793.63,Food & Dining,Online,Lucknow,India,Digital,Android,0,1,0,6,Thursday,2026-04,0,0,-0.18739321508537032
TXN102416,2026-05-21 06:14:46,2026-05-21,901.33,Electronics,Mobile Wallet,Pune,India,Mobile,Android,0,0,0,6,Thursday,2026-05,0,0,-0.25933411202667117
TXN102417,2026-01-31 10:37:38,2026-01-31,607.51,Travel,Mobile Wallet,Lucknow,India,Mobile,Android,0,0,0,10,Saturday,2026-01,0,0,-0.24338538644677865
TXN102418,2026-03-19 16:01:56,2026-03-19,1862.4,Electronics,Online,Jaipur,India,Digital,Windows,0,0,0,16,Thursday,2026-03,0,0,-0.2523196567645809
TXN102419,2026-01-20 22:38:14,2026-01-20,2355.0,Healthcare,POS,Kolkata,India,In-Store,Windows,0,0,0,22,Tuesday,2026-01,0,0,-0.238868221323024
TXN102420,2026-05-26 22:59:28,2026-05-26,1056.69,Utilities,ATM,Mumbai,India,ATM,Windows,0,0,1,22,Tuesday,2026-05,0,0,-0.259707964499478
TXN102421,2026-03-01 02:59:08,2026-03-01,772.25,Food & Dining,Online,Jaipur,India,Digital,Android,0,0,0,2,Sunday,2026-03,1,0,-0.20946410815284988
TXN102422,2026-05-14 17:26:25,2026-05-14,1681.04,Healthcare,POS,Bengaluru,India,In-Store,iOS,0,0,0,17,Thursday,2026-05,0,0,-0.2551002885162036
TXN102423,2026-06-09 21:07:30,2026-06-09,1981.75,Healthcare,Online,Jaipur,India,Digital,Android,0,0,0,21,Tuesday,2026-06,0,0,-0.24764753654695754
TXN102424,2026-04-03 06:18:58,2026-04-03,3801.82,Electronics,Mobile Wallet,Hyderabad,India,Mobile,Windows,0,0,0,6,Friday,2026-04,0,0,-0.1897112158645406
TXN102425,2026-02-12 20:37:11,2026-02-12,688.13,Jewelry,Mobile Wallet,Jaipur,India,Mobile,iOS,0,0,0,20,Thursday,2026-02,0,0,-0.24595930101804414
TXN102426,2026-05-10 20:26:46,2026-05-10,2168.67,Utilities,ATM,Ahmedabad,India,ATM,Windows,0,1,0,20,Sunday,2026-05,0,0,-0.1634284704765005
TXN102427,2026-03-01 11:34:22,2026-03-01,1193.48,Electronics,POS,Kolkata,India,In-Store,Android,0,0,0,11,Sunday,2026-03,0,0,-0.26136823403558834
TXN102428,2026-05-31 22:50:34,2026-05-31,273.85,Electronics,Mobile Wallet,Hyderabad,India,Mobile,Android,0,0,0,22,Sunday,2026-05,0,0,-0.16388798359079343
TXN102429,2026-01-31 04:12:03,2026-01-31,3706.2,Grocery,Mobile Wallet,Jaipur,India,Mobile,Windows,0,0,0,4,Saturday,2026-01,1,0,-0.13023518570932102
TXN102430,2026-01-05 07:06:56,2026-01-05,1391.29,Electronics,Mobile Wallet,Hyderabad,India,Mobile,Android,0,0,0,7,Monday,2026-01,0,0,-0.2546675231746822
TXN102431,2026-06-11 03:06:22,2026-06-11,1781.91,Healthcare,Online,Mumbai,India,Digital,Android,0,1,0,3,Thursday,2026-06,1,0,-0.11038708314839663
TXN102432,2026-01-10 17:13:33,2026-01-10,2338.01,Food & Dining,Online,Pune,India,Digital,Windows,0,1,0,17,Saturday,2026-01,0,0,-0.15962852414765644
TXN102433,2026-03-30 08:42:11,2026-03-30,1766.66,Utilities,Bank Transfer,Hyderabad,India,Digital,Android,0,0,0,8,Monday,2026-03,0,0,-0.2536019259184483
TXN102434,2026-05-10 12:48:18,2026-05-10,505.93,Healthcare,POS,Lucknow,India,In-Store,Android,0,1,0,12,Sunday,2026-05,0,0,-0.155148183576224
TXN102435,2026-05-06 07:15:28,2026-05-06,1881.35,Entertainment,Online,Bengaluru,India,Digital,Windows,0,0,0,7,Wednesday,2026-05,0,0,-0.2523261056883771
TXN102436,2026-01-11 08:45:56,2026-01-11,1631.58,Healthcare,Online,Chennai,India,Digital,MacOS,0,1,0,8,Sunday,2026-01,0,0,-0.17909136842790008
TXN102437,2026-06-27 06:04:36,2026-06-27,288.34,Grocery,Mobile Wallet,Bengaluru,India,Mobile,Windows,0,0,0,6,Saturday,2026-06,0,0,-0.17143063955459298
TXN102438,2026-06-08 02:29:09,2026-06-08,4158.17,Travel,Mobile Wallet,Jaipur,India,Mobile,Android,0,0,0,2,Monday,2026-06,1,0,-0.10555970789355351
TXN102439,2026-02-25 14:26:02,2026-02-25,810.9,Entertainment,POS,Pune,India,In-Store,Windows,0,0,0,14,Wednesday,2026-02,0,0,-0.25580428479782014
TXN102440,2026-03-24 19:46:46,2026-03-24,2431.96,Grocery,Mobile Wallet,Bengaluru,India,Mobile,iOS,0,0,0,19,Tuesday,2026-03,0,0,-0.23752004359640339
TXN102441,2026-05-17 06:41:39,2026-05-17,838.15,Grocery,ATM,Chennai,India,ATM,Windows,0,1,0,6,Sunday,2026-05,0,0,-0.18752651840363083
TXN102442,2026-04-09 03:31:56,2026-04-09,715.82,Online Services,Bank Transfer,Ahmedabad,India,Digital,Android,0,0,0,3,Thursday,2026-04,1,0,-0.2060631236764222
TXN102443,2026-05-29 14:36:51,2026-05-29,1029.53,Healthcare,POS,Ahmedabad,India,In-Store,Android,0,0,0,14,Friday,2026-05,0,0,-0.25576932937661195
TXN102444,2026-03-14 10:48:05,2026-03-14,5987.2,Travel,Online,Pune,India,Digital,MacOS,1,0,0,10,Saturday,2026-03,0,1,0.023849281110749132
TXN102445,2026-06-05 14:45:44,2026-06-05,5488.2,Healthcare,POS,Chennai,India,In-Store,MacOS,0,0,0,14,Friday,2026-06,0,0,-0.12080650715274643
TXN102446,2026-04-25 18:07:00,2026-04-25,715.07,Utilities,POS,Chennai,India,In-Store,Android,0,1,0,18,Saturday,2026-04,0,0,-0.18374386374824064
TXN102447,2026-01-07 02:10:37,2026-01-07,2974.63,Travel,POS,Mumbai,India,In-Store,Android,0,1,0,2,Wednesday,2026-01,1,0,-0.06679862741623743
TXN102448,2026-03-21 13:42:35,2026-03-21,1117.33,Grocery,Online,Delhi,India,Digital,MacOS,0,0,0,13,Saturday,2026-03,0,0,-0.2606218512088001
TXN102449,2026-05-24 13:08:19,2026-05-24,5511.83,Jewelry,Mobile Wallet,Hyderabad,India,Mobile,Android,0,0,0,13,Sunday,2026-05,0,0,-0.11944356480510299
TXN102450,2026-04-07 05:19:19,2026-04-07,2758.1,Fashion,Online,Pune,India,Digital,Android,0,0,0,5,Tuesday,2026-04,1,0,-0.17150293604920558
TXN102451,2026-01-04 14:10:12,2026-01-04,1370.93,Grocery,Online,Kolkata,India,Digital,Android,0,0,0,14,Sunday,2026-01,0,0,-0.2565680717377821
TXN102452,2026-01-04 16:28:25,2026-01-04,1170.41,Food & Dining,POS,Mumbai,India,In-Store,Android,1,0,0,16,Sunday,2026-01,0,0,-0.06178349293667573
TXN102453,2026-04-13 04:45:06,2026-04-13,1784.18,Utilities,POS,Ahmedabad,India,In-Store,Android,0,0,0,4,Monday,2026-04,1,0,-0.20694073826718484
TXN102454,2026-02-09 16:08:43,2026-02-09,1614.54,Electronics,POS,Mumbai,India,In-Store,MacOS,0,0,0,16,Monday,2026-02,0,0,-0.253637843762089
TXN102455,2026-01-17 02:25:20,2026-01-17,453.91,Travel,Bank Transfer,Jaipur,India,Digital,Android,0,0,0,2,Saturday,2026-01,1,0,-0.17605494081383727
TXN102456,2026-04-11 10:27:41,2026-04-11,1294.98,Travel,POS,Hyderabad,India,In-Store,Android,0,2,0,10,Saturday,2026-04,0,0,-0.016077006935009908
TXN102457,2026-04-13 05:52:00,2026-04-13,651.09,Jewelry,ATM,Kolkata,India,ATM,Android,0,1,0,5,Monday,2026-04,1,0,-0.0917392176080778
TXN102458,2026-05-04 05:29:50,2026-05-04,717.84,Electronics,Bank Transfer,Pune,India,Digital,Android,0,1,1,5,Monday,2026-05,1,0,-0.09936509288034012
TXN102459,2026-02-21 16:17:35,2026-02-21,2674.83,Food & Dining,Online,Jaipur,India,Digital,iOS,0,1,0,16,Saturday,2026-02,0,0,-0.14220101692813925
TXN102460,2026-02-21 16:34:03,2026-02-21,1290.78,Online Services,ATM,Delhi,India,ATM,MacOS,0,1,0,16,Saturday,2026-02,0,0,-0.18382230175856246
TXN102461,2026-06-13 13:09:34,2026-06-13,762.33,Electronics,Mobile Wallet,Kolkata,India,Mobile,Android,0,0,0,13,Saturday,2026-06,0,0,-0.25235510941143496
TXN102462,2026-05-04 11:55:07,2026-05-04,415.92,Jewelry,Online,Chennai,India,Digital,MacOS,0,0,0,11,Monday,2026-05,0,0,-0.21466699950094342
TXN102463,2026-06-15 13:54:31,2026-06-15,589.43,Jewelry,POS,Kolkata,India,In-Store,iOS,0,1,0,13,Monday,2026-06,0,0,-0.17032747792553
TXN102464,2026-06-27 09:40:12,2026-06-27,1045.7,Online Services,Mobile Wallet,Mumbai,India,Mobile,iOS,0,1,0,9,Saturday,2026-06,0,0,-0.18122815104277334
TXN102465,2026-03-04 13:46:10,2026-03-04,4224.63,Electronics,POS,Lucknow,India,In-Store,Android,0,0,0,13,Wednesday,2026-03,0,0,-0.17346161688735978
TXN102466,2026-04-26 14:08:21,2026-04-26,473.78,Entertainment,POS,Jaipur,India,In-Store,Android,0,0,0,14,Sunday,2026-04,0,0,-0.23267237991494988
TXN102467,2026-03-03 16:43:06,2026-03-03,1388.27,Utilities,Mobile Wallet,Mumbai,India,Mobile,Android,0,0,0,16,Tuesday,2026-03,0,0,-0.25456541339098354
TXN102468,2026-01-07 13:57:31,2026-01-07,1518.83,Jewelry,Online,Chennai,India,Digital,iOS,0,0,0,13,Wednesday,2026-01,0,0,-0.2528492995220091
TXN102469,2026-06-04 18:06:11,2026-06-04,2916.42,Electronics,Online,Ahmedabad,India,Digital,Android,0,0,0,18,Thursday,2026-06,0,0,-0.2171365307481392
TXN102470,2026-04-02 10:02:40,2026-04-02,1211.85,Utilities,Mobile Wallet,Mumbai,India,Mobile,iOS,1,0,0,10,Thursday,2026-04,0,0,-0.06039348954056889
TXN102471,2026-01-14 05:19:16,2026-01-14,1519.87,Fashion,Mobile Wallet,Kolkata,India,Mobile,Windows,0,0,0,5,Wednesday,2026-01,1,0,-0.20893459909197992
TXN102472,2026-03-27 21:10:08,2026-03-27,2823.35,Electronics,POS,Delhi,India,In-Store,iOS,0,0,0,21,Friday,2026-03,0,0,-0.22173391297335215
TXN102473,2026-05-13 22:13:00,2026-05-13,588.95,Fashion,POS,Kolkata,India,In-Store,Android,0,1,0,22,Wednesday,2026-05,0,0,-0.17032747792553
TXN102474,2026-05-10 20:05:20,2026-05-10,2065.16,Utilities,Mobile Wallet,Kolkata,India,Mobile,Android,1,0,0,20,Sunday,2026-05,0,0,-0.03631450240670164
TXN102475,2026-03-03 04:58:49,2026-03-03,359.54,Food & Dining,Bank Transfer,Jaipur,India,Digital,Windows,0,0,0,4,Tuesday,2026-03,1,0,-0.14030149107933654
TXN102476,2026-05-29 18:30:06,2026-05-29,1154.42,Food & Dining,Online,Pune,India,Digital,Android,0,1,1,18,Friday,2026-05,0,0,-0.1839656850031483
TXN102477,2026-03-20 17:22:39,2026-03-20,906.98,Jewelry,Online,Hyderabad,India,Digital,Android,0,0,0,17,Friday,2026-03,0,0,-0.2582508044267787
TXN102478,2026-05-29 15:03:25,2026-05-29,615.43,Fashion,POS,Kolkata,India,In-Store,Android,0,0,0,15,Friday,2026-05,0,0,-0.2473259806567213
TXN102479,2026-05-18 19:01:15,2026-05-18,2387.29,Entertainment,Mobile Wallet,Kolkata,India,Mobile,iOS,0,1,0,19,Monday,2026-05,0,0,-0.1571512414201096
TXN102480,2026-02-27 17:52:21,2026-02-27,2496.91,Fashion,Mobile Wallet,Hyderabad,India,Mobile,Android,0,0,0,17,Friday,2026-02,0,0,-0.23383087049891282
TXN102481,2026-04-30 11:54:23,2026-04-30,2579.17,Fashion,Mobile Wallet,Delhi,India,Mobile,iOS,0,0,0,11,Thursday,2026-04,0,0,-0.2305742018139269
TXN102482,2026-06-16 22:43:57,2026-06-16,1485.92,Healthcare,Mobile Wallet,Jaipur,India,Mobile,iOS,0,1,0,22,Tuesday,2026-06,0,0,-0.17758183521253673
TXN102483,2026-05-13 18:10:39,2026-05-13,409.09,Jewelry,ATM,Ahmedabad,India,ATM,iOS,0,0,1,18,Wednesday,2026-05,0,0,-0.2131225452847479
TXN102484,2026-03-06 01:59:54,2026-03-06,842.88,Food & Dining,POS,Chennai,India,In-Store,Windows,0,0,0,1,Friday,2026-03,1,0,-0.20505858271168947
TXN102485,2026-01-13 19:49:47,2026-01-13,2452.11,Utilities,Bank Transfer,Chennai,India,Digital,Windows,0,1,0,19,Tuesday,2026-01,0,0,-0.15534441021118855
TXN102486,2026-06-30 22:45:14,2026-06-30,2426.37,Grocery,Bank Transfer,Mumbai,India,Digital,iOS,0,0,0,22,Tuesday,2026-06,0,0,-0.23820538130184532
TXN102487,2026-03-23 18:23:34,2026-03-23,2856.51,Electronics,POS,Jaipur,India,In-Store,Android,0,0,0,18,Monday,2026-03,0,0,-0.2198203986837292
TXN102488,2026-06-22 08:16:17,2026-06-22,1409.9,Food & Dining,Online,Lucknow,India,Digital,Android,0,0,0,8,Monday,2026-06,0,0,-0.2559935652654368
TXN102489,2026-06-09 07:16:23,2026-06-09,948.1,Grocery,Mobile Wallet,Ahmedabad,India,Mobile,Windows,0,0,0,7,Tuesday,2026-06,0,0,-0.2576263149016096
TXN102490,2026-06-13 07:37:25,2026-06-13,227.61,Travel,POS,Chennai,India,In-Store,Android,0,0,0,7,Saturday,2026-06,0,0,-0.121028042467212
TXN102491,2026-05-19 18:37:18,2026-05-19,2186.63,Food & Dining,POS,Lucknow,India,In-Store,iOS,0,1,0,18,Tuesday,2026-05,0,0,-0.1631174666150773
TXN102492,2026-05-29 04:29:58,2026-05-29,1013.01,Grocery,ATM,Pune,India,ATM,Android,0,0,0,4,Friday,2026-05,1,0,-0.22195875202459114
TXN102493,2026-02-21 05:56:51,2026-02-21,402.21,Travel,Bank Transfer,Lucknow,India,Digital,Android,0,1,0,5,Saturday,2026-02,1,0,-0.06114900629706199
TXN102494,2026-04-27 14:02:57,2026-04-27,2018.65,Food & Dining,Online,Lucknow,India,Digital,Android,0,0,0,14,Monday,2026-04,0,0,-0.2480370265412819
TXN102495,2026-01-26 04:24:27,2026-01-26,3414.01,Food & Dining,Mobile Wallet,Ahmedabad,India,Mobile,Android,1,0,0,4,Monday,2026-01,1,1,0.03872403305498684
TXN102496,2026-02-03 17:21:41,2026-02-03,2194.73,Online Services,Online,Pune,India,Digital,Android,0,1,0,17,Tuesday,2026-02,0,0,-0.1631174666150773
TXN102497,2026-02-21 03:57:46,2026-02-21,1881.71,Entertainment,Online,Lucknow,India,Digital,iOS,0,0,0,3,Saturday,2026-02,1,0,-0.19790246764282188
TXN102498,2026-04-22 10:57:02,2026-04-22,2313.98,Fashion,POS,Hyderabad,India,In-Store,Windows,0,0,0,10,Wednesday,2026-04,0,0,-0.2405623586945465
TXN102499,2026-03-23 09:46:48,2026-03-23,123.41,Jewelry,Bank Transfer,Bengaluru,India,Digital,Android,0,0,0,9,Monday,2026-03,0,0,-0.037233345765894654
TXN102500,2026-06-29 08:40:13,2026-06-29,4345.64,Utilities,Mobile Wallet,Kolkata,India,Mobile,iOS,0,1,0,8,Monday,2026-06,0,0,-0.09403587046042072
TXN102501,2026-06-06 02:02:47,2026-06-06,582.08,Electronics,Bank Transfer,Delhi,India,Digital,Android,0,1,0,2,Saturday,2026-06,1,0,-0.0835295534112096
TXN102502,2026-06-15 21:57:06,2026-06-15,624.41,Electronics,Mobile Wallet,Kolkata,India,Mobile,Android,0,0,0,21,Monday,2026-06,0,0,-0.24653546095836826
TXN102503,2026-02-11 09:49:22,2026-02-11,752.29,Healthcare,Online,Mumbai,India,Digital,Android,0,0,0,9,Wednesday,2026-02,0,0,-0.2516910813162089
TXN102504,2026-01-21 14:19:48,2026-01-21,824.34,Food & Dining,Online,Lucknow,India,Digital,Android,0,0,0,14,Wednesday,2026-01,0,0,-0.2562156178778524
TXN102505,2026-02-11 10:38:05,2026-02-11,3642.14,Utilities,POS,Chennai,India,In-Store,Windows,0,2,0,10,Wednesday,2026-02,0,1,0.013760756165293375
TXN102506,2026-05-21 20:45:55,2026-05-21,1694.37,Healthcare,Online,Jaipur,India,Digital,iOS,1,0,0,20,Thursday,2026-05,0,0,-0.04702750991539173
TXN102507,2026-04-23 19:57:26,2026-04-23,637.27,Entertainment,Bank Transfer,Mumbai,India,Digital,Windows,0,0,0,19,Thursday,2026-04,0,0,-0.247799224501412
TXN102508,2026-04-15 10:05:07,2026-04-15,719.3,Jewelry,Bank Transfer,Ahmedabad,India,Digital,Android,0,1,0,10,Wednesday,2026-04,0,0,-0.18405775862570978
TXN102509,2026-01-17 22:18:00,2026-01-17,8066.67,Food & Dining,Mobile Wallet,Jaipur,India,Mobile,Windows,0,0,0,22,Saturday,2026-01,0,0,-0.051090311254837206
TXN102510,2026-04-30 05:31:07,2026-04-30,1454.52,Grocery,Online,Jaipur,India,Digital,Android,0,0,0,5,Thursday,2026-04,1,0,-0.2097269495892698
TXN102511,2026-05-17 15:42:03,2026-05-17,776.3,Utilities,POS,Ahmedabad,India,In-Store,Windows,0,0,0,15,Sunday,2026-05,0,0,-0.25310937465338795
TXN102512,2026-06-18 23:22:41,2026-06-18,299.62,Travel,POS,Hyderabad,India,In-Store,iOS,0,1,0,23,Thursday,2026-06,1,0,-0.042129688263872644
TXN102513,2026-05-09 01:46:18,2026-05-09,286.99,Utilities,Online,Kolkata,India,Digital,Windows,0,1,0,1,Saturday,2026-05,1,0,-0.04022794452282852
TXN102514,2026-05-10 23:31:25,2026-05-10,448.76,Jewelry,ATM,Mumbai,India,ATM,Android,0,0,0,23,Sunday,2026-05,1,0,-0.17442926024437527
TXN102515,2026-03-01 21:22:38,2026-03-01,1184.02,Healthcare,POS,Kolkata,India,In-Store,iOS,0,1,0,21,Sunday,2026-03,0,0,-0.18352869889226242
TXN102516,2026-02-17 07:45:26,2026-02-17,2663.86,Entertainment,POS,Pune,India,In-Store,Windows,0,0,1,7,Tuesday,2026-02,0,0,-0.22834474777467106
TXN102517,2026-01-29 03:39:40,2026-01-29,1795.18,Food & Dining,POS,Chennai,India,In-Store,iOS,1,1,0,3,Thursday,2026-01,1,1,0.05583398957611796
TXN102518,2026-04-07 10:15:31,2026-04-07,2805.25,Fashion,Online,Mumbai,India,Digital,iOS,0,0,0,10,Tuesday,2026-04,0,0,-0.22323126309493907
TXN102519,2026-01-10 06:40:14,2026-01-10,1724.37,Fashion,POS,Ahmedabad,India,In-Store,Windows,0,0,0,6,Saturday,2026-01,0,0,-0.25400697852338633
TXN102520,2026-02-27 22:11:12,2026-02-27,411.3,Entertainment,POS,Lucknow,India,In-Store,Android,0,0,1,22,Friday,2026-02,0,0,-0.21464110534821068
TXN102521,2026-01-21 16:15:02,2026-01-21,1540.53,Utilities,Online,Mumbai,India,Digital,iOS,0,2,0,16,Wednesday,2026-01,0,0,-0.014095075733070006
TXN102522,2026-01-28 01:31:10,2026-01-28,1594.15,Healthcare,POS,Mumbai,India,In-Store,Windows,1,0,0,1,Wednesday,2026-01,1,1,0.017083573178705347
TXN102523,2026-02-03 04:09:13,2026-02-03,996.17,Electronics,Online,Bengaluru,India,Digital,Windows,0,0,0,4,Tuesday,2026-02,1,0,-0.22005929871565444
TXN102524,2026-01-08 10:41:47,2026-01-08,858.53,Food & Dining,POS,Ahmedabad,India,In-Store,Android,0,0,0,10,Thursday,2026-01,0,0,-0.2575775422981263
TXN102525,2026-06-26 01:48:43,2026-06-26,973.98,Utilities,Online,Ahmedabad,India,Digital,Windows,0,0,0,1,Friday,2026-06,1,0,-0.22015048620184124
TXN102526,2026-03-20 15:53:10,2026-03-20,318.26,Food & Dining,POS,Kolkata,India,In-Store,Android,0,0,0,15,Friday,2026-03,0,0,-0.1831210572981643
TXN102527,2026-05-25 13:16:01,2026-05-25,377.76,Food & Dining,Bank Transfer,Chennai,India,Digital,Windows,0,0,0,13,Monday,2026-05,0,0,-0.2001590560259403
TXN102528,2026-03-28 08:39:29,2026-03-28,8378.4,Utilities,ATM,Ahmedabad,India,ATM,Android,0,0,0,8,Saturday,2026-03,0,0,-0.043718236949441436
TXN102529,2026-03-29 12:40:41,2026-03-29,402.95,Entertainment,Bank Transfer,Delhi,India,Digital,iOS,1,1,0,12,Sunday,2026-03,0,1,0.04451610489772395
TXN102530,2026-06-22 06:23:10,2026-06-22,1128.56,Fashion,POS,Ahmedabad,India,In-Store,Android,0,0,0,6,Monday,2026-06,0,0,-0.26116076042459013
TXN102531,2026-03-10 08:14:21,2026-03-10,616.3,Online Services,POS,Delhi,India,In-Store,Windows,0,0,0,8,Tuesday,2026-03,0,0,-0.24790520482868428
TXN102532,2026-06-09 03:43:39,2026-06-09,1583.36,Electronics,Bank Transfer,Lucknow,India,Digital,iOS,0,0,0,3,Tuesday,2026-06,1,0,-0.20823286589952827
TXN102533,2026-06-21 04:00:57,2026-06-21,1718.06,Jewelry,POS,Chennai,India,In-Store,Windows,0,0,0,4,Sunday,2026-06,1,0,-0.20751062867115855
TXN102534,2026-03-28 18:46:40,2026-03-28,483.4,Grocery,Bank Transfer,Hyderabad,India,Digital,iOS,0,2,0,18,Saturday,2026-03,0,1,0.0038648162185420665
TXN102535,2026-04-11 21:08:22,2026-04-11,1184.72,Grocery,POS,Mumbai,India,In-Store,Windows,0,1,0,21,Saturday,2026-04,0,0,-0.18352869889226242
TXN102536,2026-01-08 09:11:25,2026-01-08,709.33,Online Services,POS,Chennai,India,In-Store,iOS,0,0,0,9,Thursday,2026-01,0,0,-0.2467641005497097
TXN102537,2026-03-18 14:04:14,2026-03-18,2747.44,Travel,Bank Transfer,Kolkata,India,Digital,Windows,0,0,0,14,Wednesday,2026-03,0,0,-0.22769306867977246
TXN102538,2026-03-28 01:42:10,2026-03-28,867.31,Healthcare,Online,Mumbai,India,Digital,Windows,0,0,0,1,Saturday,2026-03,1,0,-0.2064859441646804
TXN102539,2026-02-12 00:34:02,2026-02-12,629.4,Utilities,POS,Delhi,India,In-Store,Android,0,0,0,0,Thursday,2026-02,1,0,-0.19289738150925778
TXN102540,2026-05-09 19:28:54,2026-05-09,652.42,Online Services,Online,Jaipur,India,Digital,iOS,0,1,0,19,Saturday,2026-05,0,0,-0.1789326075284165
TXN102541,2026-04-19 11:56:22,2026-04-19,188.8,Jewelry,POS,Chennai,India,In-Store,Windows,0,0,0,11,Sunday,2026-04,0,0,-0.09333578273530152
TXN102542,2026-06-28 18:06:25,2026-06-28,918.53,Travel,Online,Kolkata,India,Digital,Windows,0,0,0,18,Sunday,2026-06,0,0,-0.2592117163059741
TXN102543,2026-06-01 09:17:57,2026-06-01,1031.58,Healthcare,ATM,Delhi,India,ATM,Android,0,0,0,9,Monday,2026-06,0,0,-0.256409835748081
TXN102544,2026-06-01 14:38:29,2026-06-01,355.39,Grocery,Bank Transfer,Kolkata,India,Digital,Android,0,0,0,14,Monday,2026-06,0,0,-0.19514459510946114
TXN102545,2026-01-17 07:58:36,2026-01-17,837.68,Fashion,Bank Transfer,Kolkata,India,Digital,iOS,0,0,1,7,Saturday,2026-01,0,0,-0.258483173780942
TXN102546,2026-05-13 21:42:17,2026-05-13,894.08,Online Services,POS,Kolkata,India,In-Store,Windows,0,0,0,21,Wednesday,2026-05,0,0,-0.260505724815652
TXN102547,2026-05-28 10:00:18,2026-05-28,248.94,Fashion,Mobile Wallet,Chennai,India,Mobile,Android,0,0,0,10,Thursday,2026-05,0,0,-0.144779215306458
TXN102548,2026-01-21 02:14:21,2026-01-21,591.57,Entertainment,ATM,Jaipur,India,ATM,Android,0,0,0,2,Wednesday,2026-01,1,0,-0.19619444090245636
TXN102549,2026-02-27 02:23:29,2026-02-27,576.85,Food & Dining,POS,Delhi,India,In-Store,Windows,0,0,0,2,Friday,2026-02,1,0,-0.19516163118158836
TXN102550,2026-06-08 09:49:31,2026-06-08,1266.22,Entertainment,Mobile Wallet,Hyderabad,India,Mobile,iOS,0,0,0,9,Monday,2026-06,0,0,-0.2603594436420933
TXN102551,2026-04-20 23:03:41,2026-04-20,2969.59,Jewelry,Bank Transfer,Delhi,India,Digital,iOS,0,0,0,23,Monday,2026-04,1,0,-0.16042809437895222
TXN102552,2026-05-19 05:46:45,2026-05-19,1138.85,Grocery,Bank Transfer,Ahmedabad,India,Digital,Windows,0,0,0,5,Tuesday,2026-05,1,0,-0.2225054679737009
TXN102553,2026-06-29 02:10:57,2026-06-29,2772.96,Food & Dining,Online,Mumbai,India,Digital,Windows,0,0,0,2,Monday,2026-06,1,0,-0.17086508335639355
TXN102554,2026-05-23 03:13:40,2026-05-23,917.84,Online Services,POS,Jaipur,India,In-Store,Windows,0,0,0,3,Saturday,2026-05,1,0,-0.21451330478612435
TXN102555,2026-05-15 02:16:17,2026-05-15,1475.86,Food & Dining,Mobile Wallet,Chennai,India,Mobile,iOS,0,0,0,2,Friday,2026-05,1,0,-0.20904969527115308
TXN102556,2026-01-28 08:21:51,2026-01-28,1156.83,Grocery,POS,Bengaluru,India,In-Store,Android,0,0,0,8,Wednesday,2026-01,0,0,-0.2593234216566689
TXN102557,2026-02-20 23:23:01,2026-02-20,7548.85,Food & Dining,Bank Transfer,Hyderabad,India,Digital,iOS,0,2,0,23,Friday,2026-02,1,1,0.08693934710813367
TXN102558,2026-01-05 03:17:06,2026-01-05,970.8,Fashion,ATM,Mumbai,India,ATM,MacOS,0,0,0,3,Monday,2026-01,1,0,-0.21957777639801057
TXN102559,2026-01-05 03:51:30,2026-01-05,2050.8,Electronics,Mobile Wallet,Bengaluru,India,Mobile,Android,0,0,0,3,Monday,2026-01,1,0,-0.1961710544378798
TXN102560,2026-04-04 22:53:48,2026-04-04,1289.72,Online Services,Online,Ahmedabad,India,Digital,Android,0,0,0,22,Saturday,2026-04,0,0,-0.2602979466277109
TXN102561,2026-04-06 16:07:11,2026-04-06,2698.61,Food & Dining,ATM,Delhi,India,ATM,Windows,0,0,0,16,Monday,2026-04,0,0,-0.22826997349404687
TXN102562,2026-01-08 20:50:20,2026-01-08,1818.41,Jewelry,Online,Delhi,India,Digital,Android,0,0,0,20,Thursday,2026-01,0,0,-0.2521434365261895
TXN102563,2026-03-05 01:31:35,2026-03-05,1440.28,Utilities,Bank Transfer,Jaipur,India,Digital,Windows,0,0,0,1,Thursday,2026-03,1,0,-0.20917100090235397
TXN102564,2026-05-18 07:54:41,2026-05-18,439.96,Healthcare,Bank Transfer,Chennai,India,Digital,Android,0,0,0,7,Monday,2026-05,0,0,-0.22096705133498423
TXN102565,2026-02-07 03:07:47,2026-02-07,472.09,Grocery,Online,Chennai,India,Digital,Android,0,1,0,3,Saturday,2026-02,1,0,-0.07166594384832325
TXN102566,2026-04-21 01:52:23,2026-04-21,669.88,Fashion,Bank Transfer,Mumbai,India,Digital,iOS,0,0,0,1,Tuesday,2026-04,1,0,-0.19655329133883032
TXN102567,2026-04-22 15:13:20,2026-04-22,867.82,Electronics,POS,Pune,India,In-Store,Android,0,1,0,15,Wednesday,2026-04,0,0,-0.18501798718445045
TXN102568,2026-03-22 13:32:53,2026-03-22,1198.61,Online Services,Online,Ahmedabad,India,Digital,iOS,0,1,0,13,Sunday,2026-03,0,0,-0.1834732955145228
TXN102569,2026-05-16 15:50:42,2026-05-16,671.16,Electronics,POS,Pune,India,In-Store,MacOS,0,2,0,15,Saturday,2026-05,0,0,-0.011015989769056711
TXN102570,2026-04-14 13:44:36,2026-04-14,225.48,Travel,Online,Kolkata,India,Digital,Android,0,1,0,13,Tuesday,2026-04,0,0,-0.055209056394542766
TXN102571,2026-06-02 07:55:52,2026-06-02,2494.64,Food & Dining,POS,Hyderabad,India,In-Store,MacOS,0,0,0,7,Tuesday,2026-06,0,0,-0.23392109393033506
TXN102572,2026-03-14 18:07:22,2026-03-14,1568.45,Travel,POS,Delhi,India,In-Store,MacOS,0,0,0,18,Saturday,2026-03,0,0,-0.25423887697973346
TXN102573,2026-06-27 12:42:52,2026-06-27,1150.79,Electronics,Bank Transfer,Mumbai,India,Digital,Android,0,0,0,12,Saturday,2026-06,0,0,-0.25944235984207953
TXN102574,2026-02-18 12:08:50,2026-02-18,2990.17,Entertainment,Bank Transfer,Pune,India,Digital,iOS,0,0,0,12,Wednesday,2026-02,0,0,-0.21448326004039386
TXN102575,2026-02-05 08:02:28,2026-02-05,576.56,Grocery,ATM,Jaipur,India,ATM,MacOS,0,0,0,8,Thursday,2026-02,0,0,-0.24014537913136713
TXN102576,2026-05-06 21:11:51,2026-05-06,987.6,Grocery,Online,Lucknow,India,Digital,Android,0,1,0,21,Wednesday,2026-05,0,0,-0.18159101661868055
TXN102577,2026-03-09 19:11:33,2026-03-09,1245.93,Fashion,Mobile Wallet,Chennai,India,Mobile,iOS,0,1,0,19,Monday,2026-03,0,0,-0.18572943294408928
TXN102578,2026-03-19 19:12:03,2026-03-19,786.71,Healthcare,Bank Transfer,Delhi,India,Digital,iOS,0,0,0,19,Thursday,2026-03,0,0,-0.25356211761543995
TXN102579,2026-04-15 04:35:35,2026-04-15,580.26,Food & Dining,Online,Mumbai,India,Digital,Windows,0,0,0,4,Wednesday,2026-04,1,0,-0.1956208120946426
TXN102580,2026-06-18 18:28:10,2026-06-18,2207.94,Fashion,Bank Transfer,Bengaluru,India,Digital,Android,0,1,0,18,Thursday,2026-06,0,0,-0.16207496985624747
TXN102581,2026-05-02 12:56:02,2026-05-02,1376.37,Food & Dining,Online,Hyderabad,India,Digital,Android,0,0,0,12,Saturday,2026-05,0,0,-0.25666284947783385
TXN102582,2026-04-29 16:15:35,2026-04-29,1806.62,Fashion,ATM,Kolkata,India,ATM,Android,0,0,0,16,Wednesday,2026-04,0,0,-0.25177313019777525
TXN102583,2026-04-24 11:27:49,2026-04-24,567.42,Jewelry,POS,Jaipur,India,In-Store,Android,0,0,0,11,Friday,2026-04,0,0,-0.24024202824127278
TXN102584,2026-01-10 22:24:34,2026-01-10,2130.23,Grocery,POS,Ahmedabad,India,In-Store,Android,0,0,0,22,Saturday,2026-01,0,0,-0.24520508762205523
TXN102585,2026-05-29 11:47:42,2026-05-29,666.06,Healthcare,Mobile Wallet,Jaipur,India,Mobile,iOS,0,0,0,11,Friday,2026-05,0,0,-0.24575265877558128
TXN102586,2026-06-13 00:52:07,2026-06-13,1336.45,Online Services,POS,Kolkata,India,In-Store,Windows,1,0,0,0,Saturday,2026-06,1,1,0.016145175574233672
TXN102587,2026-05-20 06:25:47,2026-05-20,5343.68,Utilities,Online,Lucknow,India,Digital,Android,0,0,0,6,Wednesday,2026-05,0,0,-0.12474697706011106
TXN102588,2026-04-01 12:38:48,2026-04-01,2168.22,Electronics,Mobile Wallet,Ahmedabad,India,Mobile,iOS,0,0,0,12,Wednesday,2026-04,0,0,-0.2440769219707628
TXN102589,2026-01-02 21:24:55,2026-01-02,1438.53,Travel,Mobile Wallet,Ahmedabad,India,Mobile,Windows,0,0,0,21,Friday,2026-01,0,0,-0.25270137196137826
TXN102590,2026-04-28 19:08:51,2026-04-28,3230.51,Healthcare,Bank Transfer,Mumbai,India,Digital,iOS,0,0,0,19,Tuesday,2026-04,0,0,-0.20327685322841837
TXN102591,2026-01-13 18:26:21,2026-01-13,695.25,Grocery,POS,Jaipur,India,In-Store,iOS,0,0,0,18,Tuesday,2026-01,0,0,-0.24607724115839968
TXN102592,2026-06-30 17:42:29,2026-06-30,1623.79,Utilities,Online,Delhi,India,Digital,iOS,0,0,0,17,Tuesday,2026-06,0,0,-0.25284169739418333
TXN102593,2026-06-09 10:44:32,2026-06-09,563.7,Healthcare,Bank Transfer,Kolkata,India,Digital,Windows,1,0,0,10,Tuesday,2026-06,0,0,-0.025149149058290354
TXN102594,2026-04-05 03:48:51,2026-04-05,821.07,Healthcare,Online,Lucknow,India,Digital,Android,0,1,0,3,Sunday,2026-04,1,0,-0.1023310551516966
TXN102595,2026-05-24 15:08:32,2026-05-24,3915.01,Grocery,Online,Lucknow,India,Digital,MacOS,1,0,0,15,Sunday,2026-05,0,1,0.0033385595324886275
TXN102596,2026-02-01 14:10:24,2026-02-01,1365.03,Healthcare,POS,Chennai,India,In-Store,Windows,0,0,0,14,Sunday,2026-02,0,0,-0.25731774164129484
TXN102597,2026-02-01 01:03:52,2026-02-01,3380.34,Healthcare,Online,Hyderabad,India,Digital,Android,1,1,0,1,Sunday,2026-02,1,1,0.08045374661703875
TXN102598,2026-05-04 08:58:52,2026-05-04,1010.21,Online Services,Online,Mumbai,India,Digital,Android,0,1,0,8,Monday,2026-05,0,0,-0.18057791739522538
TXN102599,2026-01-11 03:27:47,2026-01-11,2912.14,Grocery,POS,Mumbai,India,In-Store,Windows,0,0,0,3,Sunday,2026-01,1,0,-0.1653843350010808
TXN102600,2026-01-10 11:23:45,2026-01-10,1142.97,Grocery,Online,Bengaluru,India,Digital,iOS,0,0,0,11,Saturday,2026-01,0,0,-0.25990609716492047
TXN102601,2026-01-15 03:38:27,2026-01-15,1220.51,Fashion,Online,Mumbai,India,Digital,iOS,0,0,0,3,Thursday,2026-01,1,0,-0.21792754046145163
TXN102602,2026-01-17 21:39:54,2026-01-17,1118.06,Electronics,Online,Ahmedabad,India,Digital,Windows,0,0,0,21,Saturday,2026-01,0,0,-0.2606218512088001
TXN102603,2026-06-17 12:04:41,2026-06-17,1463.31,Food & Dining,Online,Bengaluru,India,Digital,Android,0,1,0,12,Wednesday,2026-06,0,0,-0.17903866244184047
TXN102604,2026-05-26 00:43:01,2026-05-26,891.5,Online Services,Bank Transfer,Lucknow,India,Digital,iOS,0,0,0,0,Tuesday,2026-05,1,0,-0.21144697769553839
TXN102605,2026-06-02 20:51:58,2026-06-02,360.95,Fashion,Bank Transfer,Delhi,India,Digital,Android,0,1,0,20,Tuesday,2026-06,0,0,-0.11390969408863705
TXN102606,2026-02-28 14:20:38,2026-02-28,1065.75,Online Services,POS,Pune,India,In-Store,Android,0,0,0,14,Saturday,2026-02,0,0,-0.26029128870110335
TXN102607,2026-03-19 02:20:18,2026-03-19,1219.17,Grocery,POS,Hyderabad,India,In-Store,iOS,1,1,0,2,Thursday,2026-03,1,1,0.057365747773868936
TXN102608,2026-05-04 08:05:13,2026-05-04,4055.76,Electronics,Online,Hyderabad,India,Digital,Android,0,0,0,8,Monday,2026-05,0,0,-0.17998830537412225
TXN102609,2026-04-24 23:26:03,2026-04-24,179.76,Grocery,Online,Delhi,India,Digital,Android,0,1,0,23,Friday,2026-04,1,0,-0.0005359662753676719
TXN102610,2026-01-22 17:30:44,2026-01-22,3999.33,Travel,Online,Delhi,India,Digital,iOS,0,0,1,17,Thursday,2026-01,0,0,-0.18325732032484499
TXN102611,2026-06-07 22:12:35,2026-06-07,2536.68,Online Services,POS,Pune,India,In-Store,Android,0,0,0,22,Sunday,2026-06,0,0,-0.23162988730762124
TXN102612,2026-06-21 16:57:10,2026-06-21,1897.88,Grocery,Bank Transfer,Chennai,India,Digital,Android,1,0,0,16,Sunday,2026-06,0,0,-0.04182386362214474
TXN102613,2026-02-01 03:16:54,2026-02-01,1240.66,Entertainment,ATM,Jaipur,India,ATM,Android,0,0,0,3,Sunday,2026-02,1,0,-0.21777088350088714
TXN102614,2026-06-28 02:47:04,2026-06-28,484.81,Food & Dining,POS,Hyderabad,India,In-Store,iOS,0,2,0,2,Sunday,2026-06,1,1,0.04412155125229689
TXN102615,2026-06-23 17:34:48,2026-06-23,5222.09,Jewelry,Online,Chennai,India,Digital,Android,0,0,0,17,Tuesday,2026-06,0,0,-0.1270806119925213
TXN102616,2026-04-23 16:03:56,2026-04-23,2944.56,Grocery,Bank Transfer,Mumbai,India,Digital,iOS,0,0,0,16,Thursday,2026-04,0,0,-0.2160785234953962
TXN102617,2026-04-30 02:03:55,2026-04-30,1340.26,Electronics,POS,Delhi,India,In-Store,iOS,0,0,0,2,Thursday,2026-04,1,0,-0.21138581020991437
TXN102618,2026-05-29 18:38:04,2026-05-29,1378.2,Grocery,Bank Transfer,Bengaluru,India,Digital,Android,0,2,0,18,Friday,2026-05,0,0,-0.01625519496217287
TXN102619,2026-05-02 19:36:41,2026-05-02,1005.21,Fashion,POS,Chennai,India,In-Store,Android,0,0,0,19,Saturday,2026-05,0,0,-0.2546982179330354
TXN102620,2026-02-01 00:56:47,2026-02-01,1764.32,Travel,Bank Transfer,Chennai,India,Digital,MacOS,0,0,0,0,Sunday,2026-02,1,0,-0.20731901386577412
TXN102621,2026-04-29 09:09:00,2026-04-29,1058.4,Online Services,Mobile Wallet,Hyderabad,India,Mobile,Android,0,0,0,9,Wednesday,2026-04,0,0,-0.2604904120814139
TXN102622,2026-02-08 01:34:26,2026-02-08,1402.93,Entertainment,Mobile Wallet,Lucknow,India,Mobile,Windows,1,0,0,1,Sunday,2026-02,1,1,0.01658140367237182
TXN102623,2026-01-12 10:18:42,2026-01-12,1556.82,Entertainment,POS,Bengaluru,India,In-Store,Android,0,0,0,10,Monday,2026-01,0,0,-0.2537510281588127
TXN102624,2026-06-24 06:58:12,2026-06-24,7663.64,Food & Dining,POS,Jaipur,India,In-Store,Android,0,1,0,6,Wednesday,2026-06,0,0,-0.030175207126860615
TXN102625,2026-01-18 21:00:45,2026-01-18,529.46,Grocery,Online,Mumbai,India,Digital,Android,0,0,1,21,Sunday,2026-01,0,0,-0.2339467646882623
TXN102626,2026-05-29 07:21:45,2026-05-29,1246.36,Fashion,Mobile Wallet,Pune,India,Mobile,iOS,0,0,0,7,Friday,2026-05,0,0,-0.26002335120812964
TXN102627,2026-05-21 10:11:53,2026-05-21,2927.65,Jewelry,POS,Kolkata,India,In-Store,iOS,0,1,0,10,Thursday,2026-05,0,0,-0.13458704667897237
TXN102628,2026-05-29 15:06:27,2026-05-29,2124.61,Online Services,Online,Lucknow,India,Digital,Windows,0,0,0,15,Friday,2026-05,0,0,-0.2454963223336667
TXN102629,2026-05-06 11:59:29,2026-05-06,1885.52,Online Services,POS,Hyderabad,India,In-Store,MacOS,0,1,0,11,Wednesday,2026-05,0,0,-0.17567766737335738
TXN102630,2026-05-16 20:21:22,2026-05-16,12198.36,Utilities,Online,Lucknow,India,Digital,iOS,0,0,0,20,Saturday,2026-05,0,0,-0.022903520581417647
TXN102631,2026-02-15 21:31:51,2026-02-15,2618.42,Grocery,POS,Bengaluru,India,In-Store,MacOS,0,0,1,21,Sunday,2026-02,0,0,-0.22985963381179175
TXN102632,2026-04-14 14:22:22,2026-04-14,665.27,Electronics,POS,Ahmedabad,India,In-Store,Android,0,0,0,14,Tuesday,2026-04,0,0,-0.24591685883833514
TXN102633,2026-05-15 11:15:22,2026-05-15,606.89,Grocery,POS,Jaipur,India,In-Store,Android,0,0,0,11,Friday,2026-05,0,0,-0.24338538644677865
TXN102634,2026-05-31 22:32:12,2026-05-31,1063.51,Travel,Online,Mumbai,India,Digital,Windows,1,0,0,22,Sunday,2026-05,0,0,-0.059347515604183165
TXN102635,2026-03-27 01:04:40,2026-03-27,773.57,Grocery,Mobile Wallet,Lucknow,India,Mobile,iOS,0,0,0,1,Friday,2026-03,1,0,-0.20902767981622822
TXN102636,2026-05-30 12:04:14,2026-05-30,1168.5,Food & Dining,Bank Transfer,Jaipur,India,Digital,iOS,0,0,0,12,Saturday,2026-05,0,0,-0.25814085491531674
TXN102637,2026-03-30 15:28:31,2026-03-30,1437.12,Healthcare,Mobile Wallet,Kolkata,India,Mobile,iOS,0,0,0,15,Monday,2026-03,0,0,-0.2525399436164854
TXN102638,2026-01-22 12:05:39,2026-01-22,1364.72,Online Services,POS,Mumbai,India,In-Store,Android,1,1,0,12,Thursday,2026-01,0,1,0.026650597483608096
TXN102639,2026-04-02 18:58:41,2026-04-02,153.57,Healthcare,Bank Transfer,Kolkata,India,Digital,Android,0,0,0,18,Thursday,2026-04,0,0,-0.05337118185973777
TXN102640,2026-01-29 04:06:39,2026-01-29,599.15,Jewelry,POS,Chennai,India,In-Store,Android,0,0,0,4,Thursday,2026-01,1,0,-0.1953225248998483
TXN102641,2026-01-13 16:41:42,2026-01-13,1944.6,Grocery,Online,Lucknow,India,Digital,Android,0,0,0,16,Tuesday,2026-01,0,0,-0.24960469519431727
TXN102642,2026-01-02 14:05:26,2026-01-02,4084.3,Grocery,Online,Kolkata,India,Digital,Android,0,0,0,14,Friday,2026-01,0,0,-0.17967165622862824
TXN102643,2026-01-29 13:33:04,2026-01-29,793.96,Entertainment,POS,Jaipur,India,In-Store,Android,0,0,0,13,Thursday,2026-01,0,0,-0.2556154025248542
TXN102644,2026-06-29 12:02:13,2026-06-29,797.06,Travel,Online,Ahmedabad,India,Digital,iOS,0,0,0,12,Monday,2026-06,0,0,-0.25536963509607774
TXN102645,2026-01-27 11:20:28,2026-01-27,1021.15,Travel,Mobile Wallet,Pune,India,Mobile,Android,0,1,0,11,Tuesday,2026-01,0,0,-0.18100814829344547
TXN102646,2026-02-19 19:18:46,2026-02-19,4357.8,Fashion,Online,Delhi,India,Digital,iOS,0,1,0,19,Thursday,2026-02,0,0,-0.09403587046042072
TXN102647,2026-04-05 15:06:02,2026-04-05,1144.79,Travel,POS,Ahmedabad,India,In-Store,Android,0,0,0,15,Sunday,2026-04,0,0,-0.2597777818681439
TXN102648,2026-05-31 14:59:57,2026-05-31,182.47,Food & Dining,POS,Hyderabad,India,In-Store,Android,1,0,0,14,Sunday,2026-05,0,1,0.022358094123405392
TXN102649,2026-03-29 13:59:01,2026-03-29,4583.01,Fashion,POS,Ahmedabad,India,In-Store,MacOS,0,0,0,13,Sunday,2026-03,0,0,-0.1551015718112534
TXN102650,2026-02-13 05:17:53,2026-02-13,1907.05,Food & Dining,ATM,Kolkata,India,ATM,Android,0,0,0,5,Friday,2026-02,1,0,-0.19670289215345393
TXN102651,2026-01-22 04:02:29,2026-01-22,389.78,Healthcare,Online,Hyderabad,India,Digital,Windows,0,0,1,4,Thursday,2026-01,1,0,-0.15527525958056765
TXN102652,2026-06-20 23:16:35,2026-06-20,728.54,Fashion,Bank Transfer,Ahmedabad,India,Digital,Windows,0,0,0,23,Saturday,2026-06,1,0,-0.20556176660807862
TXN102653,2026-06-14 15:48:40,2026-06-14,580.29,Travel,POS,Delhi,India,In-Store,MacOS,0,0,0,15,Sunday,2026-06,0,0,-0.2404955938122017
TXN102654,2026-04-07 23:42:06,2026-04-07,927.83,Electronics,ATM,Jaipur,India,ATM,Windows,0,0,0,23,Tuesday,2026-04,1,0,-0.2155060826877243
TXN102655,2026-01-03 20:58:35,2026-01-03,3603.59,Fashion,Bank Transfer,Pune,India,Digital,Windows,0,0,0,20,Saturday,2026-01,0,0,-0.19692135234684455
TXN102656,2026-04-28 05:38:36,2026-04-28,246.25,Healthcare,Mobile Wallet,Kolkata,India,Mobile,Android,0,0,0,5,Tuesday,2026-04,1,0,-0.0750693848802465
TXN102657,2026-01-19 07:16:23,2026-01-19,833.2,Utilities,Mobile Wallet,Lucknow,India,Mobile,Windows,0,0,0,7,Monday,2026-01,0,0,-0.257579076911202
TXN102658,2026-01-23 06:50:24,2026-01-23,1198.61,Entertainment,ATM,Mumbai,India,ATM,iOS,1,1,0,6,Friday,2026-01,0,1,0.026845209126070246
TXN102659,2026-06-06 17:21:55,2026-06-06,1037.4,Electronics,POS,Bengaluru,India,In-Store,Android,0,0,0,17,Saturday,2026-06,0,0,-0.25725248071897966
TXN102660,2026-01-30 23:49:41,2026-01-30,579.78,Food & Dining,POS,Lucknow,India,In-Store,Android,0,0,0,23,Friday,2026-01,1,0,-0.1956208120946426
TXN102661,2026-02-08 12:58:25,2026-02-08,2841.1,Food & Dining,Bank Transfer,Chennai,India,Digital,Android,0,0,0,12,Sunday,2026-02,0,0,-0.22038164363762747
TXN102662,2026-04-18 07:25:56,2026-04-18,965.81,Food & Dining,Mobile Wallet,Kolkata,India,Mobile,iOS,0,0,0,7,Saturday,2026-04,0,0,-0.25531952175271583
TXN102663,2026-04-21 16:46:30,2026-04-21,871.52,Food & Dining,Online,Mumbai,India,Digital,Windows,0,0,0,16,Tuesday,2026-04,0,0,-0.25814869652251204
TXN102664,2026-01-25 18:59:29,2026-01-25,1446.53,Food & Dining,POS,Jaipur,India,In-Store,Android,0,0,0,18,Sunday,2026-01,0,0,-0.25204880726914236
TXN102665,2026-05-08 19:40:21,2026-05-08,876.36,Food & Dining,Bank Transfer,Chennai,India,Digital,Android,0,0,0,19,Friday,2026-05,0,0,-0.25941558004235005
TXN102666,2026-04-21 02:39:49,2026-04-21,704.19,Healthcare,POS,Bengaluru,India,In-Store,Android,0,0,0,2,Tuesday,2026-04,1,0,-0.20250087554211454
TXN102667,2026-05-16 03:55:16,2026-05-16,523.0,Grocery,POS,Kolkata,India,In-Store,Android,0,0,0,3,Saturday,2026-05,1,0,-0.18664161657192446
TXN102668,2026-04-16 20:19:41,2026-04-16,6323.63,Healthcare,POS,Lucknow,India,In-Store,Android,1,0,0,20,Thursday,2026-04,0,1,0.026728563933704708
TXN102669,2026-05-24 12:26:26,2026-05-24,2068.54,Electronics,ATM,Ahmedabad,India,ATM,Android,0,0,0,12,Sunday,2026-05,0,0,-0.24872115199968542
TXN102670,2026-03-13 21:13:45,2026-03-13,807.66,Grocery,Mobile Wallet,Lucknow,India,Mobile,Unknown,0,0,0,21,Friday,2026-03,0,0,-0.25653522637247506
TXN102671,2026-05-09 08:24:46,2026-05-09,3032.31,Jewelry,POS,Lucknow,India,In-Store,iOS,0,0,0,8,Saturday,2026-05,0,0,-0.21423036937136863
TXN102672,2026-04-18 04:26:34,2026-04-18,1667.0,Jewelry,Online,Bengaluru,India,Digital,Android,0,0,0,4,Saturday,2026-04,1,0,-0.20718246274685764
TXN102673,2026-01-05 07:23:59,2026-01-05,1130.95,Grocery,Online,Kolkata,India,Digital,Windows,0,0,1,7,Monday,2026-01,0,0,-0.26116076042459013
TXN102674,2026-01-03 04:46:45,2026-01-03,481.43,Fashion,Online,Kolkata,India,Digital,Android,0,0,0,4,Saturday,2026-01,1,0,-0.18449914480545465
TXN102675,2026-05-12 15:44:37,2026-05-12,565.53,Electronics,POS,Hyderabad,India,In-Store,iOS,1,0,0,15,Tuesday,2026-05,0,0,-0.025149149058290354
TXN102676,2026-04-14 09:08:50,2026-04-14,2379.82,Food & Dining,POS,Lucknow,India,In-Store,Android,0,1,0,9,Tuesday,2026-04,0,0,-0.1569791908529693
TXN102677,2026-03-05 20:21:53,2026-03-05,2001.78,Online Services,Online,Jaipur,India,Digital,iOS,0,0,0,20,Thursday,2026-03,0,0,-0.24824450532679676
TXN102678,2026-04-16 05:05:16,2026-04-16,365.63,Jewelry,Bank Transfer,Mumbai,India,Digital,Android,0,0,0,5,Thursday,2026-04,1,0,-0.14504542380423557
TXN102679,2026-04-08 07:35:04,2026-04-08,791.46,Entertainment,Bank Transfer,Mumbai,India,Digital,iOS,0,1,0,7,Wednesday,2026-04,0,0,-0.18754416365156146
TXN102680,2026-01-10 23:42:46,2026-01-10,1889.31,Fashion,Online,Chennai,India,Digital,iOS,0,0,0,23,Saturday,2026-01,1,0,-0.19752897544737746
TXN102681,2026-05-29 03:43:23,2026-05-29,2670.23,Entertainment,POS,Bengaluru,India,In-Store,iOS,0,0,0,3,Friday,2026-05,1,0,-0.1769604171757992
TXN102682,2026-05-08 22:14:12,2026-05-08,1654.98,Travel,Mobile Wallet,Lucknow,India,Mobile,Android,0,0,0,22,Friday,2026-05,0,0,-0.25303755081068463
TXN102683,2026-02-15 23:30:27,2026-02-15,761.23,Online Services,POS,Jaipur,India,In-Store,iOS,0,0,0,23,Sunday,2026-02,1,0,-0.20736428732925022
TXN102684,2026-06-04 20:24:55,2026-06-04,1324.52,Online Services,Bank Transfer,Chennai,India,Digital,MacOS,0,0,0,20,Thursday,2026-06,0,0,-0.25885286730718254
TXN102685,2026-03-07 08:52:12,2026-03-07,926.47,Food & Dining,POS,Kolkata,India,In-Store,Android,0,0,0,8,Saturday,2026-03,0,0,-0.25931737814199385
TXN102686,2026-06-18 10:11:41,2026-06-18,1488.61,Travel,Bank Transfer,Mumbai,India,Digital,Windows,0,2,0,10,Thursday,2026-06,0,0,-0.015689966700531133
TXN102687,2026-04-22 00:56:25,2026-04-22,3577.7,Travel,Bank Transfer,Delhi,India,Digital,Android,0,0,0,0,Wednesday,2026-04,1,0,-0.1368112068656594
TXN102688,2026-01-13 15:54:01,2026-01-13,586.52,Grocery,ATM,Hyderabad,India,ATM,Android,0,1,0,15,Tuesday,2026-01,0,0,-0.17073689089872446
TXN102689,2026-05-17 02:52:47,2026-05-17,1373.06,Utilities,Mobile Wallet,Jaipur,India,Mobile,iOS,0,1,0,2,Sunday,2026-05,1,0,-0.11658368066655111
TXN102690,2026-06-13 18:03:50,2026-06-13,1014.97,Food & Dining,Mobile Wallet,Chennai,India,Mobile,iOS,1,0,0,18,Saturday,2026-06,0,0,-0.056690256013104845
TXN102691,2026-03-27 12:55:05,2026-03-27,888.69,Travel,ATM,Chennai,India,ATM,iOS,0,0,0,12,Friday,2026-03,0,0,-0.260362464362561
TXN102692,2026-03-31 09:15:32,2026-03-31,980.57,Food & Dining,Online,Jaipur,India,Digital,MacOS,0,1,0,9,Tuesday,2026-03,0,0,-0.18140053713357596
TXN102693,2026-02-27 23:39:38,2026-02-27,3136.53,Utilities,POS,Ahmedabad,India,In-Store,MacOS,0,0,0,23,Friday,2026-02,1,0,-0.1539664691577508
TXN102694,2026-02-23 21:12:05,2026-02-23,1743.44,Grocery,Bank Transfer,Delhi,India,Digital,MacOS,0,0,0,21,Monday,2026-02,0,0,-0.25344826602032455
TXN102695,2026-01-12 09:47:48,2026-01-12,747.46,Online Services,ATM,Kolkata,India,ATM,iOS,0,0,0,9,Monday,2026-01,0,0,-0.25133777450875777
TXN102696,2026-01-14 07:06:03,2026-01-14,1844.03,Online Services,Online,Mumbai,India,Digital,Android,0,1,0,7,Wednesday,2026-01,0,0,-0.17845218075689206
TXN102697,2026-05-01 10:06:44,2026-05-01,701.33,Jewelry,Online,Lucknow,India,Digital,Android,0,0,0,10,Friday,2026-05,0,0,-0.24736047145067208
TXN102698,2026-06-11 15:19:42,2026-06-11,262.07,Fashion,Bank Transfer,Jaipur,India,Digital,iOS,0,1,0,15,Thursday,2026-06,0,0,-0.07457294987120267
TXN102699,2026-06-30 09:09:51,2026-06-30,173.52,Electronics,Online,Bengaluru,India,Digital,iOS,0,1,0,9,Tuesday,2026-06,0,0,-0.02004340149689887
TXN102700,2026-05-01 13:14:23,2026-05-01,1637.01,Fashion,POS,Delhi,India,In-Store,MacOS,0,0,1,13,Friday,2026-05,0,0,-0.25284169739418333
TXN102701,2026-01-20 18:18:06,2026-01-20,873.46,Fashion,Bank Transfer,Hyderabad,India,Digital,iOS,0,0,0,18,Tuesday,2026-01,0,0,-0.2585593790515664
TXN102702,2026-03-16 23:17:28,2026-03-16,2435.62,Electronics,POS,Hyderabad,India,In-Store,Android,0,0,0,23,Monday,2026-03,1,0,-0.18666317301968655
TXN102703,2026-05-24 06:42:07,2026-05-24,1494.73,Entertainment,Online,Bengaluru,India,Digital,iOS,0,0,0,6,Sunday,2026-05,0,0,-0.2546733965159
TXN102704,2026-03-11 16:01:32,2026-03-11,1350.76,Food & Dining,Online,Delhi,India,Digital,Android,0,1,0,16,Wednesday,2026-03,0,0,-0.18468093515115563
TXN102705,2026-02-25 10:25:00,2026-02-25,764.55,Online Services,Online,Chennai,India,Digital,Android,0,0,0,10,Wednesday,2026-02,0,0,-0.2534780463295608
TXN102706,2026-04-11 09:23:05,2026-04-11,1664.56,Grocery,Online,Hyderabad,India,Digital,iOS,0,1,0,9,Saturday,2026-04,0,0,-0.1775826468759279
TXN102707,2026-05-12 23:22:26,2026-05-12,3794.92,Entertainment,POS,Chennai,India,In-Store,Android,0,0,0,23,Tuesday,2026-05,1,0,-0.12466286846900787
TXN102708,2026-04-21 13:19:57,2026-04-21,218.02,Utilities,POS,Ahmedabad,India,In-Store,Windows,0,0,0,13,Tuesday,2026-04,0,0,-0.11496478521676512
TXN102709,2026-05-05 01:59:30,2026-05-05,972.79,Utilities,Online,Delhi,India,Digital,Android,0,0,0,1,Tuesday,2026-05,1,0,-0.21943287371809078
TXN102710,2026-05-12 03:41:43,2026-05-12,3216.81,Online Services,Online,Jaipur,India,Digital,iOS,0,0,0,3,Tuesday,2026-05,1,0,-0.1480816217839666
TXN102711,2026-01-20 19:55:43,2026-01-20,438.61,Healthcare,Online,Lucknow,India,Digital,iOS,0,1,0,19,Tuesday,2026-01,0,0,-0.13758497456550267
TXN102712,2026-05-18 21:37:32,2026-05-18,1220.25,Online Services,Mobile Wallet,Mumbai,India,Mobile,Windows,0,0,0,21,Monday,2026-05,0,0,-0.2615817088709542
TXN102713,2026-01-24 09:46:27,2026-01-24,634.82,Fashion,POS,Ahmedabad,India,In-Store,MacOS,0,0,0,9,Saturday,2026-01,0,0,-0.2476053036320363
TXN102714,2026-06-03 18:03:54,2026-06-03,885.28,Food & Dining,Mobile Wallet,Chennai,India,Mobile,Android,0,0,0,18,Wednesday,2026-06,0,0,-0.2607740835383063
TXN102715,2026-02-06 19:56:16,2026-02-06,265.45,Grocery,Mobile Wallet,Delhi,India,Mobile,Unknown,0,0,0,19,Friday,2026-02,0,0,-0.15893848429292962
TXN102716,2026-02-23 00:31:33,2026-02-23,2410.97,Grocery,POS,Ahmedabad,India,In-Store,Android,0,0,0,0,Monday,2026-02,1,0,-0.18728646690104417
TXN102717,2026-04-13 03:49:13,2026-04-13,1237.04,Travel,Bank Transfer,Chennai,India,Digital,Windows,0,1,0,3,Monday,2026-04,1,0,-0.11555535118137306
TXN102718,2026-05-29 10:34:50,2026-05-29,345.32,Grocery,Online,Lucknow,India,Digital,MacOS,0,0,0,10,Friday,2026-05,0,0,-0.19229408643344503
TXN102719,2026-02-07 18:02:02,2026-02-07,1532.87,Travel,Bank Transfer,Lucknow,India,Digital,Windows,0,1,0,18,Saturday,2026-02,0,0,-0.17520097899452086
TXN102720,2026-06-23 21:19:28,2026-06-23,1295.17,Electronics,Online,Bengaluru,India,Digital,Android,0,0,0,21,Tuesday,2026-06,0,0,-0.25960031081008184
TXN102721,2026-01-04 16:30:12,2026-01-04,632.03,Grocery,Mobile Wallet,Kolkata,India,Mobile,Android,0,1,0,16,Sunday,2026-01,0,0,-0.17593302046537596
TXN102722,2026-02-26 15:33:50,2026-02-26,5295.22,Online Services,Online,Hyderabad,India,Digital,iOS,0,0,1,15,Thursday,2026-02,0,0,-0.12649910466644243
TXN102723,2026-06-22 04:51:49,2026-06-22,1657.19,Grocery,Bank Transfer,Lucknow,India,Digital,Android,0,0,1,4,Monday,2026-06,1,0,-0.20724332556112218
TXN102724,2026-01-20 19:04:13,2026-01-20,3078.43,Healthcare,Online,Pune,India,Digital,iOS,0,0,0,19,Tuesday,2026-01,0,0,-0.21335544456886746
TXN102725,2026-01-17 10:15:29,2026-01-17,964.0,Electronics,Mobile Wallet,Lucknow,India,Mobile,Android,0,0,0,10,Saturday,2026-01,0,0,-0.25531952175271583
TXN102726,2026-04-29 13:24:51,2026-04-29,298.86,Online Services,POS,Ahmedabad,India,In-Store,Android,0,1,0,13,Wednesday,2026-04,0,0,-0.09355762297487358
TXN102727,2026-03-12 01:07:22,2026-03-12,170.91,Online Services,ATM,Mumbai,India,ATM,Windows,0,1,0,1,Thursday,2026-03,1,1,0.007232877134969895
TXN102728,2026-01-04 17:22:54,2026-01-04,487.31,Entertainment,POS,Delhi,India,In-Store,Windows,0,0,0,17,Sunday,2026-01,0,0,-0.2322729309075413
TXN102729,2026-01-14 10:20:01,2026-01-14,3223.74,Healthcare,POS,Ahmedabad,India,In-Store,Windows,1,0,0,10,Wednesday,2026-01,0,0,-0.009311387733869081
TXN102730,2026-01-03 03:53:36,2026-01-03,729.33,Grocery,ATM,Kolkata,India,ATM,Android,0,0,0,3,Saturday,2026-01,1,0,-0.20556176660807862
TXN102731,2026-03-21 06:57:02,2026-03-21,2522.38,Jewelry,Mobile Wallet,Lucknow,India,Mobile,iOS,0,0,0,6,Saturday,2026-03,0,0,-0.23272652628162444
TXN102732,2026-02-24 07:45:38,2026-02-24,431.32,Online Services,Online,Jaipur,India,Digital,Android,0,0,0,7,Tuesday,2026-02,0,0,-0.2194651973957829
TXN102733,2026-05-12 12:07:58,2026-05-12,645.44,Online Services,Mobile Wallet,Delhi,India,Mobile,iOS,0,1,0,12,Tuesday,2026-05,0,0,-0.17927373001634306
TXN102734,2026-04-30 17:08:40,2026-04-30,724.3,Entertainment,ATM,Ahmedabad,India,ATM,Windows,0,1,0,17,Thursday,2026-04,0,0,-0.18405775862570978
TXN102735,2026-01-24 15:46:45,2026-01-24,1313.07,Fashion,Bank Transfer,Pune,India,Digital,iOS,0,0,0,15,Saturday,2026-01,0,0,-0.2600876789049551
TXN102736,2026-06-11 20:38:43,2026-06-11,371.76,Online Services,POS,Mumbai,India,In-Store,iOS,0,2,0,20,Thursday,2026-06,0,1,0.018001059864613533
TXN102737,2026-06-07 00:33:06,2026-06-07,580.86,Travel,POS,Hyderabad,India,In-Store,Windows,1,0,0,0,Sunday,2026-06,1,1,0.024271585535279083
TXN102738,2026-03-23 21:14:38,2026-03-23,910.03,Food & Dining,Mobile Wallet,Delhi,India,Mobile,Android,0,0,0,21,Monday,2026-03,0,0,-0.2590072953352
TXN102739,2026-05-27 23:03:14,2026-05-27,374.54,Grocery,POS,Kolkata,India,In-Store,Android,0,0,0,23,Wednesday,2026-05,1,0,-0.1504734096979798
TXN102740,2026-06-08 03:22:41,2026-06-08,268.36,Online Services,POS,Jaipur,India,In-Store,Android,0,0,0,3,Monday,2026-06,1,0,-0.09524985328611368
TXN102741,2026-03-01 05:44:49,2026-03-01,1121.98,Electronics,Online,Pune,India,Digital,iOS,0,0,0,5,Sunday,2026-03,1,0,-0.22348420002735347
TXN102742,2026-05-27 16:55:24,2026-05-27,379.18,Electronics,Online,Hyderabad,India,Digital,MacOS,0,0,0,16,Wednesday,2026-05,0,0,-0.2001590560259403
TXN102743,2026-02-18 20:38:28,2026-02-18,2897.73,Food & Dining,ATM,Chennai,India,ATM,Windows,0,0,0,20,Wednesday,2026-02,0,0,-0.21767035223112308
TXN102744,2026-03-04 17:42:25,2026-03-04,2962.18,Utilities,Bank Transfer,Mumbai,India,Digital,Android,0,0,0,17,Wednesday,2026-03,0,0,-0.215912367749179
TXN102745,2026-04-20 00:20:11,2026-04-20,687.63,Entertainment,ATM,Hyderabad,India,ATM,Android,0,0,0,0,Monday,2026-04,1,0,-0.19878350365033037
TXN102746,2026-05-30 00:03:49,2026-05-30,1775.1,Electronics,Online,Lucknow,India,Digital,iOS,0,1,0,0,Saturday,2026-05,1,0,-0.11177583040436223
TXN102747,2026-06-01 13:29:02,2026-06-01,1158.9,Grocery,POS,Bengaluru,India,In-Store,MacOS,0,0,0,13,Monday,2026-06,0,0,-0.2593234216566689
TXN102748,2026-04-19 03:59:05,2026-04-19,2576.64,Utilities,POS,Jaipur,India,In-Store,Android,0,0,0,3,Sunday,2026-04,1,0,-0.18142374276903223
TXN102749,2026-03-17 08:50:19,2026-03-17,760.05,Jewelry,POS,Pune,India,In-Store,MacOS,0,0,0,8,Tuesday,2026-03,0,0,-0.2516832007693626
TXN102750,2026-01-30 13:16:19,2026-01-30,1649.7,Utilities,Mobile Wallet,Hyderabad,India,Mobile,Android,0,0,0,13,Friday,2026-01,0,0,-0.2531710871809636
TXN102751,2026-02-27 22:53:41,2026-02-27,1407.3,Food & Dining,Bank Transfer,Bengaluru,India,Digital,MacOS,0,0,0,22,Friday,2026-02,0,0,-0.25504576287559894
TXN102752,2026-04-27 18:13:04,2026-04-27,1351.06,Online Services,Online,Hyderabad,India,Digital,Windows,0,0,0,18,Monday,2026-04,0,0,-0.25749337037193987
TXN102753,2026-06-08 05:32:30,2026-06-08,670.0,Fashion,Mobile Wallet,Ahmedabad,India,Mobile,MacOS,0,0,0,5,Monday,2026-06,1,0,-0.19655329133883032
TXN102754,2026-04-10 04:12:53,2026-04-10,2831.51,Food & Dining,POS,Chennai,India,In-Store,MacOS,0,2,0,4,Friday,2026-04,1,1,0.05421246690641812
TXN102755,2026-01-19 16:07:12,2026-01-19,791.26,Food & Dining,Bank Transfer,Mumbai,India,Digital,Android,1,0,0,16,Monday,2026-01,0,0,-0.05458657735981798
TXN102756,2026-06-25 07:47:16,2026-06-25,787.37,Fashion,Online,Chennai,India,Digital,Windows,0,0,0,7,Thursday,2026-06,0,0,-0.25356211761543995
TXN102757,2026-06-22 19:49:16,2026-06-22,616.39,Utilities,Bank Transfer,Ahmedabad,India,Digital,iOS,0,0,0,19,Monday,2026-06,0,0,-0.24790520482868428
TXN102758,2026-04-04 03:58:12,2026-04-04,646.89,Food & Dining,Online,Hyderabad,India,Digital,Windows,0,0,0,3,Saturday,2026-04,1,0,-0.1960378377249598
TXN102759,2026-04-23 00:50:52,2026-04-23,905.26,Travel,POS,Delhi,India,In-Store,iOS,0,0,0,0,Thursday,2026-04,1,0,-0.21408230821953078
TXN102760,2026-05-26 12:19:37,2026-05-26,1571.52,Travel,Online,Bengaluru,India,Digital,Android,0,0,0,12,Tuesday,2026-05,0,0,-0.25359633557100647
TXN102761,2026-03-04 18:50:38,2026-03-04,2052.23,Grocery,Online,Jaipur,India,Digital,Windows,0,0,1,18,Wednesday,2026-03,0,0,-0.24874493321410635
TXN102762,2026-04-26 18:50:19,2026-04-26,1215.5,Food & Dining,Online,Kolkata,India,Digital,Android,0,0,0,18,Sunday,2026-04,0,0,-0.2621341793716361
TXN102763,2026-04-23 04:20:20,2026-04-23,3405.06,Electronics,Online,Bengaluru,India,Digital,Windows,0,0,0,4,Thursday,2026-04,1,0,-0.14379387938055732
TXN102764,2026-02-16 08:27:41,2026-02-16,1204.88,Electronics,Online,Chennai,India,Digital,Android,0,0,0,8,Monday,2026-02,0,0,-0.2614552824269687
TXN102765,2026-02-26 05:45:50,2026-02-26,260.75,Entertainment,Bank Transfer,Bengaluru,India,Digital,Android,0,0,0,5,Thursday,2026-02,1,0,-0.0936073639896976
TXN102766,2026-04-28 02:37:52,2026-04-28,435.47,Healthcare,Online,Lucknow,India,Digital,iOS,0,0,0,2,Tuesday,2026-04,1,0,-0.17115302895951118
TXN102767,2026-02-14 19:14:23,2026-02-14,1919.88,Utilities,ATM,Hyderabad,India,ATM,Windows,0,0,0,19,Saturday,2026-02,0,0,-0.24861955159651605
TXN102768,2026-06-10 16:00:02,2026-06-10,845.32,Food & Dining,Online,Ahmedabad,India,Digital,iOS,0,0,0,16,Wednesday,2026-06,0,0,-0.257846382356725
TXN102769,2026-05-25 07:05:23,2026-05-25,800.32,Online Services,Mobile Wallet,Bengaluru,India,Mobile,MacOS,0,1,0,7,Monday,2026-05,0,0,-0.18717647488283884
TXN102770,2026-01-04 08:32:46,2026-01-04,506.96,Jewelry,Mobile Wallet,Bengaluru,India,Mobile,Android,0,0,0,8,Sunday,2026-01,0,0,-0.2345845458777467
TXN102771,2026-05-28 18:21:00,2026-05-28,796.16,Utilities,Online,Ahmedabad,India,Digital,Android,0,1,0,18,Thursday,2026-05,0,0,-0.18708157769570283
TXN102772,2026-02-16 02:31:19,2026-02-16,805.67,Entertainment,ATM,Lucknow,India,ATM,Android,0,0,0,2,Monday,2026-02,1,0,-0.20791891708565013
TXN102773,2026-05-23 02:19:59,2026-05-23,1623.73,Travel,Online,Lucknow,India,Digital,Android,0,0,1,2,Saturday,2026-05,1,0,-0.2086180059354114
TXN102774,2026-02-16 16:52:06,2026-02-16,901.71,Jewelry,Mobile Wallet,Kolkata,India,Mobile,Android,0,0,0,16,Monday,2026-02,0,0,-0.25933411202667117
TXN102775,2026-03-19 04:35:32,2026-03-19,3044.83,Travel,POS,Kolkata,India,In-Store,Android,0,0,0,4,Thursday,2026-03,1,0,-0.16110609793199032
TXN102776,2026-05-04 22:52:37,2026-05-04,649.39,Electronics,Online,Lucknow,India,Digital,Android,0,0,0,22,Monday,2026-05,0,0,-0.24415733903136072
TXN102777,2026-03-16 11:59:22,2026-03-16,1291.48,Fashion,POS,Delhi,India,In-Store,Windows,0,0,0,11,Monday,2026-03,0,0,-0.26007413665135454
TXN102778,2026-04-13 01:02:29,2026-04-13,291.6,Grocery,Online,Kolkata,India,Digital,Windows,0,0,0,1,Monday,2026-04,1,0,-0.1121923294545425
TXN102779,2026-05-17 03:09:13,2026-05-17,1857.88,Jewelry,POS,Lucknow,India,In-Store,iOS,0,0,0,3,Sunday,2026-05,1,0,-0.19975577226498192
TXN102780,2026-03-31 07:54:37,2026-03-31,351.91,Food & Dining,ATM,Lucknow,India,ATM,Android,0,0,0,7,Tuesday,2026-03,0,0,-0.1940654429378208
TXN102781,2026-05-24 06:49:30,2026-05-24,1730.25,Food & Dining,POS,Bengaluru,India,In-Store,Android,0,0,0,6,Sunday,2026-05,0,0,-0.2541730096458711
TXN102782,2026-03-10 23:59:33,2026-03-10,251.51,Entertainment,POS,Kolkata,India,In-Store,Android,0,2,0,23,Tuesday,2026-03,1,1,0.06374130413853696
TXN102783,2026-03-02 03:10:37,2026-03-02,479.7,Food & Dining,Online,Hyderabad,India,Digital,Android,0,1,0,3,Monday,2026-03,1,0,-0.07379095421298187
TXN102784,2026-05-18 10:35:04,2026-05-18,2143.72,Grocery,Online,Ahmedabad,India,Digital,Android,0,0,0,10,Monday,2026-05,0,0,-0.2453825767537643
TXN102785,2026-02-19 17:36:10,2026-02-19,3833.22,Entertainment,Online,Ahmedabad,India,Digital,Android,0,0,0,17,Thursday,2026-02,0,0,-0.187572673468495
TXN102786,2026-01-03 01:15:51,2026-01-03,124.83,Healthcare,Bank Transfer,Pune,India,Digital,MacOS,1,0,0,1,Saturday,2026-01,1,1,0.07739362860045862
TXN102787,2026-04-17 18:59:19,2026-04-17,458.58,Fashion,Online,Bengaluru,India,Digital,iOS,0,2,0,18,Friday,2026-04,0,1,0.00690912064629734
TXN102788,2026-04-23 15:14:40,2026-04-23,4739.24,Utilities,ATM,Pune,India,ATM,Android,0,1,0,15,Thursday,2026-04,0,0,-0.08213159466230668
TXN102789,2026-04-04 03:35:16,2026-04-04,1228.58,Electronics,POS,Pune,India,In-Store,Android,0,0,0,3,Saturday,2026-04,1,0,-0.21831839823258348
TXN102790,2026-04-28 22:25:03,2026-04-28,480.24,Electronics,Online,Bengaluru,India,Digital,Android,0,0,0,22,Tuesday,2026-04,0,0,-0.23223460729997636
TXN102791,2026-03-22 11:30:45,2026-03-22,3574.65,Electronics,ATM,Hyderabad,India,ATM,Android,0,0,0,11,Sunday,2026-03,0,0,-0.197226334531304
TXN102792,2026-04-19 13:13:56,2026-04-19,1751.69,Fashion,POS,Delhi,India,In-Store,Android,0,0,0,13,Sunday,2026-04,0,0,-0.25451874390581325
TXN102793,2026-02-20 20:32:07,2026-02-20,1197.53,Online Services,POS,Mumbai,India,In-Store,Android,0,1,0,20,Friday,2026-02,0,0,-0.18320511841904513
TXN102794,2026-05-27 21:43:14,2026-05-27,236.58,Utilities,ATM,Delhi,India,ATM,iOS,0,0,0,21,Wednesday,2026-05,0,0,-0.13245431094634552
TXN102795,2026-06-19 08:14:45,2026-06-19,5865.19,Fashion,POS,Kolkata,India,In-Store,iOS,0,0,0,8,Friday,2026-06,0,0,-0.1082788077256801
TXN102796,2026-02-04 14:12:14,2026-02-04,1352.76,Food & Dining,POS,Lucknow,India,In-Store,Android,0,0,0,14,Wednesday,2026-02,0,0,-0.25709806768721616
TXN102797,2026-02-15 18:50:47,2026-02-15,856.0,Healthcare,POS,Chennai,India,In-Store,Windows,0,0,0,18,Sunday,2026-02,0,0,-0.25691404570143067
TXN102798,2026-06-03 11:06:33,2026-06-03,3531.2,Travel,ATM,Jaipur,India,ATM,Android,0,0,1,11,Wednesday,2026-06,0,0,-0.19746266046102512
TXN102799,2026-03-10 12:18:53,2026-03-10,526.71,Electronics,Online,Bengaluru,India,Digital,Windows,0,0,0,12,Tuesday,2026-03,0,0,-0.23282952588295353
TXN102800,2026-04-03 16:21:05,2026-04-03,457.22,Jewelry,POS,Delhi,India,In-Store,Android,0,1,0,16,Friday,2026-04,0,0,-0.14192622386083553
TXN102801,2026-03-05 21:58:16,2026-03-05,1080.7,Entertainment,Online,Hyderabad,India,Digital,Android,0,0,0,21,Thursday,2026-03,0,0,-0.2616591188046758
TXN102802,2026-06-14 13:49:16,2026-06-14,809.22,Jewelry,Online,Delhi,India,Digital,Android,0,0,0,13,Sunday,2026-06,0,0,-0.25653522637247506
TXN102803,2026-02-18 16:59:52,2026-02-18,1120.37,Fashion,POS,Kolkata,India,In-Store,Android,0,0,0,16,Wednesday,2026-02,0,0,-0.2606218512088001
TXN102804,2026-05-29 16:51:26,2026-05-29,1830.08,Healthcare,Mobile Wallet,Lucknow,India,Mobile,MacOS,0,0,0,16,Friday,2026-05,0,0,-0.25101131162927937
TXN102805,2026-03-15 13:32:13,2026-03-15,403.09,Electronics,Mobile Wallet,Pune,India,Mobile,Android,0,0,0,13,Sunday,2026-03,0,0,-0.21007669881107416
TXN102806,2026-01-05 07:13:13,2026-01-05,1397.76,Travel,Online,Ahmedabad,India,Digital,iOS,0,0,0,7,Monday,2026-01,0,0,-0.25607480611169325
TXN102807,2026-04-10 08:28:12,2026-04-10,677.19,Food & Dining,POS,Chennai,India,In-Store,Windows,0,0,0,8,Friday,2026-04,0,0,-0.24653621554021637
TXN102808,2026-03-11 05:49:41,2026-03-11,1005.84,Travel,ATM,Delhi,India,ATM,Android,0,0,0,5,Wednesday,2026-03,1,0,-0.22092338702001768
TXN102809,2026-03-31 06:42:23,2026-03-31,2885.1,Electronics,Online,Hyderabad,India,Digital,Android,0,1,0,6,Tuesday,2026-03,0,0,-0.13456186704082096
TXN102810,2026-01-04 21:33:23,2026-01-04,1626.66,Travel,Bank Transfer,Mumbai,India,Digital,Windows,0,0,0,21,Sunday,2026-01,0,0,-0.25284169739418333
TXN102811,2026-05-06 16:44:37,2026-05-06,1738.69,Grocery,Bank Transfer,Delhi,India,Digital,Android,0,0,0,16,Wednesday,2026-05,0,0,-0.25326096354492517
TXN102812,2026-02-08 13:53:10,2026-02-08,669.89,Healthcare,Mobile Wallet,Hyderabad,India,Mobile,Windows,0,1,0,13,Sunday,2026-02,0,0,-0.1805213245086224
TXN102813,2026-06-12 17:28:08,2026-06-12,5117.27,Food & Dining,Online,Pune,India,Digital,iOS,0,0,0,17,Friday,2026-06,0,0,-0.13060521579964368
TXN102814,2026-05-09 19:15:51,2026-05-09,1877.44,Grocery,Online,Hyderabad,India,Digital,iOS,1,0,0,19,Saturday,2026-05,0,0,-0.04295313620730834
TXN102815,2026-01-24 13:53:19,2026-01-24,3172.6,Electronics,Bank Transfer,Hyderabad,India,Digital,MacOS,0,0,1,13,Saturday,2026-01,0,0,-0.21106854483144077
TXN102816,2026-02-26 19:31:49,2026-02-26,2732.23,Grocery,Bank Transfer,Lucknow,India,Digital,Windows,0,0,0,19,Thursday,2026-02,0,0,-0.22805425284143543
TXN102817,2026-04-10 03:27:26,2026-04-10,1728.75,Entertainment,Mobile Wallet,Lucknow,India,Mobile,Windows,0,0,0,3,Friday,2026-04,1,0,-0.2076104761830233
TXN102818,2026-03-11 08:32:13,2026-03-11,399.25,Grocery,Online,Delhi,India,Digital,iOS,0,2,0,8,Wednesday,2026-03,0,1,0.01491289109367544
TXN102819,2026-02-10 21:06:40,2026-02-10,1286.94,Utilities,ATM,Jaipur,India,ATM,Android,0,0,0,21,Tuesday,2026-02,0,0,-0.26023466005656776
TXN102820,2026-06-23 13:30:32,2026-06-23,505.46,Grocery,POS,Lucknow,India,In-Store,Windows,0,0,0,13,Tuesday,2026-06,0,0,-0.23385392644413078
TXN102821,2026-03-01 05:59:36,2026-03-01,214.43,Travel,Online,Ahmedabad,India,Digital,Android,0,0,0,5,Sunday,2026-03,1,0,-0.04991951513605608
TXN102822,2026-04-18 00:55:20,2026-04-18,775.76,Online Services,POS,Ahmedabad,India,In-Store,MacOS,0,0,0,0,Saturday,2026-04,1,0,-0.20902637651457429
TXN102823,2026-02-26 02:59:10,2026-02-26,2716.86,Healthcare,ATM,Chennai,India,ATM,Windows,0,0,0,2,Thursday,2026-02,1,0,-0.17129444548913797
TXN102824,2026-01-31 14:51:03,2026-01-31,3567.02,Grocery,Online,Bengaluru,India,Digital,Windows,0,0,0,14,Saturday,2026-01,0,0,-0.19728055955910906
TXN102825,2026-03-25 07:22:52,2026-03-25,728.82,Utilities,Online,Pune,India,Digital,Android,0,0,0,7,Wednesday,2026-03,0,0,-0.24990998485590205
TXN102826,2026-06-01 04:59:08,2026-06-01,872.77,Food & Dining,ATM,Jaipur,India,ATM,Android,0,0,0,4,Monday,2026-06,1,0,-0.20734772510583988
TXN102827,2026-02-05 10:47:06,2026-02-05,3350.65,Online Services,POS,Ahmedabad,India,In-Store,Windows,0,2,0,10,Thursday,2026-02,0,1,0.013136023829557364
TXN102828,2026-06-07 07:44:27,2026-06-07,1875.29,Entertainment,Mobile Wallet,Kolkata,India,Mobile,MacOS,0,0,0,7,Sunday,2026-06,0,0,-0.2525567557455584
TXN102829,2026-06-01 16:43:51,2026-06-01,1622.26,Healthcare,POS,Ahmedabad,India,In-Store,Windows,0,0,1,16,Monday,2026-06,0,0,-0.25284169739418333
TXN102830,2026-04-18 18:24:22,2026-04-18,1226.08,Jewelry,Online,Hyderabad,India,Digital,Windows,0,0,0,18,Saturday,2026-04,0,0,-0.2613768373999786
TXN102831,2026-04-16 20:03:53,2026-04-16,1958.29,Electronics,Mobile Wallet,Pune,India,Mobile,iOS,0,1,0,20,Thursday,2026-04,0,0,-0.1715211733243029
TXN102832,2026-06-07 12:24:38,2026-06-07,1070.75,Entertainment,Mobile Wallet,Chennai,India,Mobile,Android,0,0,0,12,Sunday,2026-06,0,0,-0.26126789324577643
TXN102833,2026-03-27 03:36:03,2026-03-27,3727.94,Food & Dining,Online,Delhi,India,Digital,Windows,0,0,0,3,Friday,2026-03,1,0,-0.12923322178644858
TXN102834,2026-05-15 17:52:40,2026-05-15,996.61,Grocery,Bank Transfer,Ahmedabad,India,Digital,Android,0,0,0,17,Friday,2026-05,0,0,-0.2551192714482
TXN102835,2026-06-12 13:43:54,2026-06-12,984.05,Grocery,Online,Bengaluru,India,Digital,Android,0,0,0,13,Friday,2026-06,0,0,-0.25522333882972914
TXN102836,2026-01-14 18:30:17,2026-01-14,211.79,Grocery,Online,Chennai,India,Digital,Windows,0,0,0,18,Wednesday,2026-01,0,0,-0.11443287396117763
TXN102837,2026-04-30 05:37:49,2026-04-30,2556.71,Entertainment,Online,Ahmedabad,India,Digital,Windows,0,0,0,5,Thursday,2026-04,1,0,-0.18213465111666005
TXN102838,2026-05-18 21:11:52,2026-05-18,507.66,Food & Dining,Online,Jaipur,India,Digital,Android,0,0,0,21,Monday,2026-05,0,0,-0.23433055030563277
TXN102839,2026-03-21 22:08:52,2026-03-21,164.67,Food & Dining,Bank Transfer,Jaipur,India,Digital,Android,0,0,0,22,Saturday,2026-03,0,0,-0.06489462700217874
TXN102840,2026-05-24 22:38:14,2026-05-24,950.41,Grocery,Bank Transfer,Chennai,India,Digital,Windows,0,0,0,22,Sunday,2026-05,0,0,-0.25700024930580284
TXN102841,2026-04-16 21:27:05,2026-04-16,836.63,Food & Dining,Mobile Wallet,Delhi,India,Mobile,MacOS,0,0,0,21,Thursday,2026-04,0,0,-0.25856301451202707
TXN102842,2026-03-11 23:01:07,2026-03-11,1571.65,Unknown,Bank Transfer,Kolkata,India,Digital,Android,0,0,0,23,Wednesday,2026-03,1,0,-0.2075340099328154
TXN102843,2026-02-13 10:25:28,2026-02-13,1843.3,Fashion,POS,Kolkata,India,In-Store,Windows,0,0,0,10,Friday,2026-02,0,0,-0.2530047841916723
TXN102844,2026-03-14 21:56:12,2026-03-14,565.55,Entertainment,Bank Transfer,Ahmedabad,India,Digital,iOS,0,0,0,21,Saturday,2026-03,0,0,-0.2393452278860892
TXN102845,2026-02-14 18:13:22,2026-02-14,9661.75,Utilities,Mobile Wallet,Ahmedabad,India,Mobile,Android,0,0,0,18,Saturday,2026-02,0,0,-0.03485934293772197
TXN102846,2026-04-17 09:15:32,2026-04-17,933.49,Utilities,Bank Transfer,Chennai,India,Digital,MacOS,0,1,0,9,Friday,2026-04,0,0,-0.182911697815899
TXN102847,2026-03-25 21:55:29,2026-03-25,284.13,Food & Dining,Bank Transfer,Mumbai,India,Digital,iOS,0,1,0,21,Wednesday,2026-03,0,0,-0.08554025153325884
TXN102848,2026-03-23 19:13:26,2026-03-23,3890.35,Online Services,Mobile Wallet,Hyderabad,India,Mobile,iOS,0,0,0,19,Monday,2026-03,0,0,-0.18474528455067935
TXN102849,2026-04-17 00:37:31,2026-04-17,1963.97,Fashion,Online,Hyderabad,India,Digital,iOS,0,0,0,0,Friday,2026-04,1,0,-0.19640282482335597
TXN102850,2026-01-21 12:41:57,2026-01-21,1520.95,Online Services,Bank Transfer,Bengaluru,India,Digital,iOS,0,0,0,12,Wednesday,2026-01,0,0,-0.2528492995220091
TXN102851,2026-06-27 07:30:27,2026-06-27,774.14,Travel,Mobile Wallet,Ahmedabad,India,Mobile,iOS,0,0,0,7,Saturday,2026-06,0,0,-0.2536422047392117
TXN102852,2026-06-10 02:39:43,2026-06-10,1137.58,Travel,Mobile Wallet,Bengaluru,India,Mobile,iOS,0,0,0,2,Wednesday,2026-06,1,0,-0.2225054679737009
TXN102853,2026-01-07 13:59:47,2026-01-07,193.47,Grocery,Online,Chennai,India,Digital,Windows,0,1,0,13,Wednesday,2026-01,0,0,-0.03937573539017458
TXN102854,2026-03-11 06:25:04,2026-03-11,882.85,Utilities,POS,Delhi,India,In-Store,Android,0,1,0,6,Wednesday,2026-03,0,0,-0.18644157794085991
TXN102855,2026-05-07 03:23:44,2026-05-07,7827.72,Fashion,Bank Transfer,Pune,India,Digital,Windows,0,0,0,3,Thursday,2026-05,1,0,-0.017620097041605387
TXN102856,2026-05-23 16:50:24,2026-05-23,511.08,Electronics,Online,Pune,India,Digital,Android,0,0,0,16,Saturday,2026-05,0,0,-0.23538233461843283
TXN102857,2026-06-09 15:34:18,2026-06-09,3712.48,Electronics,ATM,Ahmedabad,India,ATM,Android,0,0,0,15,Tuesday,2026-06,0,0,-0.19477183959619382
TXN102858,2026-05-28 08:08:19,2026-05-28,284.88,Online Services,Online,Ahmedabad,India,Digital,MacOS,0,0,0,8,Thursday,2026-05,0,0,-0.17144097020196097
TXN102859,2026-05-23 21:49:32,2026-05-23,723.02,Online Services,POS,Mumbai,India,In-Store,Android,0,0,0,21,Saturday,2026-05,0,0,-0.24839536476751534
TXN102860,2026-06-25 23:44:29,2026-06-25,398.56,Food & Dining,POS,Chennai,India,In-Store,iOS,0,1,0,23,Thursday,2026-06,1,0,-0.06114900629706199
TXN102861,2026-05-29 21:38:48,2026-05-29,1543.57,Entertainment,POS,Delhi,India,In-Store,Windows,0,0,0,21,Friday,2026-05,0,0,-0.2528091736811107
TXN102862,2026-06-19 20:24:34,2026-06-19,1303.31,Food & Dining,POS,Lucknow,India,In-Store,Windows,0,1,0,20,Friday,2026-06,0,0,-0.18429762909685676
TXN102863,2026-06-03 01:09:01,2026-06-03,386.69,Fashion,POS,Chennai,India,In-Store,Android,0,0,0,1,Wednesday,2026-06,1,0,-0.15527525958056765
TXN102864,2026-04-30 06:29:10,2026-04-30,1176.89,Online Services,Online,Lucknow,India,Digital,iOS,0,0,0,6,Thursday,2026-04,0,0,-0.2585062389601057
TXN102865,2026-05-08 20:51:22,2026-05-08,1210.77,Grocery,Online,Jaipur,India,Digital,Windows,0,0,0,20,Friday,2026-05,0,0,-0.26193786997072255
TXN102866,2026-05-22 19:41:11,2026-05-22,1261.35,Fashion,Online,Hyderabad,India,Digital,Android,0,2,0,19,Friday,2026-05,0,0,-0.01463948070654697
TXN102867,2026-02-26 01:24:37,2026-02-26,2171.44,Fashion,Online,Ahmedabad,India,Digital,Android,0,0,0,1,Thursday,2026-02,1,0,-0.1917794605234665
TXN102868,2026-06-14 12:46:55,2026-06-14,3835.42,Food & Dining,ATM,Mumbai,India,ATM,Android,0,0,0,12,Sunday,2026-06,0,0,-0.18772835241328584
TXN102869,2026-02-27 19:45:47,2026-02-27,671.1,Food & Dining,Bank Transfer,Ahmedabad,India,Digital,Android,0,0,0,19,Friday,2026-02,0,0,-0.24530550329396061
TXN102870,2026-01-21 16:26:20,2026-01-21,858.27,Food & Dining,Online,Pune,India,Digital,Windows,1,0,0,16,Wednesday,2026-01,0,0,-0.05552367347234588
TXN102871,2026-03-23 11:20:57,2026-03-23,954.69,Electronics,Online,Ahmedabad,India,Digital,iOS,0,0,0,11,Monday,2026-03,0,0,-0.2555571716527198
TXN102872,2026-03-10 16:37:20,2026-03-10,386.96,Food & Dining,Bank Transfer,Pune,India,Digital,iOS,0,0,0,16,Tuesday,2026-03,0,0,-0.20340717080727294
TXN102873,2026-05-11 16:38:22,2026-05-11,489.69,Travel,POS,Bengaluru,India,In-Store,Android,0,1,0,16,Monday,2026-05,0,0,-0.15245080431399294
TXN102874,2026-03-28 01:32:57,2026-03-28,1720.88,Electronics,Mobile Wallet,Ahmedabad,India,Mobile,Android,0,0,0,1,Saturday,2026-03,1,0,-0.20747683527215405
TXN102875,2026-06-14 05:33:22,2026-06-14,5115.16,Grocery,Bank Transfer,Chennai,India,Digital,iOS,0,1,0,5,Sunday,2026-06,1,0,-0.02189896973478478
TXN102876,2026-02-18 14:05:11,2026-02-18,477.37,Utilities,POS,Lucknow,India,In-Store,MacOS,0,0,0,14,Wednesday,2026-02,0,0,-0.23209398706366657
TXN102877,2026-05-27 10:57:31,2026-05-27,6867.56,Fashion,Online,Chennai,India,Digital,Windows,0,0,0,10,Wednesday,2026-05,0,0,-0.08082071799600021
TXN102878,2026-04-25 13:38:23,2026-04-25,697.09,Entertainment,POS,Kolkata,India,In-Store,MacOS,0,1,0,13,Saturday,2026-04,0,0,-0.18225512703315194
TXN102879,2026-03-30 07:57:27,2026-03-30,2891.47,Healthcare,Online,Pune,India,Digital,iOS,0,0,0,7,Monday,2026-03,0,0,-0.21796130067426345
TXN102880,2026-03-26 09:40:31,2026-03-26,1546.11,Healthcare,Online,Jaipur,India,Digital,Android,0,0,0,9,Thursday,2026-03,0,0,-0.25290527949024055
TXN102881,2026-05-08 18:33:50,2026-05-08,1281.54,Food & Dining,Online,Kolkata,India,Digital,Android,0,1,0,18,Friday,2026-05,0,0,-0.18481029694152257
TXN102882,2026-05-20 22:23:52,2026-05-20,779.3,Fashion,Bank Transfer,Bengaluru,India,Digital,MacOS,0,0,0,22,Wednesday,2026-05,0,0,-0.25333473088711067
TXN102883,2026-06-18 10:13:53,2026-06-18,1110.62,Fashion,POS,Chennai,India,In-Store,iOS,0,0,0,10,Thursday,2026-06,0,0,-0.2606218512088001
TXN102884,2026-06-10 06:46:38,2026-06-10,620.96,Entertainment,Online,Jaipur,India,Digital,Windows,0,0,0,6,Wednesday,2026-06,0,0,-0.2477388276506856
TXN102885,2026-06-27 17:05:54,2026-06-27,2336.8,Food & Dining,Bank Transfer,Lucknow,India,Digital,Windows,0,0,0,17,Saturday,2026-06,0,0,-0.2404408967997831
TXN102886,2026-04-27 14:05:55,2026-04-27,2681.93,Online Services,POS,Delhi,India,In-Store,Windows,0,0,0,14,Monday,2026-04,0,0,-0.22865788711251334
TXN102887,2026-05-07 04:55:06,2026-05-07,651.71,Online Services,POS,Mumbai,India,In-Store,Android,0,0,0,4,Thursday,2026-05,1,0,-0.1958928209345036
TXN102888,2026-03-12 06:12:20,2026-03-12,295.19,Electronics,Online,Ahmedabad,India,Digital,iOS,0,1,0,6,Thursday,2026-03,0,0,-0.09267100958396868
TXN102889,2026-03-27 18:03:14,2026-03-27,843.64,Electronics,POS,Ahmedabad,India,In-Store,Windows,0,0,0,18,Friday,2026-03,0,0,-0.257846382356725
TXN102890,2026-02-02 17:44:44,2026-02-02,5381.73,Entertainment,Mobile Wallet,Delhi,India,Mobile,iOS,0,0,0,17,Monday,2026-02,0,0,-0.12260893110229665
TXN102891,2026-03-22 23:26:01,2026-03-22,1320.23,Travel,Online,Ahmedabad,India,Digital,Windows,0,0,0,23,Sunday,2026-03,1,0,-0.2132346137774403
TXN102892,2026-06-01 04:51:22,2026-06-01,2759.39,Grocery,Online,Chennai,India,Digital,MacOS,0,2,0,4,Monday,2026-06,1,1,0.05090918192011795
TXN102893,2026-03-02 15:03:45,2026-03-02,522.05,Online Services,Online,Delhi,India,Digital,Android,0,1,0,15,Monday,2026-03,0,0,-0.15790114942497924
TXN102894,2026-03-02 16:20:49,2026-03-02,743.25,Electronics,Online,Kolkata,India,Digital,iOS,0,1,0,16,Monday,2026-03,0,0,-0.1851403520207161
TXN102895,2026-04-08 20:47:34,2026-04-08,855.27,Online Services,POS,Kolkata,India,In-Store,Windows,0,1,0,20,Wednesday,2026-04,0,0,-0.18549571580534102
TXN102896,2026-01-28 11:27:36,2026-01-28,429.71,Healthcare,Bank Transfer,Bengaluru,India,Digital,Windows,0,0,0,11,Wednesday,2026-01,0,0,-0.219389623565874
TXN102897,2026-02-12 22:31:50,2026-02-12,1253.24,Utilities,Mobile Wallet,Mumbai,India,Mobile,iOS,0,1,0,22,Thursday,2026-02,0,0,-0.18467609352602765
TXN102898,2026-06-18 04:04:10,2026-06-18,569.79,Electronics,Online,Hyderabad,India,Digital,Windows,0,0,0,4,Thursday,2026-06,1,0,-0.1950582534129114
TXN102899,2026-06-16 12:48:38,2026-06-16,2342.92,Electronics,POS,Delhi,India,In-Store,iOS,0,1,1,12,Tuesday,2026-06,0,0,-0.15962852414765644
TXN102900,2026-03-27 08:02:10,2026-03-27,1177.76,Food & Dining,ATM,Hyderabad,India,ATM,iOS,0,1,1,8,Friday,2026-03,0,0,-0.1837656117328717
TXN102901,2026-06-26 23:48:27,2026-06-26,3585.69,Electronics,POS,Ahmedabad,India,In-Store,Android,0,0,0,23,Friday,2026-06,1,0,-0.1351406241453983
TXN102902,2026-01-17 03:16:41,2026-01-17,286.6,Travel,POS,Delhi,India,In-Store,Android,0,0,0,3,Saturday,2026-01,1,0,-0.10771988077700989
TXN102903,2026-04-08 14:16:00,2026-04-08,717.04,Travel,Online,Mumbai,India,Digital,MacOS,0,0,0,14,Wednesday,2026-04,0,0,-0.24806337304321446
TXN102904,2026-04-08 04:35:59,2026-04-08,791.61,Electronics,POS,Bengaluru,India,In-Store,MacOS,0,0,0,4,Wednesday,2026-04,1,0,-0.20637784860571678
TXN102905,2026-03-06 08:58:54,2026-03-06,1588.54,Electronics,POS,Lucknow,India,In-Store,iOS,0,0,0,8,Friday,2026-03,0,0,-0.2535143130458794
TXN102906,2026-03-15 03:41:28,2026-03-15,782.41,Utilities,Bank Transfer,Kolkata,India,Digital,Windows,0,0,0,3,Sunday,2026-03,1,0,-0.20880931933284547
TXN102907,2026-03-26 06:13:18,2026-03-26,4350.0,Electronics,Bank Transfer,Pune,India,Digital,Android,0,0,0,6,Thursday,2026-03,0,0,-0.16921397519491538
TXN102908,2026-01-05 21:10:30,2026-01-05,946.46,Grocery,Online,Pune,India,Digital,Android,0,0,0,21,Monday,2026-01,0,0,-0.2579890166298908
TXN102909,2026-01-02 03:23:11,2026-01-02,531.48,Entertainment,Online,Kolkata,India,Digital,MacOS,0,0,0,3,Friday,2026-01,1,0,-0.18579366845851242
TXN102910,2026-01-22 05:00:51,2026-01-22,964.15,Jewelry,Mobile Wallet,Ahmedabad,India,Mobile,iOS,0,0,0,5,Thursday,2026-01,1,0,-0.21871012060509587
TXN102911,2026-04-22 17:08:35,2026-04-22,845.13,Fashion,POS,Bengaluru,India,In-Store,iOS,0,0,0,17,Wednesday,2026-04,0,0,-0.257846382356725
TXN102912,2026-02-26 02:58:57,2026-02-26,2304.45,Grocery,Mobile Wallet,Bengaluru,India,Mobile,MacOS,0,0,0,2,Thursday,2026-02,1,0,-0.1884408363243949
TXN102913,2026-03-07 18:05:40,2026-03-07,788.83,Food & Dining,Online,Lucknow,India,Digital,Android,0,1,0,18,Saturday,2026-03,0,0,-0.18720031135029686
TXN102914,2026-03-15 07:00:51,2026-03-15,324.95,Online Services,POS,Ahmedabad,India,In-Store,iOS,0,0,0,7,Sunday,2026-03,0,0,-0.18583483889324193
TXN102915,2026-04-08 14:09:35,2026-04-08,1263.97,Utilities,POS,Kolkata,India,In-Store,Android,0,0,0,14,Wednesday,2026-04,0,0,-0.26081899220597504
TXN102916,2026-05-24 01:25:47,2026-05-24,651.53,Entertainment,Mobile Wallet,Lucknow,India,Mobile,MacOS,0,0,0,1,Sunday,2026-05,1,0,-0.19604568570637165
TXN102917,2026-04-22 14:01:48,2026-04-22,435.37,Travel,Online,Chennai,India,Digital,MacOS,0,0,0,14,Wednesday,2026-04,0,0,-0.2210702900952563
TXN102918,2026-06-28 14:30:24,2026-06-28,1116.62,Food & Dining,Online,Hyderabad,India,Digital,Android,0,0,0,14,Sunday,2026-06,0,0,-0.2606218512088001
TXN102919,2026-05-05 05:27:23,2026-05-05,986.64,Grocery,POS,Pune,India,In-Store,Windows,0,0,0,5,Tuesday,2026-05,1,0,-0.22007824667163534
TXN102920,2026-06-16 10:49:27,2026-06-16,919.41,Healthcare,Mobile Wallet,Jaipur,India,Mobile,Windows,0,0,0,10,Tuesday,2026-06,0,0,-0.2592117163059741
TXN102921,2026-03-27 11:18:53,2026-03-27,1350.65,Healthcare,Mobile Wallet,Pune,India,Mobile,Android,0,0,0,11,Friday,2026-03,0,0,-0.25749337037193987
TXN102922,2026-03-17 23:20:03,2026-03-17,690.14,Jewelry,Mobile Wallet,Ahmedabad,India,Mobile,Android,0,2,0,23,Tuesday,2026-03,1,1,0.03394008967922879
TXN102923,2026-03-29 09:40:08,2026-03-29,1203.21,Travel,Mobile Wallet,Mumbai,India,Mobile,Android,0,0,0,9,Sunday,2026-03,0,0,-0.2614552824269687
TXN102924,2026-06-17 18:41:28,2026-06-17,684.25,Unknown,Online,Pune,India,Digital,Android,0,0,0,18,Wednesday,2026-06,0,0,-0.24686084791487473
TXN102925,2026-02-07 16:22:39,2026-02-07,2117.09,Food & Dining,Online,Delhi,India,Digital,iOS,0,0,0,16,Saturday,2026-02,0,0,-0.24620030826671319
TXN102926,2026-02-28 00:30:49,2026-02-28,1075.99,Healthcare,Online,Bengaluru,India,Digital,iOS,0,0,0,0,Saturday,2026-02,1,0,-0.2223307418018879
TXN102927,2026-05-18 18:56:18,2026-05-18,4446.22,Utilities,POS,Pune,India,In-Store,MacOS,0,1,0,18,Monday,2026-05,0,0,-0.09106688991682699
TXN102928,2026-04-09 18:38:56,2026-04-09,738.11,Electronics,Bank Transfer,Delhi,India,Digital,Android,0,1,0,18,Thursday,2026-04,0,0,-0.1851403520207161
TXN102929,2026-03-04 16:52:20,2026-03-04,1459.32,Travel,Mobile Wallet,Hyderabad,India,Mobile,Windows,0,1,0,16,Wednesday,2026-03,0,0,-0.17903866244184047
TXN102930,2026-02-18 23:58:42,2026-02-18,2707.46,Food & Dining,Online,Pune,India,Digital,Android,0,0,0,23,Wednesday,2026-02,1,0,-0.17293316807714115
TXN102931,2026-02-01 12:22:45,2026-02-01,1684.08,Fashion,ATM,Chennai,India,ATM,Android,0,0,0,12,Sunday,2026-02,0,0,-0.25522821870017426
TXN102932,2026-05-15 05:36:23,2026-05-15,1227.03,Online Services,Mobile Wallet,Pune,India,Mobile,Windows,0,0,0,5,Friday,2026-05,1,0,-0.21817306944157638
TXN102933,2026-01-21 00:18:52,2026-01-21,1434.89,Food & Dining,POS,Pune,India,In-Store,Android,0,1,0,0,Wednesday,2026-01,1,0,-0.11515078945617896
TXN102934,2026-01-20 10:37:39,2026-01-20,1645.87,Utilities,Online,Ahmedabad,India,Digital,MacOS,0,0,0,10,Tuesday,2026-01,0,0,-0.2531710871809636
TXN102935,2026-06-03 17:41:08,2026-06-03,1391.72,Food & Dining,POS,Jaipur,India,In-Store,MacOS,0,0,0,17,Wednesday,2026-06,0,0,-0.2546675231746822
TXN102936,2026-05-07 10:42:43,2026-05-07,1083.81,Utilities,POS,Chennai,India,In-Store,Windows,0,2,0,10,Thursday,2026-05,0,0,-0.014141003506550676
TXN102937,2026-03-09 03:02:11,2026-03-09,1977.75,Fashion,ATM,Pune,India,ATM,Android,0,0,0,3,Monday,2026-03,1,0,-0.1967115720153177
TXN102938,2026-04-20 20:19:29,2026-04-20,1024.75,Online Services,POS,Pune,India,In-Store,MacOS,1,1,0,20,Monday,2026-04,0,1,0.028163899532555936
TXN102939,2026-04-26 14:03:59,2026-04-26,498.8,Travel,Online,Pune,India,Digital,Android,0,2,0,14,Sunday,2026-04,0,1,0.0006543877138077692
TXN102940,2026-05-23 16:21:41,2026-05-23,5691.65,Food & Dining,Mobile Wallet,Delhi,India,Mobile,MacOS,0,0,0,16,Saturday,2026-05,0,0,-0.11325627282298611
TXN102941,2026-04-30 00:17:24,2026-04-30,2212.69,Electronics,POS,Hyderabad,India,In-Store,iOS,0,0,0,0,Thursday,2026-04,1,0,-0.1926490138970871
TXN102942,2026-03-20 12:58:11,2026-03-20,528.89,Food & Dining,POS,Mumbai,India,In-Store,Android,0,1,0,12,Friday,2026-03,0,0,-0.15868712083490655
TXN102943,2026-04-26 06:46:03,2026-04-26,901.89,Travel,Mobile Wallet,Mumbai,India,Mobile,Windows,0,2,0,6,Sunday,2026-04,0,0,-0.014448988683612107
TXN102944,2026-04-02 12:58:14,2026-04-02,695.22,Travel,Online,Mumbai,India,Digital,iOS,0,0,0,12,Thursday,2026-04,0,0,-0.24607724115839968
TXN102945,2026-01-14 00:26:22,2026-01-14,736.2,Jewelry,Online,Kolkata,India,Digital,Windows,0,0,0,0,Wednesday,2026-01,1,0,-0.2054773351851094
TXN102946,2026-06-04 22:11:50,2026-06-04,2194.45,Electronics,Bank Transfer,Mumbai,India,Digital,iOS,0,1,0,22,Thursday,2026-06,0,0,-0.1631174666150773
TXN102947,2026-05-05 18:34:04,2026-05-05,841.09,Utilities,Online,Pune,India,Digital,Android,0,1,0,18,Tuesday,2026-05,0,0,-0.1872929949314252
TXN102948,2026-06-17 05:55:01,2026-06-17,5079.04,Jewelry,Bank Transfer,Delhi,India,Digital,Android,0,0,0,5,Wednesday,2026-06,1,0,-0.08758261768372622
TXN102949,2026-02-27 20:38:49,2026-02-27,266.84,Grocery,Online,Pune,India,Digital,Android,0,0,0,20,Friday,2026-02,0,0,-0.15977449495508678
TXN102950,2026-01-28 00:27:00,2026-01-28,1070.9,Healthcare,Online,Pune,India,Digital,iOS,0,0,0,0,Wednesday,2026-01,1,0,-0.22285076360285155
TXN102951,2026-01-26 17:17:04,2026-01-26,377.97,Travel,POS,Bengaluru,India,In-Store,Android,0,0,0,17,Monday,2026-01,0,0,-0.2001590560259403
TXN102952,2026-04-23 15:44:15,2026-04-23,1425.07,Grocery,Online,Ahmedabad,India,Digital,iOS,0,1,0,15,Thursday,2026-04,0,0,-0.17968033199534794
TXN102953,2026-03-07 10:25:34,2026-03-07,1568.6,Fashion,Bank Transfer,Hyderabad,India,Digital,Android,0,1,0,10,Saturday,2026-03,0,0,-0.17837884902632684
TXN102954,2026-06-02 10:56:30,2026-06-02,2251.2,Jewelry,ATM,Kolkata,India,ATM,iOS,0,0,0,10,Tuesday,2026-06,0,0,-0.2428331428528518
TXN102955,2026-05-11 19:53:49,2026-05-11,410.92,Grocery,Mobile Wallet,Hyderabad,India,Mobile,iOS,0,0,0,19,Monday,2026-05,0,0,-0.21493410264514556
TXN102956,2026-02-13 15:30:56,2026-02-13,1548.61,Food & Dining,Bank Transfer,Mumbai,India,Digital,Windows,0,0,0,15,Friday,2026-02,0,0,-0.2534943846471777
TXN102957,2026-04-07 13:40:52,2026-04-07,545.24,Food & Dining,Online,Pune,India,Digital,Windows,0,1,0,13,Tuesday,2026-04,0,0,-0.16392334873915848
TXN102958,2026-02-11 15:30:09,2026-02-11,1183.98,Online Services,Bank Transfer,Chennai,India,Digital,MacOS,0,0,0,15,Wednesday,2026-02,0,0,-0.26019474334396087
TXN102959,2026-01-06 06:10:59,2026-01-06,770.05,Grocery,ATM,Jaipur,India,ATM,Android,0,2,0,6,Tuesday,2026-01,0,0,-0.012769253350200627
TXN102960,2026-06-16 05:44:15,2026-06-16,398.76,Healthcare,ATM,Jaipur,India,ATM,Android,0,0,0,5,Tuesday,2026-06,1,0,-0.15784507499313127
TXN102961,2026-06-29 09:10:05,2026-06-29,1954.39,Healthcare,Mobile Wallet,Ahmedabad,India,Mobile,iOS,0,0,0,9,Monday,2026-06,0,0,-0.248073490454503
TXN102962,2026-01-23 08:47:09,2026-01-23,891.71,Entertainment,ATM,Kolkata,India,ATM,MacOS,0,0,1,8,Friday,2026-01,0,0,-0.26018847820937513
TXN102963,2026-03-30 06:33:30,2026-03-30,2177.82,Jewelry,POS,Delhi,India,In-Store,iOS,0,0,0,6,Monday,2026-03,0,0,-0.2440727192812791
TXN102964,2026-05-03 15:53:04,2026-05-03,2305.87,Utilities,ATM,Ahmedabad,India,ATM,Android,0,1,0,15,Sunday,2026-05,0,0,-0.1594573644027854
TXN102965,2026-06-27 06:00:02,2026-06-27,3130.86,Grocery,Online,Bengaluru,India,Digital,Windows,0,0,0,6,Saturday,2026-06,0,0,-0.21231961845710384
TXN102966,2026-06-20 23:52:25,2026-06-20,731.11,Food & Dining,Online,Pune,India,Digital,Windows,0,0,0,23,Saturday,2026-06,1,0,-0.20556176660807862
TXN102967,2026-05-27 03:05:10,2026-05-27,521.58,Fashion,ATM,Lucknow,India,ATM,Windows,0,1,0,3,Wednesday,2026-05,1,0,-0.07636395574656607
TXN102968,2026-02-20 01:41:13,2026-02-20,2865.6,Travel,Online,Kolkata,India,Digital,iOS,0,0,0,1,Friday,2026-02,1,0,-0.16626860334443205
TXN102969,2026-01-11 22:26:58,2026-01-11,4258.77,Food & Dining,Online,Pune,India,Digital,iOS,0,0,0,22,Sunday,2026-01,0,0,-0.17331856475109975
TXN102970,2026-01-12 02:49:55,2026-01-12,3226.3,Fashion,Online,Chennai,India,Digital,iOS,0,0,0,2,Monday,2026-01,1,0,-0.1480816217839666
TXN102971,2026-03-15 00:25:37,2026-03-15,425.71,Fashion,ATM,Hyderabad,India,ATM,iOS,0,0,0,0,Sunday,2026-03,1,0,-0.16832094199933428
TXN102972,2026-01-08 04:45:38,2026-01-08,1902.53,Jewelry,POS,Delhi,India,In-Store,Android,0,0,0,4,Thursday,2026-01,1,0,-0.19727467085564032
TXN102973,2026-06-01 12:18:48,2026-06-01,1135.11,Grocery,Bank Transfer,Jaipur,India,Digital,Android,0,0,0,12,Monday,2026-06,0,0,-0.2610746026896955
TXN102974,2026-02-10 12:50:02,2026-02-10,1060.86,Online Services,POS,Kolkata,India,In-Store,Android,0,0,0,12,Tuesday,2026-02,0,0,-0.2592789570275654
TXN102975,2026-06-13 11:09:24,2026-06-13,847.85,Food & Dining,POS,Kolkata,India,In-Store,Windows,0,0,0,11,Saturday,2026-06,0,0,-0.25747932400603535
TXN102976,2026-03-26 15:10:59,2026-03-26,451.04,Entertainment,POS,Hyderabad,India,In-Store,iOS,0,1,0,15,Thursday,2026-03,0,0,-0.1419677725893359
TXN102977,2026-03-13 23:55:55,2026-03-13,1865.04,Online Services,ATM,Chennai,India,ATM,MacOS,0,1,0,23,Friday,2026-03,1,0,-0.10745492654227395
TXN102978,2026-02-24 13:48:12,2026-02-24,801.39,Fashion,POS,Pune,India,In-Store,Windows,0,1,0,13,Tuesday,2026-02,0,0,-0.18717647488283884
TXN102979,2026-05-17 06:54:05,2026-05-17,1298.77,Fashion,Mobile Wallet,Delhi,India,Mobile,Windows,0,0,0,6,Sunday,2026-05,0,0,-0.2592622275967126
TXN102980,2026-02-16 08:29:22,2026-02-16,5145.79,Fashion,Mobile Wallet,Hyderabad,India,Mobile,Android,0,0,0,8,Monday,2026-02,0,0,-0.13063117194971408
TXN102981,2026-05-23 07:47:16,2026-05-23,713.73,Fashion,Mobile Wallet,Hyderabad,India,Mobile,Android,0,0,0,7,Saturday,2026-05,0,0,-0.24818165875810666
TXN102982,2026-06-25 16:52:32,2026-06-25,864.22,Online Services,Mobile Wallet,Hyderabad,India,Mobile,Android,0,1,0,16,Thursday,2026-06,0,0,-0.18553250214227435
TXN102983,2026-04-14 20:37:13,2026-04-14,962.61,Utilities,POS,Kolkata,India,In-Store,iOS,0,0,0,20,Tuesday,2026-04,0,0,-0.25590695458016643
TXN102984,2026-02-11 23:04:09,2026-02-11,799.96,Grocery,POS,Kolkata,India,In-Store,iOS,0,0,0,23,Wednesday,2026-02,1,0,-0.20799969691164755
TXN102985,2026-03-01 19:04:41,2026-03-01,820.06,Grocery,Bank Transfer,Kolkata,India,Digital,Android,0,0,0,19,Sunday,2026-03,0,0,-0.25663513793929876
TXN102986,2026-01-12 07:43:38,2026-01-12,1916.33,Fashion,Bank Transfer,Kolkata,India,Digital,Windows,0,0,0,7,Monday,2026-01,0,0,-0.2495893216580647
TXN102987,2026-05-10 08:29:04,2026-05-10,3161.15,Grocery,Mobile Wallet,Delhi,India,Mobile,iOS,0,1,0,8,Sunday,2026-05,0,0,-0.11888725833392
TXN102988,2026-01-07 17:22:12,2026-01-07,1216.71,Entertainment,Bank Transfer,Chennai,India,Digital,Windows,0,1,0,17,Wednesday,2026-01,0,0,-0.1855954386993473
TXN102989,2026-03-21 21:50:36,2026-03-21,1982.06,Electronics,Mobile Wallet,Lucknow,India,Mobile,MacOS,0,0,0,21,Saturday,2026-03,0,0,-0.24764753654695754
TXN102990,2026-05-11 16:01:45,2026-05-11,955.06,Food & Dining,POS,Delhi,India,In-Store,MacOS,0,0,0,16,Monday,2026-05,0,0,-0.2555571716527198
TXN102991,2026-04-19 05:35:04,2026-04-19,936.0,Grocery,Mobile Wallet,Chennai,India,Mobile,Android,0,0,0,5,Sunday,2026-04,1,0,-0.2150465008475143
TXN102992,2026-01-03 19:20:03,2026-01-03,796.4,Travel,Bank Transfer,Pune,India,Digital,Android,0,2,0,19,Saturday,2026-01,0,0,-0.012365145497739816
TXN102993,2026-01-27 16:23:45,2026-01-27,594.82,Healthcare,Bank Transfer,Bengaluru,India,Digital,iOS,0,1,0,16,Tuesday,2026-01,0,0,-0.17041669556164718
TXN102994,2026-04-24 08:58:37,2026-04-24,2948.67,Food & Dining,POS,Pune,India,In-Store,Android,0,1,0,8,Friday,2026-04,0,0,-0.13341480548223983
TXN102995,2026-04-17 08:43:36,2026-04-17,733.97,Jewelry,Bank Transfer,Chennai,India,Digital,Android,0,0,0,8,Friday,2026-04,0,0,-0.25155251840206333
TXN102996,2026-02-09 11:40:12,2026-02-09,1787.97,Online Services,Mobile Wallet,Hyderabad,India,Mobile,MacOS,0,0,0,11,Monday,2026-02,0,0,-0.25094246710037144
TXN102997,2026-06-10 18:54:05,2026-06-10,561.33,Fashion,Online,Lucknow,India,Digital,MacOS,0,0,0,18,Wednesday,2026-06,0,0,-0.23872750580825236
TXN102998,2026-05-09 05:56:40,2026-05-09,1137.63,Grocery,ATM,Jaipur,India,ATM,Android,0,0,0,5,Saturday,2026-05,1,0,-0.2225054679737009
TXN102999,2026-01-08 13:24:30,2026-01-08,1095.93,Online Services,POS,Ahmedabad,India,In-Store,Windows,0,0,0,13,Thursday,2026-01,0,0,-0.2603812914013819
TXN103000,2026-04-11 20:01:09,2026-04-11,564.95,Online Services,Mobile Wallet,Kolkata,India,Mobile,Android,0,0,0,20,Saturday,2026-04,0,0,-0.23906121423124282
TXN103001,2026-06-09 13:50:33,2026-06-09,830.98,Utilities,POS,Mumbai,India,In-Store,Android,0,0,0,13,Tuesday,2026-06,0,0,-0.25734666479158597
TXN103002,2026-05-04 17:40:44,2026-05-04,466.45,Grocery,Online,Jaipur,India,Digital,Windows,0,0,0,17,Monday,2026-05,0,0,-0.23151283713097198
TXN103003,2026-06-25 22:16:46,2026-06-25,1111.44,Jewelry,POS,Jaipur,India,In-Store,iOS,0,0,0,22,Thursday,2026-06,0,0,-0.2606218512088001
TXN103004,2026-04-17 19:17:48,2026-04-17,268.15,Travel,ATM,Pune,India,ATM,Windows,0,1,0,19,Friday,2026-04,0,0,-0.07599769145316382
TXN103005,2026-04-11 16:31:13,2026-04-11,1047.11,Healthcare,Online,Kolkata,India,Digital,MacOS,0,0,0,16,Saturday,2026-04,0,0,-0.2578030098186984
TXN103006,2026-01-04 12:43:29,2026-01-04,1845.95,Online Services,ATM,Bengaluru,India,ATM,Android,0,0,0,12,Sunday,2026-01,0,0,-0.25297708181366846
TXN103007,2026-04-20 10:38:48,2026-04-20,1085.32,Electronics,Mobile Wallet,Chennai,India,Mobile,MacOS,0,0,0,10,Monday,2026-04,0,0,-0.2602175385516857
TXN103008,2026-01-19 10:13:04,2026-01-19,626.3,Online Services,Mobile Wallet,Kolkata,India,Mobile,Android,0,0,0,10,Monday,2026-01,0,0,-0.2462710993295834
TXN103009,2026-02-01 06:35:23,2026-02-01,652.34,Travel,Online,Mumbai,India,Digital,Android,0,0,0,6,Sunday,2026-02,0,0,-0.24415733903136072
TXN103010,2026-05-17 16:50:46,2026-05-17,2882.82,Jewelry,Mobile Wallet,Mumbai,India,Mobile,Android,0,0,0,16,Sunday,2026-05,0,0,-0.21816285622432013
TXN103011,2026-01-12 18:24:15,2026-01-12,1244.59,Travel,Bank Transfer,Chennai,India,Digital,Windows,0,0,0,18,Monday,2026-01,0,0,-0.26078511444509717
TXN103012,2026-05-19 00:01:14,2026-05-19,2155.26,Jewelry,Online,Jaipur,India,Digital,Windows,0,0,0,0,Tuesday,2026-05,1,0,-0.19276836553122684
TXN103013,2026-02-15 07:21:38,2026-02-15,2331.23,Grocery,Online,Kolkata,India,Digital,MacOS,0,2,0,7,Sunday,2026-02,0,0,-0.0008055919954427226
TXN103014,2026-04-29 18:12:02,2026-04-29,767.71,Healthcare,Online,Mumbai,India,Digital,Android,0,0,0,18,Wednesday,2026-04,0,0,-0.25391513383119463
TXN103015,2026-01-16 05:42:21,2026-01-16,492.11,Food & Dining,Mobile Wallet,Chennai,India,Mobile,Android,0,2,0,5,Friday,2026-01,1,1,0.04278699607022829
TXN103016,2026-05-09 12:45:29,2026-05-09,1838.79,Food & Dining,Online,Ahmedabad,India,Digital,Android,0,0,0,12,Saturday,2026-05,0,0,-0.25207536924712715
TXN103017,2026-03-04 07:13:48,2026-03-04,552.38,Electronics,Online,Ahmedabad,India,Digital,iOS,0,0,0,7,Wednesday,2026-03,0,0,-0.23647707104021537
TXN103018,2026-04-19 08:12:25,2026-04-19,683.79,Healthcare,Bank Transfer,Delhi,India,Digital,Android,0,0,0,8,Sunday,2026-04,0,0,-0.24686084791487473
TXN103019,2026-04-29 22:06:09,2026-04-29,1191.43,Electronics,ATM,Kolkata,India,ATM,Android,0,2,0,22,Wednesday,2026-04,0,0,-0.015245161316787437
TXN103020,2026-01-21 08:47:53,2026-01-21,897.0,Food & Dining,Bank Transfer,Lucknow,India,Digital,Android,0,0,0,8,Wednesday,2026-01,0,0,-0.26015657391614944
TXN103021,2026-06-07 08:36:14,2026-06-07,172.22,Travel,Bank Transfer,Chennai,India,Digital,Android,0,0,0,8,Sunday,2026-06,0,0,-0.07086305091187106
TXN103022,2026-01-13 16:21:39,2026-01-13,408.43,Jewelry,Online,Jaipur,India,Digital,iOS,0,1,0,16,Tuesday,2026-01,0,0,-0.1310092323848545
TXN103023,2026-06-11 06:24:57,2026-06-11,2457.72,Grocery,Mobile Wallet,Bengaluru,India,Mobile,iOS,0,0,0,6,Thursday,2026-06,0,0,-0.2351871468089437
TXN103024,2026-01-04 18:00:24,2026-01-04,1027.6,Electronics,Online,Mumbai,India,Digital,Windows,0,0,0,18,Sunday,2026-01,0,0,-0.25572467252584274
TXN103025,2026-06-05 06:32:05,2026-06-05,1970.75,Travel,POS,Hyderabad,India,In-Store,Windows,0,0,0,6,Friday,2026-06,0,0,-0.24838160790027763
TXN103026,2026-04-12 16:03:24,2026-04-12,572.9,Fashion,ATM,Kolkata,India,ATM,Windows,0,0,0,16,Sunday,2026-04,0,0,-0.239980595331583
TXN103027,2026-02-28 04:10:43,2026-02-28,450.59,Electronics,Online,Mumbai,India,Digital,Windows,0,1,0,4,Saturday,2026-02,1,0,-0.07076430407779799
TXN103028,2026-05-08 11:37:26,2026-05-08,1954.02,Food & Dining,Mobile Wallet,Delhi,India,Mobile,Android,0,0,0,11,Friday,2026-05,0,0,-0.248073490454503
TXN103029,2026-01-27 21:27:41,2026-01-27,3093.86,Online Services,POS,Chennai,India,In-Store,iOS,0,0,0,21,Tuesday,2026-01,0,0,-0.21315485087634056
TXN103030,2026-03-10 13:57:07,2026-03-10,545.58,Healthcare,Online,Jaipur,India,Digital,Android,0,0,0,13,Tuesday,2026-03,0,0,-0.23608343818002053
TXN103031,2026-01-25 14:43:48,2026-01-25,2475.54,Food & Dining,Mobile Wallet,Mumbai,India,Mobile,Android,0,0,0,14,Sunday,2026-01,0,0,-0.23390619424553943
TXN103032,2026-05-11 10:23:03,2026-05-11,502.14,Grocery,ATM,Hyderabad,India,ATM,Windows,0,0,0,10,Monday,2026-05,0,0,-0.23283184363943027
TXN103033,2026-04-07 08:11:23,2026-04-07,296.02,Healthcare,Bank Transfer,Bengaluru,India,Digital,Windows,0,0,0,8,Tuesday,2026-04,0,0,-0.174595120819929
TXN103034,2026-01-25 02:01:05,2026-01-25,1752.29,Electronics,POS,Chennai,India,In-Store,Android,0,1,0,2,Sunday,2026-01,1,0,-0.11248334780653235
TXN103035,2026-05-28 06:19:23,2026-05-28,510.83,Utilities,Mobile Wallet,Chennai,India,Mobile,Android,0,0,0,6,Thursday,2026-05,0,0,-0.23538233461843283
TXN103036,2026-06-11 21:00:52,2026-06-11,416.48,Travel,Online,Lucknow,India,Digital,iOS,1,0,0,21,Thursday,2026-06,0,0,-0.019537606733654678
TXN103037,2026-06-03 04:22:13,2026-06-03,423.77,Fashion,Online,Delhi,India,Digital,Android,1,1,0,4,Wednesday,2026-06,1,1,0.07080848808372286
TXN103038,2026-05-06 10:23:40,2026-05-06,830.26,Fashion,POS,Chennai,India,In-Store,Windows,0,0,0,10,Wednesday,2026-05,0,0,-0.25731848079286246
TXN103039,2026-05-13 02:34:07,2026-05-13,281.32,Online Services,Online,Jaipur,India,Digital,Windows,0,0,0,2,Wednesday,2026-05,1,0,-0.1045773615742649
TXN103040,2026-01-09 06:37:20,2026-01-09,1764.03,Grocery,Bank Transfer,Chennai,India,Digital,iOS,0,0,0,6,Friday,2026-01,0,0,-0.2536019259184483
TXN103041,2026-04-26 18:05:49,2026-04-26,1611.99,Food & Dining,POS,Lucknow,India,In-Store,Unknown,0,0,0,18,Sunday,2026-04,0,0,-0.253637843762089
TXN103042,2026-06-27 05:50:58,2026-06-27,1610.87,Electronics,Online,Delhi,India,Digital,Android,0,0,0,5,Saturday,2026-06,1,0,-0.21015173862787884
TXN103043,2026-05-14 09:42:09,2026-05-14,2881.76,Healthcare,Online,Kolkata,India,Digital,Android,0,0,0,9,Thursday,2026-05,0,0,-0.21816285622432013
TXN103044,2026-03-01 23:22:51,2026-03-01,2384.29,Online Services,Bank Transfer,Pune,India,Digital,Windows,0,0,1,23,Sunday,2026-03,1,0,-0.1861855729595011
TXN103045,2026-06-21 08:42:42,2026-06-21,530.53,Fashion,Mobile Wallet,Kolkata,India,Mobile,MacOS,0,0,0,8,Sunday,2026-06,0,0,-0.2345041477709473
TXN103046,2026-05-01 23:31:04,2026-05-01,1880.52,Food & Dining,POS,Ahmedabad,India,In-Store,MacOS,0,1,0,23,Friday,2026-05,1,0,-0.10745492654227395
TXN103047,2026-05-19 13:09:16,2026-05-19,2667.73,Online Services,POS,Lucknow,India,In-Store,Android,0,1,0,13,Tuesday,2026-05,0,0,-0.14220101692813925
TXN103048,2026-06-24 21:33:17,2026-06-24,2103.45,Food & Dining,Online,Chennai,India,Digital,iOS,0,0,0,21,Wednesday,2026-06,0,0,-0.24629933890025418
TXN103049,2026-04-18 01:40:41,2026-04-18,2233.35,Food & Dining,ATM,Delhi,India,ATM,Android,0,0,0,1,Saturday,2026-04,1,0,-0.19042082882246703
TXN103050,2026-04-18 21:43:29,2026-04-18,972.17,Food & Dining,Online,Kolkata,India,Digital,Windows,0,0,0,21,Saturday,2026-04,0,0,-0.2553834355286828
TXN103051,2026-05-11 17:12:34,2026-05-11,652.93,Healthcare,POS,Kolkata,India,In-Store,Windows,0,0,0,17,Monday,2026-05,0,0,-0.24568242114378402
TXN103052,2026-03-17 17:11:09,2026-03-17,909.0,Grocery,ATM,Ahmedabad,India,ATM,Windows,0,0,0,17,Tuesday,2026-03,0,0,-0.2588043803479709
TXN103053,2026-01-30 05:50:59,2026-01-30,627.15,Utilities,Mobile Wallet,Kolkata,India,Mobile,iOS,0,0,0,5,Friday,2026-01,1,0,-0.1930512594464041
TXN103054,2026-01-21 12:25:22,2026-01-21,2447.18,Fashion,POS,Lucknow,India,In-Store,Windows,0,1,0,12,Wednesday,2026-01,0,0,-0.15562866789918955
TXN103055,2026-06-05 04:52:28,2026-06-05,1273.26,Grocery,Bank Transfer,Kolkata,India,Digital,MacOS,0,0,0,4,Friday,2026-06,1,0,-0.21827048313216663
TXN103056,2026-06-10 04:11:18,2026-06-10,2119.6,Utilities,ATM,Jaipur,India,ATM,iOS,0,1,0,4,Wednesday,2026-06,1,0,-0.10177276014992032
TXN103057,2026-06-12 01:30:19,2026-06-12,344.12,Fashion,Mobile Wallet,Ahmedabad,India,Mobile,iOS,1,0,0,1,Friday,2026-06,1,1,0.03473062296438012
TXN103058,2026-06-29 09:51:30,2026-06-29,767.26,Grocery,POS,Delhi,India,In-Store,iOS,0,0,0,9,Monday,2026-06,0,0,-0.25418156784511037
TXN103059,2026-02-03 21:08:06,2026-02-03,482.9,Entertainment,POS,Delhi,India,In-Store,iOS,0,0,0,21,Tuesday,2026-02,0,0,-0.23217483692586216
TXN103060,2026-02-10 16:19:20,2026-02-10,298.7,Online Services,Mobile Wallet,Kolkata,India,Mobile,Windows,0,0,0,16,Tuesday,2026-02,0,0,-0.1753297590301094
TXN103061,2026-02-20 08:25:37,2026-02-20,1393.99,Online Services,Online,Lucknow,India,Digital,Android,0,0,0,8,Friday,2026-02,0,0,-0.25529370887093666
TXN103062,2026-06-24 00:24:28,2026-06-24,467.96,Jewelry,Online,Lucknow,India,Digital,iOS,0,0,0,0,Wednesday,2026-06,1,0,-0.17985537522547745
TXN103063,2026-03-23 06:45:09,2026-03-23,813.7,Online Services,Online,Bengaluru,India,Digital,iOS,0,0,0,6,Monday,2026-03,0,0,-0.2565535726481144
TXN103064,2026-02-27 18:25:44,2026-02-27,504.11,Grocery,Mobile Wallet,Mumbai,India,Mobile,Android,0,0,0,18,Friday,2026-02,0,0,-0.23286095934598977
TXN103065,2026-03-16 20:04:15,2026-03-16,791.57,Fashion,Online,Jaipur,India,Digital,iOS,0,0,0,20,Monday,2026-03,0,0,-0.2551660679113422
TXN103066,2026-01-23 22:44:59,2026-01-23,1756.49,Utilities,Mobile Wallet,Bengaluru,India,Mobile,iOS,0,0,0,22,Friday,2026-01,0,0,-0.254361861447072
TXN103067,2026-06-25 07:58:38,2026-06-25,510.11,Fashion,POS,Mumbai,India,In-Store,Windows,0,0,0,7,Thursday,2026-06,0,0,-0.23524277941687355
TXN103068,2026-05-08 10:30:41,2026-05-08,762.83,Entertainment,Online,Pune,India,Digital,Android,0,0,0,10,Friday,2026-05,0,0,-0.25235510941143496
TXN103069,2026-05-30 20:25:48,2026-05-30,1673.58,Entertainment,POS,Hyderabad,India,In-Store,MacOS,0,0,0,20,Saturday,2026-05,0,0,-0.25414964641472815
TXN103070,2026-01-17 23:12:45,2026-01-17,1891.84,Fashion,Online,Mumbai,India,Digital,Android,0,0,0,23,Saturday,2026-01,1,0,-0.19752897544737746
TXN103071,2026-03-10 12:57:40,2026-03-10,800.17,Online Services,ATM,Hyderabad,India,ATM,iOS,0,1,0,12,Tuesday,2026-03,0,0,-0.18717647488283884
TXN103072,2026-04-18 13:58:01,2026-04-18,1388.86,Food & Dining,Bank Transfer,Ahmedabad,India,Digital,Android,0,0,0,13,Saturday,2026-04,0,0,-0.2543189880403235
TXN103073,2026-05-19 00:12:47,2026-05-19,2108.9,Food & Dining,POS,Kolkata,India,In-Store,iOS,0,2,0,0,Tuesday,2026-05,1,1,0.03983105151757704
TXN103074,2026-04-04 01:04:55,2026-04-04,470.87,Jewelry,Online,Mumbai,India,Digital,iOS,0,1,0,1,Saturday,2026-04,1,0,-0.07166594384832325
TXN103075,2026-01-15 16:07:06,2026-01-15,619.58,Food & Dining,ATM,Lucknow,India,ATM,Android,0,0,0,16,Thursday,2026-01,0,0,-0.24784609388709883
TXN103076,2026-04-01 11:56:08,2026-04-01,813.16,Electronics,Mobile Wallet,Jaipur,India,Mobile,Android,0,0,0,11,Wednesday,2026-04,0,0,-0.2565535726481144
TXN103077,2026-06-12 11:08:17,2026-06-12,1567.85,Food & Dining,Bank Transfer,Pune,India,Digital,Android,0,0,0,11,Friday,2026-06,0,0,-0.25423887697973346
TXN103078,2026-02-02 04:15:32,2026-02-02,1273.46,Utilities,Bank Transfer,Delhi,India,Digital,iOS,0,0,0,4,Monday,2026-02,1,0,-0.21827048313216663
TXN103079,2026-05-05 04:03:41,2026-05-05,1154.81,Utilities,Online,Bengaluru,India,Digital,Android,0,0,1,4,Tuesday,2026-05,1,0,-0.22122908324154134
TXN103080,2026-01-16 21:21:10,2026-01-16,481.83,Utilities,Mobile Wallet,Kolkata,India,Mobile,Android,0,1,0,21,Friday,2026-01,0,0,-0.15127345398755593
TXN103081,2026-06-11 05:02:54,2026-06-11,2201.11,Healthcare,POS,Bengaluru,India,In-Store,MacOS,0,0,0,5,Thursday,2026-06,1,0,-0.1926490138970871
TXN103082,2026-03-07 11:15:02,2026-03-07,735.73,Travel,Online,Bengaluru,India,Digital,Android,0,0,0,11,Saturday,2026-03,0,0,-0.25155251840206333
TXN103083,2026-06-17 10:11:14,2026-06-17,886.04,Online Services,Mobile Wallet,Chennai,India,Mobile,iOS,0,2,0,10,Wednesday,2026-06,0,0,-0.014020300003905195
TXN103084,2026-06-05 10:21:00,2026-06-05,1282.09,Online Services,Mobile Wallet,Bengaluru,India,Mobile,Android,1,1,0,10,Friday,2026-06,0,1,0.02699857183198784
TXN103085,2026-02-16 11:48:18,2026-02-16,5315.56,Electronics,ATM,Bengaluru,India,ATM,Windows,0,1,0,11,Monday,2026-02,0,0,-0.06983284989756666
TXN103086,2026-06-16 18:46:49,2026-06-16,656.62,Electronics,Online,Chennai,India,Digital,iOS,0,0,0,18,Tuesday,2026-06,0,0,-0.2453685181046385
TXN103087,2026-05-28 13:44:24,2026-05-28,630.92,Jewelry,Online,Chennai,India,Digital,Android,1,0,1,13,Thursday,2026-05,0,0,-0.035884399484701346
TXN103088,2026-05-04 19:56:45,2026-05-04,812.69,Online Services,POS,Jaipur,India,In-Store,Windows,0,2,0,19,Monday,2026-05,0,0,-0.011073974838248679
TXN103089,2026-01-01 18:01:59,2026-01-01,2775.99,Online Services,Mobile Wallet,Mumbai,India,Mobile,Windows,0,0,0,18,Thursday,2026-01,0,0,-0.2256310669137968
TXN103090,2026-03-28 15:07:49,2026-03-28,1235.71,Online Services,Online,Mumbai,India,Digital,Android,0,0,0,15,Saturday,2026-03,0,0,-0.26051767827123556
TXN103091,2026-05-08 04:46:34,2026-05-08,1481.36,Food & Dining,Bank Transfer,Jaipur,India,Digital,iOS,0,0,0,4,Friday,2026-05,1,0,-0.2086321663362774
TXN103092,2026-03-08 07:26:51,2026-03-08,2091.19,Entertainment,Online,Chennai,India,Digital,Windows,0,0,0,7,Sunday,2026-03,0,0,-0.24922830041804905
TXN103093,2026-01-04 20:06:17,2026-01-04,2702.62,Food & Dining,Bank Transfer,Hyderabad,India,Digital,Android,1,0,0,20,Sunday,2026-01,0,0,-0.02094554349534261
TXN103094,2026-06-02 12:08:43,2026-06-02,641.74,Grocery,Mobile Wallet,Delhi,India,Mobile,iOS,1,0,0,12,Tuesday,2026-06,0,0,-0.03821849119292009
TXN103095,2026-02-16 20:53:55,2026-02-16,1666.09,Healthcare,POS,Jaipur,India,In-Store,Windows,0,1,0,20,Monday,2026-02,0,0,-0.1775826468759279
TXN103096,2026-02-07 21:11:38,2026-02-07,2757.66,Food & Dining,POS,Pune,India,In-Store,MacOS,0,1,0,21,Saturday,2026-02,0,0,-0.13895786764489293
TXN103097,2026-05-23 16:27:18,2026-05-23,1292.96,Entertainment,Bank Transfer,Jaipur,India,Digital,iOS,0,0,0,16,Saturday,2026-05,0,0,-0.25960031081008184
TXN103098,2026-01-21 00:35:47,2026-01-21,569.56,Food & Dining,POS,Chennai,India,In-Store,Android,0,0,0,0,Wednesday,2026-01,1,0,-0.195211400465512
TXN103099,2026-02-26 10:40:45,2026-02-26,486.97,Food & Dining,Bank Transfer,Hyderabad,India,Digital,iOS,0,1,0,10,Thursday,2026-02,0,0,-0.15295294051857317
TXN103100,2026-04-27 14:56:43,2026-04-27,1574.08,Electronics,ATM,Kolkata,India,ATM,Android,0,0,0,14,Monday,2026-04,0,0,-0.2537296829401952
TXN103101,2026-06-30 16:58:28,2026-06-30,436.0,Travel,Online,Chennai,India,Digital,iOS,0,0,0,16,Tuesday,2026-06,0,0,-0.22103639290825644
TXN103102,2026-02-15 00:33:33,2026-02-15,572.23,Electronics,Mobile Wallet,Ahmedabad,India,Mobile,Windows,0,0,0,0,Sunday,2026-02,1,0,-0.1947063278498825
TXN103103,2026-05-22 23:46:57,2026-05-22,741.09,Electronics,Online,Ahmedabad,India,Digital,Android,0,0,0,23,Friday,2026-05,1,0,-0.2056950864419393
TXN103104,2026-05-25 22:53:30,2026-05-25,1372.44,Jewelry,Mobile Wallet,Delhi,India,Mobile,iOS,0,0,0,22,Monday,2026-05,0,0,-0.2565680717377821
TXN103105,2026-02-08 14:51:42,2026-02-08,1749.03,Electronics,Online,Chennai,India,Digital,iOS,0,0,0,14,Sunday,2026-02,0,0,-0.25442888568984
TXN103106,2026-05-17 10:29:15,2026-05-17,621.41,Travel,Bank Transfer,Lucknow,India,Digital,Android,0,0,0,10,Sunday,2026-05,0,0,-0.2477388276506856
TXN103107,2026-04-09 02:25:33,2026-04-09,388.63,Entertainment,Online,Ahmedabad,India,Digital,iOS,0,0,1,2,Thursday,2026-04,1,0,-0.15527525958056765
TXN103108,2026-03-18 02:37:59,2026-03-18,2106.98,Entertainment,POS,Bengaluru,India,In-Store,Android,0,1,0,2,Wednesday,2026-03,1,0,-0.10301402698735296
TXN103109,2026-04-25 20:56:01,2026-04-25,1882.76,Electronics,POS,Kolkata,India,In-Store,iOS,0,1,0,20,Saturday,2026-04,0,0,-0.176016115337905
TXN103110,2026-05-14 05:55:04,2026-05-14,1596.41,Utilities,Bank Transfer,Bengaluru,India,Digital,Android,1,0,0,5,Thursday,2026-05,1,1,0.017083573178705347
TXN103111,2026-05-31 09:54:54,2026-05-31,1480.63,Utilities,POS,Pune,India,In-Store,Windows,0,0,0,9,Sunday,2026-05,0,0,-0.2538691632353677
TXN103112,2026-04-01 22:32:51,2026-04-01,798.05,Electronics,Mobile Wallet,Delhi,India,Mobile,Android,0,0,0,22,Wednesday,2026-04,0,0,-0.2550136511915754
TXN103113,2026-04-08 23:58:16,2026-04-08,951.38,Travel,POS,Pune,India,In-Store,Windows,0,2,0,23,Wednesday,2026-04,1,1,0.030988347712463726
TXN103114,2026-04-30 02:38:10,2026-04-30,1165.23,Jewelry,Bank Transfer,Pune,India,Digital,Android,0,0,0,2,Thursday,2026-04,1,0,-0.22122921382101135
TXN103115,2026-02-15 05:54:12,2026-02-15,558.73,Utilities,Bank Transfer,Ahmedabad,India,Digital,Android,0,1,0,5,Sunday,2026-02,1,0,-0.08222803188790395
TXN103116,2026-02-07 01:54:22,2026-02-07,1490.34,Healthcare,Online,Chennai,India,Digital,Android,0,0,0,1,Saturday,2026-02,1,0,-0.20870279073583353
TXN103117,2026-05-22 19:25:59,2026-05-22,1206.37,Grocery,POS,Mumbai,India,In-Store,Android,1,0,0,19,Friday,2026-05,0,0,-0.06039348954056889
TXN103118,2026-04-10 02:54:10,2026-04-10,984.06,Fashion,POS,Ahmedabad,India,In-Store,iOS,0,0,0,2,Friday,2026-04,1,0,-0.21990349060559183
TXN103119,2026-03-13 15:33:42,2026-03-13,2275.62,Food & Dining,POS,Jaipur,India,In-Store,iOS,0,0,0,15,Friday,2026-03,0,0,-0.2420934673536025
TXN103120,2026-02-04 17:13:11,2026-02-04,1011.47,Electronics,POS,Mumbai,India,In-Store,iOS,0,0,0,17,Wednesday,2026-02,0,0,-0.25554358507381564
TXN103121,2026-05-27 11:22:07,2026-05-27,1858.83,Fashion,Bank Transfer,Chennai,India,Digital,iOS,0,0,0,11,Wednesday,2026-05,0,0,-0.25245259341052484
TXN103122,2026-01-30 13:50:53,2026-01-30,423.71,Entertainment,Online,Pune,India,Digital,Windows,0,0,0,13,Friday,2026-01,0,0,-0.21695387220153328
TXN103123,2026-03-19 08:50:26,2026-03-19,7371.23,Travel,Bank Transfer,Hyderabad,India,Digital,Android,0,0,0,8,Thursday,2026-03,0,0,-0.06599446541178511
TXN103124,2026-03-25 11:54:39,2026-03-25,1778.17,Utilities,Mobile Wallet,Delhi,India,Mobile,Windows,0,0,0,11,Wednesday,2026-03,0,0,-0.2517227686825406
TXN103125,2026-04-23 15:54:25,2026-04-23,6182.35,Online Services,POS,Chennai,India,In-Store,Windows,0,0,0,15,Thursday,2026-04,0,0,-0.09795132804514706
TXN103126,2026-01-25 20:06:01,2026-01-25,3947.05,Travel,ATM,Hyderabad,India,ATM,Android,0,0,0,20,Sunday,2026-01,0,0,-0.18410392920745228
TXN103127,2026-06-17 21:39:50,2026-06-17,2319.45,Online Services,Online,Kolkata,India,Digital,iOS,0,1,0,21,Wednesday,2026-06,0,0,-0.15995728800321096
TXN103128,2026-03-29 23:56:24,2026-03-29,712.64,Grocery,Mobile Wallet,Pune,India,Mobile,Android,0,0,0,23,Sunday,2026-03,1,0,-0.20351874705766815
TXN103129,2026-01-14 11:18:56,2026-01-14,540.12,Online Services,Online,Bengaluru,India,Digital,MacOS,0,1,0,11,Wednesday,2026-01,0,0,-0.16172827080911256
TXN103130,2026-06-03 06:48:50,2026-06-03,614.0,Electronics,ATM,Jaipur,India,ATM,iOS,0,1,0,6,Wednesday,2026-06,0,0,-0.17244939137065035
TXN103131,2026-04-12 21:40:52,2026-04-12,1648.44,Grocery,Mobile Wallet,Hyderabad,India,Mobile,Android,0,0,0,21,Sunday,2026-04,0,0,-0.2531710871809636
TXN103132,2026-05-30 13:04:18,2026-05-30,3088.34,Entertainment,ATM,Chennai,India,ATM,iOS,0,0,0,13,Saturday,2026-05,0,0,-0.2135024028537657
TXN103133,2026-06-25 20:34:54,2026-06-25,416.25,Food & Dining,Bank Transfer,Bengaluru,India,Digital,Windows,0,0,0,20,Thursday,2026-06,0,0,-0.21466699950094342
TXN103134,2026-03-24 20:37:35,2026-03-24,558.51,Online Services,POS,Ahmedabad,India,In-Store,iOS,0,0,0,20,Tuesday,2026-03,0,0,-0.23697521715795666
TXN103135,2026-04-20 01:21:26,2026-04-20,1126.34,Fashion,Online,Kolkata,India,Digital,Android,0,0,0,1,Monday,2026-04,1,0,-0.2230806297532752
TXN103136,2026-06-28 10:23:07,2026-06-28,442.11,Travel,Bank Transfer,Kolkata,India,Digital,Windows,0,0,0,10,Sunday,2026-06,0,0,-0.22166355796851483
TXN103137,2026-05-11 05:59:35,2026-05-11,781.92,Food & Dining,Online,Ahmedabad,India,Digital,MacOS,1,0,0,5,Monday,2026-05,1,1,0.01692568285582241
TXN103138,2026-06-19 11:00:43,2026-06-19,2968.49,Food & Dining,Bank Transfer,Kolkata,India,Digital,MacOS,0,1,0,11,Friday,2026-06,0,0,-0.13077230157131825
TXN103139,2026-01-19 02:48:20,2026-01-19,1953.09,Fashion,Online,Bengaluru,India,Digital,iOS,1,0,0,2,Monday,2026-01,1,1,0.021083162837721492
TXN103140,2026-01-28 16:45:56,2026-01-28,2129.46,Healthcare,Mobile Wallet,Bengaluru,India,Mobile,Windows,0,0,0,16,Wednesday,2026-01,0,0,-0.24520508762205523
TXN103141,2026-06-22 02:10:56,2026-06-22,498.9,Utilities,Online,Delhi,India,Digital,MacOS,0,0,0,2,Monday,2026-06,1,0,-0.18406397009062164
TXN103142,2026-03-12 10:36:09,2026-03-12,271.31,Online Services,POS,Mumbai,India,In-Store,Android,0,0,0,10,Thursday,2026-03,0,0,-0.16320319250563137
TXN103143,2026-03-04 08:00:04,2026-03-04,778.04,Jewelry,ATM,Chennai,India,ATM,iOS,0,1,0,8,Wednesday,2026-03,0,0,-0.18725868976570764
TXN103144,2026-03-14 09:56:30,2026-03-14,170.36,Travel,POS,Hyderabad,India,In-Store,Android,0,2,0,9,Saturday,2026-03,0,1,0.05491954523208287
TXN103145,2026-05-04 08:36:28,2026-05-04,1575.1,Healthcare,POS,Delhi,India,In-Store,iOS,0,0,0,8,Monday,2026-05,0,0,-0.2539403637937525
TXN103146,2026-04-29 21:14:08,2026-04-29,1994.0,Fashion,POS,Mumbai,India,In-Store,MacOS,0,0,0,21,Wednesday,2026-04,0,0,-0.2483632133899396
TXN103147,2026-05-01 10:41:46,2026-05-01,584.92,Healthcare,POS,Bengaluru,India,In-Store,MacOS,0,1,0,10,Friday,2026-05,0,0,-0.17042188275304532
TXN103148,2026-01-19 18:41:46,2026-01-19,1747.04,Food & Dining,POS,Pune,India,In-Store,MacOS,0,0,0,18,Monday,2026-01,0,0,-0.25344826602032455
TXN103149,2026-06-24 03:25:05,2026-06-24,1739.5,Jewelry,POS,Delhi,India,In-Store,Android,0,0,0,3,Wednesday,2026-06,1,0,-0.20730473748135148
TXN103150,2026-05-22 02:46:09,2026-05-22,447.23,Healthcare,POS,Lucknow,India,In-Store,Windows,0,0,0,2,Friday,2026-05,1,0,-0.17379282538324897
TXN103151,2026-04-30 03:26:44,2026-04-30,796.42,Jewelry,Online,Kolkata,India,Digital,Windows,0,2,0,3,Thursday,2026-04,1,1,0.0330400296775516
TXN103152,2026-06-15 02:29:49,2026-06-15,754.24,Online Services,Mobile Wallet,Kolkata,India,Mobile,iOS,0,1,0,2,Monday,2026-06,1,0,-0.10268839870326318
TXN103153,2026-06-30 18:08:25,2026-06-30,2312.88,Online Services,POS,Bengaluru,India,In-Store,Windows,0,0,0,18,Tuesday,2026-06,0,0,-0.24053736245314472
TXN103154,2026-03-02 09:59:43,2026-03-02,1970.2,Utilities,Online,Mumbai,India,Digital,MacOS,0,0,0,9,Monday,2026-03,0,0,-0.24786543351728446
TXN103155,2026-06-13 10:57:42,2026-06-13,1733.39,Food & Dining,POS,Jaipur,India,In-Store,MacOS,0,0,0,10,Saturday,2026-06,0,0,-0.2539962442877348
TXN103156,2026-06-17 05:22:40,2026-06-17,699.96,Travel,Mobile Wallet,Chennai,India,Mobile,Android,0,0,0,5,Wednesday,2026-06,1,0,-0.2019402009430546
TXN103157,2026-01-30 23:47:37,2026-01-30,3270.08,Fashion,Online,Delhi,India,Digital,Android,0,0,0,23,Friday,2026-01,1,0,-0.14586627616800218
TXN103158,2026-01-09 07:18:07,2026-01-09,1267.71,Grocery,Bank Transfer,Ahmedabad,India,Digital,MacOS,0,0,1,7,Friday,2026-01,0,0,-0.2603594436420933
TXN103159,2026-03-05 18:11:12,2026-03-05,1630.2,Food & Dining,POS,Lucknow,India,In-Store,Android,0,0,0,18,Thursday,2026-03,0,0,-0.25270804957474313
TXN103160,2026-06-10 17:01:53,2026-06-10,4378.68,Food & Dining,Online,Lucknow,India,Digital,Android,0,0,0,17,Wednesday,2026-06,0,0,-0.16800552897285592
TXN103161,2026-04-30 09:29:20,2026-04-30,1862.91,Food & Dining,Bank Transfer,Hyderabad,India,Digital,Android,1,0,0,9,Thursday,2026-04,0,0,-0.043077491380841604
TXN103162,2026-02-21 01:53:09,2026-02-21,996.43,Jewelry,POS,Lucknow,India,In-Store,iOS,0,0,0,1,Saturday,2026-02,1,0,-0.22005929871565444
TXN103163,2026-03-30 07:33:01,2026-03-30,736.24,Online Services,Online,Kolkata,India,Digital,Android,0,0,0,7,Monday,2026-03,0,0,-0.25155251840206333
TXN103164,2026-05-22 03:59:45,2026-05-22,273.94,Electronics,Bank Transfer,Chennai,India,Digital,Windows,0,0,0,3,Friday,2026-05,1,0,-0.09735486296696372
TXN103165,2026-02-22 22:56:37,2026-02-22,313.21,Fashion,ATM,Bengaluru,India,ATM,iOS,0,0,0,22,Sunday,2026-02,0,0,-0.18178858914972712
TXN103166,2026-03-19 18:14:01,2026-03-19,2174.68,Fashion,Mobile Wallet,Lucknow,India,Mobile,iOS,0,0,0,18,Thursday,2026-03,0,0,-0.2440727192812791
TXN103167,2026-02-10 12:17:27,2026-02-10,225.72,Fashion,ATM,Ahmedabad,India,ATM,MacOS,0,0,0,12,Tuesday,2026-02,0,0,-0.1196812043212312
TXN103168,2026-03-09 01:32:24,2026-03-09,2462.75,Utilities,Bank Transfer,Delhi,India,Digital,MacOS,0,0,0,1,Monday,2026-03,1,0,-0.18560245400022696
TXN103169,2026-01-08 03:41:15,2026-01-08,2085.4,Food & Dining,Mobile Wallet,Mumbai,India,Mobile,Windows,0,0,0,3,Thursday,2026-01,1,0,-0.1964875990199274
TXN103170,2026-01-02 17:34:08,2026-01-02,548.95,Food & Dining,Online,Chennai,India,Digital,iOS,0,0,0,17,Friday,2026-01,0,0,-0.2373344427037964
TXN103171,2026-04-15 09:35:50,2026-04-15,1268.08,Online Services,Bank Transfer,Hyderabad,India,Digital,Windows,0,0,0,9,Wednesday,2026-04,0,0,-0.2603594436420933
TXN103172,2026-05-05 14:54:53,2026-05-05,1738.81,Utilities,ATM,Lucknow,India,ATM,Android,0,0,0,14,Tuesday,2026-05,0,0,-0.25326096354492517
TXN103173,2026-04-20 05:27:21,2026-04-20,1180.35,Electronics,Online,Kolkata,India,Digital,Android,0,0,0,5,Monday,2026-04,1,0,-0.21923893918639215
TXN103174,2026-03-27 19:55:49,2026-03-27,2936.52,Healthcare,POS,Jaipur,India,In-Store,MacOS,1,1,0,19,Friday,2026-03,0,1,0.04593521876968609
TXN103175,2026-06-18 22:13:41,2026-06-18,360.08,Fashion,Online,Pune,India,Digital,iOS,0,0,0,22,Thursday,2026-06,0,0,-0.1963070369985303
TXN103176,2026-04-30 04:20:05,2026-04-30,1641.45,Travel,Bank Transfer,Mumbai,India,Digital,Android,0,0,0,4,Thursday,2026-04,1,0,-0.20700174043121916
TXN103177,2026-05-07 14:05:13,2026-05-07,673.76,Grocery,POS,Ahmedabad,India,In-Store,Windows,0,1,0,14,Thursday,2026-05,0,0,-0.18038613984693003
TXN103178,2026-01-16 05:39:50,2026-01-16,273.01,Food & Dining,Mobile Wallet,Delhi,India,Mobile,iOS,0,0,0,5,Friday,2026-01,1,0,-0.09754105681795222
TXN103179,2026-03-03 20:56:43,2026-03-03,433.47,Fashion,Online,Hyderabad,India,Digital,Android,0,0,0,20,Tuesday,2026-03,0,0,-0.21965256514827858
TXN103180,2026-04-23 16:14:26,2026-04-23,720.84,Travel,ATM,Bengaluru,India,ATM,Android,0,0,1,16,Thursday,2026-04,0,0,-0.24901784476349526
TXN103181,2026-06-25 01:06:21,2026-06-25,1117.23,Healthcare,Online,Pune,India,Digital,iOS,0,0,0,1,Thursday,2026-06,1,0,-0.22348420002735347
TXN103182,2026-06-07 02:38:13,2026-06-07,533.32,Utilities,ATM,Delhi,India,ATM,iOS,1,1,0,2,Sunday,2026-06,1,1,0.06914468456726719
TXN103183,2026-01-12 19:46:58,2026-01-12,731.52,Travel,Bank Transfer,Chennai,India,Digital,Android,0,0,0,19,Monday,2026-01,0,0,-0.25158032072309744
TXN103184,2026-02-04 19:48:38,2026-02-04,798.89,Grocery,Bank Transfer,Jaipur,India,Digital,Android,0,1,0,19,Wednesday,2026-02,0,0,-0.18717647488283884
TXN103185,2026-01-11 04:43:04,2026-01-11,542.59,Online Services,Bank Transfer,Bengaluru,India,Digital,Android,0,0,0,4,Sunday,2026-01,1,0,-0.18668900142034361
TXN103186,2026-03-05 06:19:20,2026-03-05,696.98,Grocery,Mobile Wallet,Delhi,India,Mobile,Android,1,0,1,6,Thursday,2026-03,0,0,-0.043914939910972395
TXN103187,2026-02-19 00:25:24,2026-02-19,1734.31,Jewelry,Online,Delhi,India,Digital,Windows,0,0,0,0,Thursday,2026-02,1,0,-0.2076104761830233
TXN103188,2026-05-29 13:43:22,2026-05-29,4101.75,Entertainment,POS,Jaipur,India,In-Store,iOS,0,0,0,13,Friday,2026-05,0,0,-0.17740140422019685
TXN103189,2026-03-10 18:13:34,2026-03-10,1295.52,Travel,Bank Transfer,Pune,India,Digital,iOS,0,0,0,18,Tuesday,2026-03,0,0,-0.25966560835273245
TXN103190,2026-02-17 09:58:11,2026-02-17,1218.41,Travel,POS,Delhi,India,In-Store,iOS,0,0,0,9,Tuesday,2026-02,0,0,-0.26187003791464436
TXN103191,2026-01-20 11:03:52,2026-01-20,1028.34,Grocery,Online,Bengaluru,India,Digital,iOS,0,0,0,11,Tuesday,2026-01,0,0,-0.25576932937661195
TXN103192,2026-04-11 12:43:56,2026-04-11,802.14,Electronics,POS,Mumbai,India,In-Store,Windows,0,0,0,12,Saturday,2026-04,0,0,-0.2561588663676876
TXN103193,2026-06-21 20:32:33,2026-06-21,1738.22,Electronics,POS,Delhi,India,In-Store,Windows,0,0,0,20,Sunday,2026-06,0,0,-0.2533820408343874
TXN103194,2026-06-10 03:42:42,2026-06-10,2407.96,Entertainment,POS,Delhi,India,In-Store,Android,0,0,0,3,Wednesday,2026-06,1,0,-0.18670860230150887
TXN103195,2026-05-17 18:32:25,2026-05-17,432.98,Electronics,Bank Transfer,Delhi,India,Digital,iOS,0,1,0,18,Sunday,2026-05,0,0,-0.1337102843666006
TXN103196,2026-03-09 10:32:01,2026-03-09,2516.51,Food & Dining,POS,Kolkata,India,In-Store,iOS,0,0,0,10,Monday,2026-03,0,0,-0.2328669325704354
TXN103197,2026-02-04 19:33:54,2026-02-04,4025.33,Entertainment,Online,Bengaluru,India,Digital,Android,0,0,0,19,Wednesday,2026-02,0,0,-0.181666786454232
TXN103198,2026-03-06 05:09:22,2026-03-06,489.76,Travel,Online,Hyderabad,India,Digital,Android,0,0,0,5,Friday,2026-03,1,0,-0.18603436626134506
TXN103199,2026-01-08 17:55:10,2026-01-08,2290.55,Grocery,Mobile Wallet,Delhi,India,Mobile,Android,0,0,0,17,Thursday,2026-01,0,0,-0.24192555624793793
TXN103200,2026-02-14 21:13:27,2026-02-14,4057.42,Grocery,Mobile Wallet,Chennai,India,Mobile,Android,0,1,0,21,Saturday,2026-02,0,0,-0.10169109505109919
TXN103201,2026-03-28 02:06:50,2026-03-28,1944.37,Grocery,Bank Transfer,Jaipur,India,Digital,iOS,0,1,0,2,Saturday,2026-03,1,0,-0.10666875811500187
TXN103202,2026-06-24 04:23:11,2026-06-24,952.63,Healthcare,POS,Jaipur,India,In-Store,Windows,0,0,0,4,Wednesday,2026-06,1,0,-0.21650308267270546
TXN103203,2026-06-17 16:07:27,2026-06-17,2044.81,Travel,Mobile Wallet,Kolkata,India,Mobile,Android,0,0,0,16,Wednesday,2026-06,0,0,-0.24873653784651145
TXN103204,2026-03-17 18:51:46,2026-03-17,572.48,Utilities,ATM,Ahmedabad,India,ATM,iOS,0,1,0,18,Tuesday,2026-03,0,0,-0.16874781905291397
TXN103205,2026-03-17 05:27:45,2026-03-17,854.03,Fashion,Mobile Wallet,Chennai,India,Mobile,iOS,0,1,0,5,Tuesday,2026-03,1,0,-0.10504418040131525
TXN103206,2026-06-23 19:30:46,2026-06-23,610.26,Food & Dining,Bank Transfer,Chennai,India,Digital,iOS,0,0,0,19,Tuesday,2026-06,0,0,-0.24487104847349533
TXN103207,2026-02-16 18:17:44,2026-02-16,373.25,Food & Dining,POS,Bengaluru,India,In-Store,iOS,0,0,0,18,Monday,2026-02,0,0,-0.19849519666647408
TXN103208,2026-01-15 12:54:11,2026-01-15,1133.66,Healthcare,POS,Pune,India,In-Store,iOS,0,0,0,12,Thursday,2026-01,0,0,-0.26116076042459013
TXN103209,2026-04-15 23:55:48,2026-04-15,1398.61,Travel,Online,Mumbai,India,Digital,Windows,0,0,0,23,Wednesday,2026-04,1,0,-0.20967538559722265
TXN103210,2026-05-27 12:44:50,2026-05-27,1862.88,Grocery,Online,Bengaluru,India,Digital,MacOS,0,2,0,12,Wednesday,2026-05,0,0,-0.01138577593859691
TXN103211,2026-01-26 01:53:14,2026-01-26,50.0,Food & Dining,Bank Transfer,Delhi,India,Digital,Android,0,0,0,1,Monday,2026-01,1,1,0.008548522973830242
TXN103212,2026-02-21 09:08:08,2026-02-21,1269.22,Travel,Mobile Wallet,Kolkata,India,Mobile,Android,0,0,0,9,Saturday,2026-02,0,0,-0.26022095768989806
TXN103213,2026-04-03 01:52:29,2026-04-03,1168.04,Fashion,Bank Transfer,Jaipur,India,Digital,iOS,0,0,1,1,Friday,2026-04,1,0,-0.21992729748427875
TXN103214,2026-05-30 12:55:31,2026-05-30,458.25,Entertainment,POS,Hyderabad,India,In-Store,Android,0,0,0,12,Saturday,2026-05,0,0,-0.22870315147752918
TXN103215,2026-01-21 05:43:28,2026-01-21,768.51,Food & Dining,Online,Kolkata,India,Digital,iOS,0,0,0,5,Wednesday,2026-01,1,0,-0.2096123826275898
TXN103216,2026-02-20 22:29:46,2026-02-20,2005.06,Entertainment,Online,Ahmedabad,India,Digital,iOS,0,1,0,22,Friday,2026-02,0,0,-0.16991299360442141
TXN103217,2026-02-07 19:13:31,2026-02-07,1185.5,Food & Dining,POS,Lucknow,India,In-Store,MacOS,0,0,0,19,Saturday,2026-02,0,0,-0.26070489362374927
TXN103218,2026-01-20 23:19:56,2026-01-20,1081.17,Healthcare,POS,Delhi,India,In-Store,iOS,0,0,0,23,Tuesday,2026-01,1,0,-0.2224392800177173
TXN103219,2026-06-06 15:33:37,2026-06-06,2240.24,Healthcare,ATM,Kolkata,India,ATM,iOS,0,2,0,15,Saturday,2026-06,0,0,-0.003810015460343097
TXN103220,2026-06-28 16:01:16,2026-06-28,6987.45,Food & Dining,Online,Bengaluru,India,Digital,iOS,0,0,0,16,Sunday,2026-06,0,0,-0.07682198128608642
TXN103221,2026-05-12 03:12:40,2026-05-12,903.2,Healthcare,Mobile Wallet,Ahmedabad,India,Mobile,Windows,0,0,0,3,Tuesday,2026-05,1,0,-0.21374071325786598
TXN103222,2026-02-24 15:06:41,2026-02-24,1335.98,Online Services,POS,Pune,India,In-Store,Android,0,1,0,15,Tuesday,2026-02,0,0,-0.18618385702236379
TXN103223,2026-04-02 14:01:08,2026-04-02,537.39,Fashion,Mobile Wallet,Bengaluru,India,Mobile,Android,0,0,0,14,Thursday,2026-04,0,0,-0.23459195774295416
TXN103224,2026-01-28 09:01:03,2026-01-28,6098.66,Fashion,POS,Ahmedabad,India,In-Store,iOS,0,0,0,9,Wednesday,2026-01,0,0,-0.10006664227038597
TXN103225,2026-01-04 08:47:43,2026-01-04,712.05,Utilities,Online,Bengaluru,India,Digital,MacOS,0,1,0,8,Sunday,2026-01,0,0,-0.18360961129388936
TXN103226,2026-05-30 19:05:06,2026-05-30,258.19,Food & Dining,Bank Transfer,Jaipur,India,Digital,Windows,0,0,0,19,Saturday,2026-05,0,0,-0.15584029560890345
TXN103227,2026-03-17 16:19:33,2026-03-17,1803.39,Grocery,Bank Transfer,Bengaluru,India,Digital,Android,0,0,0,16,Tuesday,2026-03,0,0,-0.2512454184180431
TXN103228,2026-06-22 09:12:03,2026-06-22,302.43,Online Services,POS,Mumbai,India,In-Store,Android,0,1,0,9,Monday,2026-06,0,0,-0.09703495585984234
TXN103229,2026-03-08 02:41:58,2026-03-08,3090.3,Grocery,POS,Delhi,India,In-Store,iOS,0,1,0,2,Sunday,2026-03,1,0,-0.06282637610868791
TXN103230,2026-03-27 17:23:57,2026-03-27,1757.13,Healthcare,Online,Hyderabad,India,Digital,Windows,0,0,0,17,Friday,2026-03,0,0,-0.254361861447072
TXN103231,2026-06-11 00:00:28,2026-06-11,481.87,Utilities,ATM,Delhi,India,ATM,Windows,0,0,0,0,Thursday,2026-06,1,0,-0.18449914480545465
TXN103232,2026-04-01 17:19:30,2026-04-01,1875.19,Jewelry,Mobile Wallet,Hyderabad,India,Mobile,iOS,0,0,0,17,Wednesday,2026-04,0,0,-0.2525567557455584
TXN103233,2026-04-15 13:13:19,2026-04-15,839.62,Grocery,Online,Hyderabad,India,Digital,Windows,0,0,0,13,Wednesday,2026-04,0,0,-0.25797829220733204
TXN103234,2026-01-01 04:49:57,2026-01-01,1542.91,Entertainment,Online,Hyderabad,India,Digital,MacOS,0,1,0,4,Thursday,2026-01,1,0,-0.11403140891063657
TXN103235,2026-03-13 12:36:46,2026-03-13,393.44,Fashion,Mobile Wallet,Mumbai,India,Mobile,iOS,0,1,0,12,Friday,2026-03,0,0,-0.12509991882041627
TXN103236,2026-03-28 13:14:17,2026-03-28,374.55,Fashion,Online,Jaipur,India,Digital,iOS,0,0,1,13,Saturday,2026-03,0,0,-0.19840088270868295
TXN103237,2026-06-15 18:46:00,2026-06-15,1414.17,Grocery,ATM,Lucknow,India,ATM,iOS,0,0,0,18,Monday,2026-06,0,0,-0.25435901174087805
TXN103238,2026-01-06 03:45:03,2026-01-06,4949.82,Food & Dining,POS,Kolkata,India,In-Store,iOS,0,0,0,3,Tuesday,2026-01,1,0,-0.0878874676910022
TXN103239,2026-06-02 15:15:43,2026-06-02,654.51,Food & Dining,ATM,Delhi,India,ATM,iOS,0,0,0,15,Tuesday,2026-06,0,0,-0.2453685181046385
TXN103240,2026-05-25 21:03:59,2026-05-25,616.08,Grocery,POS,Bengaluru,India,In-Store,Android,0,0,0,21,Monday,2026-05,0,0,-0.24746144888531652
TXN103241,2026-03-02 22:57:54,2026-03-02,836.33,Entertainment,Online,Ahmedabad,India,Digital,iOS,1,1,0,22,Monday,2026-03,0,1,0.027372271741425647
TXN103242,2026-01-12 07:02:25,2026-01-12,380.43,Healthcare,Online,Kolkata,India,Digital,Android,0,0,0,7,Monday,2026-01,0,0,-0.20151474934599845
TXN103243,2026-01-06 13:59:50,2026-01-06,1706.58,Utilities,Bank Transfer,Hyderabad,India,Digital,MacOS,0,0,0,13,Tuesday,2026-01,0,0,-0.2547312735299275
TXN103244,2026-01-27 16:32:37,2026-01-27,2256.62,Online Services,Bank Transfer,Hyderabad,India,Digital,Android,0,0,0,16,Tuesday,2026-01,0,0,-0.2428331428528518
TXN103245,2026-05-16 18:04:14,2026-05-16,1612.87,Fashion,Bank Transfer,Jaipur,India,Digital,MacOS,0,0,0,18,Saturday,2026-05,0,0,-0.253637843762089
TXN103246,2026-05-04 00:31:46,2026-05-04,957.37,Jewelry,ATM,Chennai,India,ATM,MacOS,0,0,0,0,Monday,2026-05,1,0,-0.21820761703280422
TXN103247,2026-04-16 11:09:27,2026-04-16,483.06,Online Services,Online,Chennai,India,Digital,iOS,0,0,0,11,Thursday,2026-04,0,0,-0.23217483692586216
TXN103248,2026-04-03 02:12:41,2026-04-03,5713.79,Travel,Online,Kolkata,India,Digital,Android,0,0,0,2,Friday,2026-04,1,0,-0.06341682253791592
TXN103249,2026-04-19 07:15:40,2026-04-19,552.28,Electronics,Bank Transfer,Mumbai,India,Digital,Android,0,0,0,7,Sunday,2026-04,0,0,-0.23647707104021537
TXN103250,2026-04-09 16:18:21,2026-04-09,541.9,Fashion,POS,Bengaluru,India,In-Store,Android,0,0,0,16,Thursday,2026-04,0,0,-0.23445650058351986
TXN103251,2026-06-17 21:32:47,2026-06-17,261.52,Fashion,POS,Delhi,India,In-Store,Android,0,0,0,21,Wednesday,2026-06,0,0,-0.15809106513330978
TXN103252,2026-05-22 22:24:24,2026-05-22,351.63,Food & Dining,Online,Lucknow,India,Digital,iOS,0,0,0,22,Friday,2026-05,0,0,-0.19336866365197736
TXN103253,2026-02-04 22:33:19,2026-02-04,1450.54,Food & Dining,Online,Pune,India,Digital,Windows,0,0,0,22,Wednesday,2026-02,0,0,-0.2536206411811256
TXN103254,2026-06-25 22:33:38,2026-06-25,779.44,Healthcare,POS,Pune,India,In-Store,Android,0,0,0,22,Thursday,2026-06,0,0,-0.25333473088711067
TXN103255,2026-03-25 22:25:29,2026-03-25,549.44,Food & Dining,Bank Transfer,Lucknow,India,Digital,Windows,0,0,0,22,Wednesday,2026-03,0,0,-0.23701543556801907
TXN103256,2026-02-25 07:56:01,2026-02-25,579.26,Grocery,Mobile Wallet,Mumbai,India,Mobile,iOS,0,0,0,7,Wednesday,2026-02,0,0,-0.2404301935141263
TXN103257,2026-06-26 14:02:48,2026-06-26,727.05,Online Services,Mobile Wallet,Pune,India,Mobile,Android,0,0,0,14,Friday,2026-06,0,0,-0.24874076153386665
TXN103258,2026-05-21 20:21:42,2026-05-21,644.51,Travel,Mobile Wallet,Lucknow,India,Mobile,Android,0,1,0,20,Thursday,2026-05,0,0,-0.17962349924888027
TXN103259,2026-02-18 08:11:44,2026-02-18,3368.2,Jewelry,Mobile Wallet,Delhi,India,Mobile,iOS,0,0,0,8,Wednesday,2026-02,0,0,-0.20187535279522612
TXN103260,2026-02-15 10:19:06,2026-02-15,814.38,Grocery,POS,Hyderabad,India,In-Store,Android,0,0,0,10,Sunday,2026-02,0,0,-0.2569066335946054
TXN103261,2026-04-23 11:11:37,2026-04-23,1232.29,Jewelry,Online,Pune,India,Digital,iOS,0,2,1,11,Thursday,2026-04,0,0,-0.015824124039272136
TXN103262,2026-05-16 23:59:54,2026-05-16,1149.83,Grocery,Bank Transfer,Bengaluru,India,Digital,iOS,0,0,0,23,Saturday,2026-05,1,0,-0.22113141476773945
TXN103263,2026-02-12 19:03:27,2026-02-12,1181.49,Electronics,Online,Bengaluru,India,Digital,iOS,0,0,0,19,Thursday,2026-02,0,0,-0.25970525082104706
TXN103264,2026-05-28 04:42:19,2026-05-28,815.26,Grocery,Online,Bengaluru,India,Digital,Android,0,0,0,4,Thursday,2026-05,1,0,-0.20623256332543688
TXN103265,2026-05-04 14:05:15,2026-05-04,750.39,Healthcare,Online,Hyderabad,India,Digital,Windows,0,0,0,14,Monday,2026-05,0,0,-0.2516801350345874
TXN103266,2026-04-07 12:21:00,2026-04-07,1834.43,Online Services,POS,Jaipur,India,In-Store,Android,0,0,0,12,Tuesday,2026-04,0,0,-0.25101131162927937
TXN103267,2026-03-31 18:29:36,2026-03-31,1307.32,Fashion,POS,Hyderabad,India,In-Store,Windows,0,0,0,18,Tuesday,2026-03,0,0,-0.2598252422370801
TXN103268,2026-02-08 18:57:02,2026-02-08,597.75,Online Services,Online,Hyderabad,India,Digital,Android,0,0,0,18,Sunday,2026-02,0,0,-0.2426009598562019
TXN103269,2026-03-26 03:31:06,2026-03-26,111.29,Entertainment,POS,Hyderabad,India,In-Store,Android,0,0,0,3,Thursday,2026-03,1,0,-0.0005536491034801028
TXN103270,2026-06-26 17:15:19,2026-06-26,674.81,Entertainment,Mobile Wallet,Kolkata,India,Mobile,Android,0,1,0,17,Friday,2026-06,0,0,-0.18038613984693003
TXN103271,2026-03-03 09:48:41,2026-03-03,369.35,Online Services,ATM,Chennai,India,ATM,iOS,0,0,0,9,Tuesday,2026-03,0,0,-0.19793628410251768
TXN103272,2026-04-16 00:29:39,2026-04-16,523.94,Travel,Mobile Wallet,Delhi,India,Mobile,MacOS,0,0,0,0,Thursday,2026-04,1,0,-0.18664161657192446
TXN103273,2026-04-17 03:39:46,2026-04-17,380.81,Fashion,Online,Kolkata,India,Digital,Android,0,0,0,3,Friday,2026-04,1,0,-0.15203355708321425
TXN103274,2026-02-23 04:34:19,2026-02-23,2772.9,Online Services,Online,Bengaluru,India,Digital,Android,0,1,0,4,Monday,2026-02,1,0,-0.07506030467709679
TXN103275,2026-05-06 23:57:26,2026-05-06,2757.26,Online Services,ATM,Mumbai,India,ATM,Android,1,0,0,23,Wednesday,2026-05,1,1,0.03511287911176797
TXN103276,2026-01-09 01:24:17,2026-01-09,2011.08,Jewelry,POS,Jaipur,India,In-Store,Android,0,0,0,1,Friday,2026-01,1,0,-0.1971799118090698
TXN103277,2026-03-29 16:51:03,2026-03-29,839.59,Online Services,ATM,Chennai,India,ATM,Android,0,0,0,16,Sunday,2026-03,0,0,-0.25797829220733204
TXN103278,2026-02-06 05:12:13,2026-02-06,643.73,Grocery,Bank Transfer,Lucknow,India,Digital,iOS,0,0,0,5,Friday,2026-02,1,0,-0.19581804930142999
TXN103279,2026-02-18 05:19:17,2026-02-18,331.76,Utilities,Bank Transfer,Mumbai,India,Digital,Android,0,0,0,5,Wednesday,2026-02,1,0,-0.12784383086706408
TXN103280,2026-02-10 09:43:50,2026-02-10,2279.05,Fashion,Mobile Wallet,Mumbai,India,Mobile,Android,0,0,0,9,Tuesday,2026-02,0,0,-0.2420934673536025
TXN103281,2026-01-17 05:26:53,2026-01-17,2197.11,Jewelry,POS,Mumbai,India,In-Store,iOS,0,0,0,5,Saturday,2026-01,1,0,-0.19232724098515247
TXN103282,2026-03-29 23:03:48,2026-03-29,1626.56,Food & Dining,Online,Jaipur,India,Digital,iOS,0,0,0,23,Sunday,2026-03,1,0,-0.2086180059354114
TXN103283,2026-01-21 23:58:02,2026-01-21,451.75,Food & Dining,POS,Ahmedabad,India,In-Store,Android,0,0,0,23,Wednesday,2026-01,1,0,-0.17490947134175594
TXN103284,2026-02-20 01:26:28,2026-02-20,837.45,Food & Dining,Online,Pune,India,Digital,MacOS,0,1,0,1,Friday,2026-02,1,0,-0.10412528296189505
TXN103285,2026-02-28 08:14:40,2026-02-28,996.67,Travel,Online,Lucknow,India,Digital,iOS,0,0,0,8,Saturday,2026-02,0,0,-0.2551192714482
TXN103286,2026-06-16 16:41:59,2026-06-16,266.79,Grocery,Online,Pune,India,Digital,iOS,0,1,0,16,Tuesday,2026-06,0,0,-0.07561065987418414
TXN103287,2026-02-10 20:40:00,2026-02-10,3439.43,Online Services,POS,Pune,India,In-Store,Windows,0,0,0,20,Tuesday,2026-02,0,0,-0.19953872106242493
TXN103288,2026-02-08 15:28:38,2026-02-08,371.9,Utilities,Online,Hyderabad,India,Digital,MacOS,0,0,0,15,Sunday,2026-02,0,0,-0.19830889552616132
TXN103289,2026-05-21 10:07:25,2026-05-21,587.75,Electronics,Online,Chennai,India,Digital,Android,0,0,0,10,Thursday,2026-05,0,0,-0.24222355045986377
TXN103290,2026-01-11 01:36:36,2026-01-11,265.74,Utilities,ATM,Lucknow,India,ATM,Android,0,0,0,1,Sunday,2026-01,1,0,-0.09487585186388159
TXN103291,2026-05-27 13:06:58,2026-05-27,931.83,Entertainment,ATM,Bengaluru,India,ATM,Windows,0,0,0,13,Wednesday,2026-05,0,0,-0.2595042147700696
TXN103292,2026-05-19 10:52:11,2026-05-19,898.9,Fashion,Bank Transfer,Bengaluru,India,Digital,iOS,0,0,0,10,Tuesday,2026-05,0,0,-0.2596114088197834
TXN103293,2026-03-18 02:15:23,2026-03-18,2402.16,Travel,ATM,Lucknow,India,ATM,Android,0,0,0,2,Wednesday,2026-03,1,0,-0.1868645735062256
TXN103294,2026-05-07 02:17:02,2026-05-07,513.86,Online Services,Online,Kolkata,India,Digital,Android,0,0,0,2,Thursday,2026-05,1,0,-0.1847875783783951
TXN103295,2026-02-15 06:41:14,2026-02-15,460.24,Healthcare,Online,Chennai,India,Digital,iOS,0,0,0,6,Sunday,2026-02,0,0,-0.23018416073968168
TXN103296,2026-02-14 08:17:05,2026-02-14,1169.27,Food & Dining,Online,Ahmedabad,India,Digital,Windows,0,1,0,8,Saturday,2026-02,0,0,-0.1836872265612473
TXN103297,2026-01-01 10:13:59,2026-01-01,208.44,Entertainment,Mobile Wallet,Chennai,India,Mobile,iOS,0,0,0,10,Thursday,2026-01,0,0,-0.11137615293549108
TXN103298,2026-06-17 18:58:42,2026-06-17,3181.76,Grocery,Bank Transfer,Hyderabad,India,Digital,Windows,0,0,0,18,Wednesday,2026-06,0,0,-0.21027263275441394
TXN103299,2026-04-18 15:38:41,2026-04-18,380.96,Food & Dining,Online,Bengaluru,India,Digital,Android,0,0,0,15,Saturday,2026-04,0,0,-0.20133240942299008
TXN103300,2026-01-19 07:13:08,2026-01-19,18048.45,Electronics,POS,Delhi,India,In-Store,Android,0,0,0,7,Monday,2026-01,0,0,-0.016911603993553515
TXN103301,2026-03-17 09:51:47,2026-03-17,581.94,Electronics,Mobile Wallet,Bengaluru,India,Mobile,Android,0,1,0,9,Tuesday,2026-03,0,0,-0.1698247185566723
TXN103302,2026-03-13 06:36:46,2026-03-13,350.2,Entertainment,ATM,Kolkata,India,ATM,MacOS,0,0,0,6,Friday,2026-03,0,0,-0.19152765415670353
TXN103303,2026-04-19 10:15:01,2026-04-19,1748.41,Online Services,Bank Transfer,Ahmedabad,India,Digital,Windows,0,0,0,10,Sunday,2026-04,0,0,-0.2537872056828485
TXN103304,2026-01-12 04:44:03,2026-01-12,1669.71,Unknown,Online,Chennai,India,Digital,Windows,0,0,0,4,Monday,2026-01,1,0,-0.20755821899358962
TXN103305,2026-06-10 21:02:41,2026-06-10,1702.41,Electronics,Online,Mumbai,India,Digital,Android,0,0,0,21,Wednesday,2026-06,0,0,-0.2545131671221252
TXN103306,2026-02-14 02:42:32,2026-02-14,1188.53,Entertainment,Bank Transfer,Bengaluru,India,Digital,iOS,0,0,0,2,Saturday,2026-02,1,0,-0.21760176126005887
TXN103307,2026-03-31 19:09:53,2026-03-31,6579.92,Online Services,Bank Transfer,Hyderabad,India,Digital,Windows,0,0,0,19,Tuesday,2026-03,0,0,-0.08361624949368918
TXN103308,2026-04-13 11:50:16,2026-04-13,372.56,Healthcare,Bank Transfer,Lucknow,India,Digital,Windows,0,0,0,11,Monday,2026-04,0,0,-0.19849519666647408
TXN103309,2026-01-08 14:28:47,2026-01-08,3259.32,Online Services,POS,Hyderabad,India,In-Store,Windows,0,0,0,14,Thursday,2026-01,0,0,-0.20165714600411633
TXN103310,2026-06-02 20:46:17,2026-06-02,302.74,Food & Dining,POS,Mumbai,India,In-Store,Android,0,0,0,20,Tuesday,2026-06,0,0,-0.1780005955815005
TXN103311,2026-04-01 00:07:33,2026-04-01,4111.39,Utilities,Bank Transfer,Lucknow,India,Digital,Windows,0,0,0,0,Wednesday,2026-04,1,0,-0.10701460380147443
TXN103312,2026-06-23 20:57:12,2026-06-23,1454.02,Electronics,Online,Jaipur,India,Digital,iOS,0,0,0,20,Tuesday,2026-06,0,0,-0.2532992318026616
TXN103313,2026-03-28 03:02:56,2026-03-28,3818.04,Fashion,POS,Lucknow,India,In-Store,Android,0,0,0,3,Saturday,2026-03,1,0,-0.12318975316173353
TXN103314,2026-06-07 19:33:24,2026-06-07,2238.82,Fashion,Mobile Wallet,Hyderabad,India,Mobile,MacOS,0,0,0,19,Sunday,2026-06,0,0,-0.24248678300015813
TXN103315,2026-06-24 22:45:32,2026-06-24,192.54,Food & Dining,POS,Delhi,India,In-Store,Android,0,0,0,22,Wednesday,2026-06,0,0,-0.09483443368041777
TXN103316,2026-06-26 21:35:07,2026-06-26,836.81,Online Services,POS,Jaipur,India,In-Store,Windows,0,0,0,21,Friday,2026-06,0,0,-0.25856301451202707
TXN103317,2026-06-24 09:21:28,2026-06-24,402.39,Online Services,Bank Transfer,Hyderabad,India,Digital,Android,1,0,0,9,Wednesday,2026-06,0,0,-0.019750121177675828
TXN103318,2026-03-25 00:33:37,2026-03-25,3622.84,Electronics,Mobile Wallet,Hyderabad,India,Mobile,iOS,0,0,0,0,Wednesday,2026-03,1,0,-0.1343255713561553
TXN103319,2026-03-23 02:12:37,2026-03-23,2080.74,Electronics,POS,Pune,India,In-Store,Android,0,0,0,2,Monday,2026-03,1,0,-0.1964875990199274
TXN103320,2026-05-26 01:19:52,2026-05-26,1237.85,Fashion,POS,Ahmedabad,India,In-Store,iOS,0,0,0,1,Tuesday,2026-05,1,0,-0.21751497413323173
TXN103321,2026-03-09 15:33:02,2026-03-09,788.41,Travel,Mobile Wallet,Chennai,India,Mobile,Windows,0,0,0,15,Monday,2026-03,0,0,-0.2544323444054716
TXN103322,2026-06-10 03:40:37,2026-06-10,1538.9,Entertainment,Bank Transfer,Ahmedabad,India,Digital,Android,0,0,0,3,Wednesday,2026-06,1,0,-0.20919366553921787
TXN103323,2026-05-07 14:19:46,2026-05-07,509.53,Online Services,Bank Transfer,Mumbai,India,Digital,Windows,0,0,0,14,Thursday,2026-05,0,0,-0.23508647351815282
TXN103324,2026-06-13 22:43:07,2026-06-13,1373.42,Jewelry,POS,Hyderabad,India,In-Store,iOS,0,0,0,22,Saturday,2026-06,0,0,-0.2565680717377821
TXN103325,2026-03-23 05:20:52,2026-03-23,993.65,Entertainment,POS,Mumbai,India,In-Store,MacOS,0,0,0,5,Monday,2026-03,1,0,-0.2201883147121122
TXN103326,2026-05-27 02:58:27,2026-05-27,570.54,Online Services,ATM,Bengaluru,India,ATM,iOS,0,0,0,2,Wednesday,2026-05,1,0,-0.1949854346256114
TXN103327,2026-06-05 09:30:06,2026-06-05,1912.89,Food & Dining,Mobile Wallet,Kolkata,India,Mobile,Android,0,0,1,9,Friday,2026-06,0,0,-0.25043996888435394
TXN103328,2026-06-17 00:59:03,2026-06-17,4957.46,Electronics,Mobile Wallet,Mumbai,India,Mobile,MacOS,0,0,1,0,Wednesday,2026-06,1,0,-0.0878874676910022
TXN103329,2026-03-25 12:15:35,2026-03-25,349.79,Food & Dining,Online,Chennai,India,Digital,MacOS,0,0,0,12,Wednesday,2026-03,0,0,-0.19137326070712074
TXN103330,2026-04-23 09:43:51,2026-04-23,2334.98,Food & Dining,POS,Mumbai,India,In-Store,Android,0,0,0,9,Thursday,2026-04,0,0,-0.2404408967997831
TXN103331,2026-03-17 11:55:29,2026-03-17,574.85,Healthcare,POS,Pune,India,In-Store,MacOS,0,1,0,11,Tuesday,2026-03,0,0,-0.16936210646667105
TXN103332,2026-05-02 18:15:47,2026-05-02,1749.72,Electronics,Mobile Wallet,Jaipur,India,Mobile,iOS,0,2,0,18,Saturday,2026-05,0,0,-0.01543315496556108
TXN103333,2026-05-23 16:04:11,2026-05-23,669.32,Fashion,Bank Transfer,Bengaluru,India,Digital,MacOS,0,1,1,16,Saturday,2026-05,0,0,-0.1805213245086224
TXN103334,2026-02-10 15:21:51,2026-02-10,862.84,Fashion,POS,Pune,India,In-Store,Unknown,0,0,0,15,Tuesday,2026-02,0,0,-0.257158626971519
TXN103335,2026-06-16 18:17:47,2026-06-16,933.89,Jewelry,Online,Hyderabad,India,Digital,Android,0,0,0,18,Tuesday,2026-06,0,0,-0.259329843243434
TXN103336,2026-01-02 15:53:16,2026-01-02,3258.67,Fashion,POS,Pune,India,In-Store,Windows,0,0,0,15,Friday,2026-01,0,0,-0.20165714600411633
TXN103337,2026-01-29 20:28:25,2026-01-29,1018.78,Utilities,Online,Delhi,India,Digital,MacOS,0,0,0,20,Thursday,2026-01,0,0,-0.2562490641141557
TXN103338,2026-04-15 16:04:54,2026-04-15,836.02,Utilities,Mobile Wallet,Hyderabad,India,Mobile,Android,0,1,0,16,Wednesday,2026-04,0,0,-0.1875819106681808
TXN103339,2026-02-20 04:03:11,2026-02-20,1026.27,Travel,Bank Transfer,Kolkata,India,Digital,iOS,0,0,0,4,Friday,2026-02,1,0,-0.2226994663714877
TXN103340,2026-03-16 13:34:53,2026-03-16,4998.37,Food & Dining,POS,Pune,India,In-Store,Windows,0,0,0,13,Monday,2026-03,0,0,-0.13798381837206275
TXN103341,2026-01-10 00:12:07,2026-01-10,1716.55,Online Services,POS,Jaipur,India,In-Store,iOS,0,0,0,0,Saturday,2026-01,1,0,-0.2070545481029114
TXN103342,2026-05-22 05:55:59,2026-05-22,672.93,Food & Dining,Mobile Wallet,Kolkata,India,Mobile,Windows,0,0,0,5,Friday,2026-05,1,0,-0.1978369271124219
TXN103343,2026-02-20 12:10:22,2026-02-20,3635.57,Jewelry,Online,Mumbai,India,Digital,iOS,0,0,0,12,Friday,2026-02,0,0,-0.19474952563582099
TXN103344,2026-04-28 03:02:09,2026-04-28,1267.06,Electronics,Online,Pune,India,Digital,Windows,0,1,0,3,Tuesday,2026-04,1,0,-0.11576822377666618
TXN103345,2026-05-01 16:41:31,2026-05-01,549.88,Grocery,Mobile Wallet,Bengaluru,India,Mobile,MacOS,0,0,0,16,Friday,2026-05,0,0,-0.23701543556801907
TXN103346,2026-02-08 22:19:38,2026-02-08,1502.62,Online Services,Bank Transfer,Ahmedabad,India,Digital,Android,1,0,0,22,Sunday,2026-02,0,0,-0.051444964211408206
TXN103347,2026-01-28 06:31:59,2026-01-28,972.5,Online Services,Bank Transfer,Mumbai,India,Digital,Windows,1,1,0,6,Wednesday,2026-01,0,1,0.027969164538635072
TXN103348,2026-01-03 04:49:53,2026-01-03,73.28,Jewelry,Online,Lucknow,India,Digital,Windows,0,0,0,4,Saturday,2026-01,1,1,0.004502363462708714
TXN103349,2026-03-25 09:31:58,2026-03-25,1428.81,Healthcare,Online,Delhi,India,Digital,iOS,0,1,0,9,Wednesday,2026-03,0,0,-0.17952192999974914
TXN103350,2026-06-04 20:42:11,2026-06-04,463.92,Jewelry,Online,Bengaluru,India,Digital,Android,0,0,0,20,Thursday,2026-06,0,0,-0.23156821027951757
TXN103351,2026-04-27 13:18:54,2026-04-27,396.18,Utilities,Online,Bengaluru,India,Digital,MacOS,0,0,0,13,Monday,2026-04,0,0,-0.20658416560817172
TXN103352,2026-01-02 22:31:43,2026-01-02,231.72,Online Services,Bank Transfer,Kolkata,India,Digital,Android,0,0,0,22,Friday,2026-01,0,0,-0.13051773272807432
TXN103353,2026-04-03 08:00:40,2026-04-03,1215.06,Food & Dining,Online,Ahmedabad,India,Digital,Android,0,1,0,8,Friday,2026-04,0,0,-0.18546224253238747
TXN103354,2026-06-15 03:41:05,2026-06-15,974.55,Fashion,Bank Transfer,Jaipur,India,Digital,MacOS,0,1,0,3,Monday,2026-06,1,0,-0.11077133624397983
TXN103355,2026-05-11 01:30:24,2026-05-11,2343.18,Jewelry,Online,Kolkata,India,Digital,Android,1,0,0,1,Monday,2026-05,1,1,0.029333963679377906
TXN103356,2026-05-24 05:43:45,2026-05-24,579.41,Fashion,POS,Ahmedabad,India,In-Store,Windows,0,0,0,5,Sunday,2026-05,1,0,-0.19546780356662447
TXN103357,2026-04-04 22:07:02,2026-04-04,746.17,Food & Dining,Mobile Wallet,Pune,India,Mobile,Android,0,0,0,22,Saturday,2026-04,0,0,-0.25133777450875777
TXN103358,2026-02-09 08:06:27,2026-02-09,5343.59,Fashion,Online,Delhi,India,Digital,iOS,0,0,1,8,Monday,2026-02,0,0,-0.12474697706011106
TXN103359,2026-01-02 09:58:49,2026-01-02,225.89,Food & Dining,POS,Mumbai,India,In-Store,Android,0,0,0,9,Friday,2026-01,0,0,-0.11985984660110105
TXN103360,2026-03-22 17:11:32,2026-03-22,2900.73,Food & Dining,POS,Bengaluru,India,In-Store,Android,0,0,0,17,Sunday,2026-03,0,0,-0.21770517239922466
TXN103361,2026-06-18 05:42:19,2026-06-18,587.67,Grocery,Online,Jaipur,India,Digital,iOS,0,1,0,5,Thursday,2026-06,1,0,-0.08461791362911308
TXN103362,2026-01-12 15:43:50,2026-01-12,13250.61,Online Services,POS,Kolkata,India,In-Store,MacOS,0,0,0,15,Monday,2026-01,0,0,-0.020953935160406
TXN103363,2026-06-12 02:33:35,2026-06-12,1954.18,Fashion,POS,Delhi,India,In-Store,MacOS,0,0,0,2,Friday,2026-06,1,0,-0.19640282482335597
TXN103364,2026-03-06 10:56:25,2026-03-06,663.56,Food & Dining,Bank Transfer,Mumbai,India,Digital,MacOS,0,0,0,10,Friday,2026-03,0,0,-0.24560033437783807
TXN103365,2026-02-24 21:31:02,2026-02-24,359.6,Electronics,Bank Transfer,Delhi,India,Digital,iOS,0,0,0,21,Tuesday,2026-02,0,0,-0.1963070369985303
TXN103366,2026-02-14 06:56:48,2026-02-14,1521.42,Grocery,POS,Bengaluru,India,In-Store,Android,0,0,0,6,Saturday,2026-02,0,0,-0.2528492995220091
TXN103367,2026-04-11 13:35:28,2026-04-11,237.97,Travel,Online,Pune,India,Digital,iOS,1,2,0,13,Saturday,2026-04,0,1,0.096971416464256
TXN103368,2026-03-03 23:04:56,2026-03-03,1902.29,Healthcare,ATM,Jaipur,India,ATM,iOS,0,1,0,23,Tuesday,2026-03,1,0,-0.10690622246185977
TXN103369,2026-02-18 06:56:16,2026-02-18,359.61,Grocery,Online,Ahmedabad,India,Digital,Android,0,1,0,6,Wednesday,2026-02,0,0,-0.11333004455574613
TXN103370,2026-05-07 07:40:26,2026-05-07,504.78,Online Services,ATM,Lucknow,India,ATM,Windows,0,0,0,7,Thursday,2026-05,0,0,-0.23347182987567894
TXN103371,2026-06-02 16:36:29,2026-06-02,116.5,Electronics,Bank Transfer,Jaipur,India,Digital,Windows,1,1,0,16,Tuesday,2026-06,0,1,0.08093210909289739
TXN103372,2026-01-23 01:18:20,2026-01-23,1216.96,Electronics,Online,Ahmedabad,India,Digital,iOS,0,0,0,1,Friday,2026-01,1,0,-0.21823287280471187
TXN103373,2026-06-01 17:40:45,2026-06-01,1371.3,Electronics,Bank Transfer,Kolkata,India,Digital,Android,0,0,0,17,Monday,2026-06,0,0,-0.2565680717377821
TXN103374,2026-02-07 20:23:16,2026-02-07,1121.81,Grocery,Mobile Wallet,Pune,India,Mobile,Android,0,0,0,20,Saturday,2026-02,0,0,-0.26116076042459013
TXN103375,2026-01-28 02:05:26,2026-01-28,276.49,Utilities,Bank Transfer,Ahmedabad,India,Digital,MacOS,0,0,0,2,Wednesday,2026-01,1,0,-0.09949867760212072
TXN103376,2026-01-21 10:58:20,2026-01-21,3455.47,Online Services,POS,Pune,India,In-Store,Windows,0,0,0,10,Wednesday,2026-01,0,0,-0.19984680889046075
TXN103377,2026-04-17 18:54:09,2026-04-17,963.3,Entertainment,ATM,Delhi,India,ATM,iOS,0,1,0,18,Friday,2026-04,0,0,-0.1815064390869544
TXN103378,2026-05-26 20:22:46,2026-05-26,722.39,Electronics,Mobile Wallet,Jaipur,India,Mobile,MacOS,0,0,0,20,Tuesday,2026-05,0,0,-0.24839536476751534
TXN103379,2026-06-13 22:18:37,2026-06-13,2085.12,Travel,POS,Jaipur,India,In-Store,Android,1,0,1,22,Saturday,2026-06,0,0,-0.035309992541452284
TXN103380,2026-04-09 16:25:17,2026-04-09,771.04,Food & Dining,Bank Transfer,Bengaluru,India,Digital,Windows,0,0,0,16,Thursday,2026-04,0,0,-0.25419082784898483
TXN103381,2026-06-22 15:34:56,2026-06-22,1560.83,Jewelry,Online,Jaipur,India,Digital,iOS,0,0,0,15,Monday,2026-06,0,0,-0.25377867623909817
TXN103382,2026-04-29 02:11:50,2026-04-29,587.45,Travel,Online,Delhi,India,Digital,MacOS,0,1,0,2,Wednesday,2026-04,1,0,-0.08461791362911308
TXN103383,2026-03-14 22:36:23,2026-03-14,2106.8,Healthcare,Bank Transfer,Bengaluru,India,Digital,iOS,0,0,0,22,Saturday,2026-03,0,0,-0.24612385739575776
TXN103384,2026-06-30 19:46:25,2026-06-30,2063.97,Fashion,Bank Transfer,Pune,India,Digital,Windows,0,0,0,19,Tuesday,2026-06,0,0,-0.24954908812853088
TXN103385,2026-05-02 13:57:28,2026-05-02,763.15,Travel,Bank Transfer,Hyderabad,India,Digital,Android,0,1,0,13,Saturday,2026-05,0,0,-0.1870885528878377
TXN103386,2026-01-30 20:44:16,2026-01-30,1238.69,Food & Dining,Mobile Wallet,Ahmedabad,India,Mobile,Android,0,0,0,20,Friday,2026-01,0,0,-0.2606820089664171
TXN103387,2026-04-18 00:32:31,2026-04-18,1075.08,Grocery,Online,Mumbai,India,Digital,Android,0,1,0,0,Saturday,2026-04,1,0,-0.11313664660063716
TXN103388,2026-04-08 18:06:52,2026-04-08,992.2,Utilities,Online,Pune,India,Digital,iOS,0,2,0,18,Wednesday,2026-04,0,0,-0.014832977573461248
TXN103389,2026-02-01 21:01:41,2026-02-01,423.95,Travel,Mobile Wallet,Delhi,India,Mobile,Android,0,0,0,21,Sunday,2026-02,0,0,-0.21695387220153328
TXN103390,2026-06-05 22:11:28,2026-06-05,474.44,Healthcare,Online,Pune,India,Digital,Windows,0,0,0,22,Friday,2026-06,0,0,-0.23299499894411385
TXN103391,2026-06-21 20:54:42,2026-06-21,805.75,Grocery,Bank Transfer,Mumbai,India,Digital,Android,0,1,0,20,Sunday,2026-06,0,0,-0.18818358975886468
TXN103392,2026-03-20 11:39:14,2026-03-20,1158.71,Jewelry,POS,Delhi,India,In-Store,Windows,0,1,0,11,Friday,2026-03,0,0,-0.18385712188783437
TXN103393,2026-02-10 02:26:44,2026-02-10,540.85,Electronics,Online,Jaipur,India,Digital,Windows,0,0,0,2,Tuesday,2026-02,1,0,-0.18676687965833855
TXN103394,2026-03-04 00:09:55,2026-03-04,1109.38,Online Services,Online,Pune,India,Digital,iOS,0,0,0,0,Wednesday,2026-03,1,0,-0.22268088155452276
TXN103395,2026-01-23 08:13:12,2026-01-23,175.65,Utilities,POS,Ahmedabad,India,In-Store,Android,0,0,0,8,Friday,2026-01,0,0,-0.07563399825727768
TXN103396,2026-04-14 11:17:23,2026-04-14,1099.18,Jewelry,Mobile Wallet,Kolkata,India,Mobile,Android,0,0,0,11,Tuesday,2026-04,0,0,-0.260532791796482
TXN103397,2026-03-16 17:24:25,2026-03-16,1166.42,Food & Dining,Bank Transfer,Jaipur,India,Digital,Android,0,0,0,17,Monday,2026-03,0,0,-0.25814085491531674
TXN103398,2026-02-17 05:47:03,2026-02-17,2111.14,Unknown,ATM,Jaipur,India,ATM,iOS,0,0,0,5,Tuesday,2026-02,1,0,-0.19642610411357614
TXN103399,2026-06-09 01:39:32,2026-06-09,3422.53,Fashion,POS,Hyderabad,India,In-Store,Windows,0,0,0,1,Tuesday,2026-06,1,0,-0.14219931360108518
TXN103400,2026-02-26 04:24:42,2026-02-26,6661.59,Electronics,Online,Kolkata,India,Digital,Android,0,0,0,4,Thursday,2026-02,1,0,-0.04199860346787987
TXN103401,2026-04-28 18:26:34,2026-04-28,4619.0,Fashion,Online,Chennai,India,Digital,Android,0,0,0,18,Tuesday,2026-04,0,0,-0.1545998593595504
TXN103402,2026-04-10 19:44:15,2026-04-10,1071.24,Electronics,POS,Kolkata,India,In-Store,Windows,1,0,0,19,Friday,2026-04,0,0,-0.05958783778009724
TXN103403,2026-05-04 06:36:09,2026-05-04,1138.01,Jewelry,Online,Hyderabad,India,Digital,iOS,1,0,0,6,Monday,2026-05,0,0,-0.05942713395913979
TXN103404,2026-06-10 06:57:00,2026-06-10,2090.89,Grocery,Online,Lucknow,India,Digital,Android,0,1,1,6,Wednesday,2026-06,0,0,-0.16801505401192401
TXN103405,2026-06-01 11:52:28,2026-06-01,1006.78,Food & Dining,POS,Mumbai,India,In-Store,Windows,0,1,0,11,Monday,2026-06,0,0,-0.18057791739522538
TXN103406,2026-06-16 23:42:54,2026-06-16,841.56,Entertainment,POS,Hyderabad,India,In-Store,Windows,0,1,0,23,Tuesday,2026-06,1,0,-0.104309186813493
TXN103407,2026-02-03 12:28:32,2026-02-03,3292.4,Food & Dining,Online,Lucknow,India,Digital,Windows,0,0,0,12,Tuesday,2026-02,0,0,-0.2023693209523184
TXN103408,2026-06-05 03:34:39,2026-06-05,1956.6,Entertainment,ATM,Bengaluru,India,ATM,Android,0,0,0,3,Friday,2026-06,1,0,-0.19640282482335597
TXN103409,2026-06-14 09:23:18,2026-06-14,1859.0,Grocery,POS,Jaipur,India,In-Store,Android,0,0,1,9,Sunday,2026-06,0,0,-0.25245259341052484
TXN103410,2026-01-07 12:47:53,2026-01-07,549.27,Food & Dining,Online,Chennai,India,Digital,Windows,0,0,0,12,Wednesday,2026-01,0,0,-0.2373344427037964
TXN103411,2026-06-14 21:03:11,2026-06-14,2333.15,Travel,Mobile Wallet,Hyderabad,India,Mobile,Android,0,0,0,21,Sunday,2026-06,0,0,-0.2405343705221376
TXN103412,2026-02-25 18:36:23,2026-02-25,1171.26,Jewelry,Online,Ahmedabad,India,Digital,Android,0,0,0,18,Wednesday,2026-02,0,0,-0.25824626195280714
TXN103413,2026-03-06 11:56:45,2026-03-06,496.84,Utilities,Mobile Wallet,Chennai,India,Mobile,Windows,0,0,0,11,Friday,2026-03,0,0,-0.2339474858114955
TXN103414,2026-02-16 00:47:30,2026-02-16,1915.13,Jewelry,Online,Bengaluru,India,Digital,iOS,0,0,1,0,Monday,2026-02,1,0,-0.1974881736060946
TXN103415,2026-05-28 07:53:20,2026-05-28,420.21,Grocery,Mobile Wallet,Delhi,India,Mobile,Windows,0,0,0,7,Thursday,2026-05,0,0,-0.21539906866213643
TXN103416,2026-01-19 03:19:13,2026-01-19,159.79,Travel,Online,Ahmedabad,India,Digital,iOS,0,0,0,3,Monday,2026-01,1,0,-0.014570676684950823
TXN103417,2026-06-06 06:32:15,2026-06-06,258.77,Electronics,Bank Transfer,Delhi,India,Digital,Android,0,0,0,6,Saturday,2026-06,0,0,-0.15633936269501325
TXN103418,2026-05-26 20:58:56,2026-05-26,898.95,Grocery,POS,Ahmedabad,India,In-Store,iOS,0,0,0,20,Tuesday,2026-05,0,0,-0.2596114088197834
TXN103419,2026-06-12 20:50:39,2026-06-12,3762.64,Travel,Bank Transfer,Chennai,India,Digital,Windows,0,0,0,20,Friday,2026-06,0,0,-0.19261375182615648
TXN103420,2026-06-20 22:30:29,2026-06-20,1408.45,Healthcare,POS,Ahmedabad,India,In-Store,Android,0,0,0,22,Saturday,2026-06,0,0,-0.255652006743499
TXN103421,2026-05-06 01:07:35,2026-05-06,3375.97,Electronics,Online,Chennai,India,Digital,MacOS,0,0,1,1,Wednesday,2026-05,1,0,-0.14539577318717245
TXN103422,2026-05-19 10:36:10,2026-05-19,3150.48,Food & Dining,Bank Transfer,Mumbai,India,Digital,Android,0,0,0,10,Tuesday,2026-05,0,0,-0.2114439055648462
TXN103423,2026-02-18 07:50:51,2026-02-18,1649.46,Online Services,Online,Delhi,India,Digital,Android,1,0,0,7,Wednesday,2026-02,0,0,-0.047125634529731286
TXN103424,2026-04-23 01:15:32,2026-04-23,2487.93,Healthcare,Mobile Wallet,Pune,India,Mobile,Windows,0,2,0,1,Thursday,2026-04,1,1,0.048038399862202485
TXN103425,2026-02-07 01:22:04,2026-02-07,2387.12,Fashion,Online,Bengaluru,India,Digital,MacOS,0,0,0,1,Saturday,2026-02,1,0,-0.1861855729595011
TXN103426,2026-03-05 13:20:37,2026-03-05,853.22,Fashion,POS,Ahmedabad,India,In-Store,Android,0,0,0,13,Thursday,2026-03,0,0,-0.2571618498171467
TXN103427,2026-03-10 21:41:22,2026-03-10,911.12,Food & Dining,Bank Transfer,Chennai,India,Digital,Android,0,0,0,21,Tuesday,2026-03,0,0,-0.2590255393226536
TXN103428,2026-05-16 19:53:41,2026-05-16,562.97,Electronics,POS,Bengaluru,India,In-Store,Android,1,0,0,19,Saturday,2026-05,0,0,-0.025149149058290354
TXN103429,2026-06-11 21:38:46,2026-06-11,2131.54,Entertainment,Online,Lucknow,India,Digital,iOS,0,0,0,21,Thursday,2026-06,0,0,-0.24520508762205523
TXN103430,2026-06-25 21:53:36,2026-06-25,410.72,Fashion,Bank Transfer,Kolkata,India,Digital,iOS,0,0,0,21,Thursday,2026-06,0,0,-0.2145162787154657
TXN103431,2026-04-26 19:33:20,2026-04-26,539.81,Online Services,Bank Transfer,Ahmedabad,India,Digital,iOS,0,1,1,19,Sunday,2026-04,0,0,-0.16150999567546737
TXN103432,2026-03-06 02:58:22,2026-03-06,1036.9,Utilities,Mobile Wallet,Hyderabad,India,Mobile,Android,0,1,0,2,Friday,2026-03,1,0,-0.11294854219835959
TXN103433,2026-01-31 04:16:25,2026-01-31,1197.44,Entertainment,POS,Jaipur,India,In-Store,Android,0,1,0,4,Saturday,2026-01,1,0,-0.11618285447456111
TXN103434,2026-05-12 02:35:36,2026-05-12,1753.43,Fashion,POS,Pune,India,In-Store,Android,0,0,1,2,Tuesday,2026-05,1,0,-0.20649806807173754
TXN103435,2026-04-23 18:10:21,2026-04-23,1060.71,Electronics,POS,Mumbai,India,In-Store,iOS,0,2,0,18,Thursday,2026-04,0,0,-0.013712106377778865
TXN103436,2026-04-19 08:40:25,2026-04-19,819.78,Utilities,Online,Chennai,India,Digital,iOS,0,0,0,8,Sunday,2026-04,0,0,-0.25663513793929876
TXN103437,2026-06-27 10:00:21,2026-06-27,1955.57,Food & Dining,Bank Transfer,Chennai,India,Digital,iOS,0,0,0,10,Saturday,2026-06,0,0,-0.24783135844468374
TXN103438,2026-03-10 01:03:02,2026-03-10,2278.89,Electronics,POS,Kolkata,India,In-Store,iOS,0,0,0,1,Tuesday,2026-03,1,0,-0.1892273656965512
TXN103439,2026-06-07 13:38:31,2026-06-07,281.51,Electronics,POS,Kolkata,India,In-Store,Windows,0,1,0,13,Sunday,2026-06,0,0,-0.08503555830303822
TXN103440,2026-04-30 23:29:45,2026-04-30,2580.23,Electronics,POS,Pune,India,In-Store,MacOS,0,0,0,23,Thursday,2026-04,1,0,-0.18142374276903223
TXN103441,2026-03-29 11:51:59,2026-03-29,844.33,Utilities,Bank Transfer,Ahmedabad,India,Digital,iOS,0,0,0,11,Sunday,2026-03,0,0,-0.257846382356725
TXN103442,2026-03-08 13:37:17,2026-03-08,3938.12,Electronics,Mobile Wallet,Delhi,India,Mobile,Windows,1,0,0,13,Sunday,2026-03,0,1,0.0037792870961100844
TXN103443,2026-03-16 22:15:03,2026-03-16,651.88,Food & Dining,ATM,Kolkata,India,ATM,iOS,0,1,0,22,Monday,2026-03,0,0,-0.1789326075284165
TXN103444,2026-02-14 00:58:33,2026-02-14,494.92,Food & Dining,POS,Lucknow,India,In-Store,Windows,0,0,0,0,Saturday,2026-02,1,0,-0.1859071948797792
TXN103445,2026-01-04 03:42:15,2026-01-04,1841.66,Food & Dining,Bank Transfer,Kolkata,India,Digital,MacOS,0,1,0,3,Sunday,2026-01,1,0,-0.10994861306672987
TXN103446,2026-06-03 12:15:40,2026-06-03,6030.89,Online Services,ATM,Hyderabad,India,ATM,iOS,1,1,0,12,Wednesday,2026-06,0,1,0.07150618993928237
TXN103447,2026-06-04 22:19:33,2026-06-04,299.41,Online Services,Online,Lucknow,India,Digital,Android,0,0,0,22,Thursday,2026-06,0,0,-0.1753297590301094
TXN103448,2026-06-23 21:34:18,2026-06-23,2144.61,Food & Dining,Online,Delhi,India,Digital,Windows,0,0,0,21,Tuesday,2026-06,0,0,-0.2453825767537643
TXN103449,2026-04-17 09:40:40,2026-04-17,1716.87,Grocery,Online,Hyderabad,India,Digital,iOS,0,0,0,9,Friday,2026-04,0,0,-0.254462751667406
TXN103450,2026-02-20 08:36:47,2026-02-20,1068.39,Fashion,POS,Hyderabad,India,In-Store,MacOS,0,0,0,8,Friday,2026-02,0,0,-0.2605665334696112
TXN103451,2026-02-19 15:49:07,2026-02-19,5759.84,Entertainment,Bank Transfer,Pune,India,Digital,Android,0,0,0,15,Thursday,2026-02,0,0,-0.11084537920369508
TXN103452,2026-01-06 07:19:53,2026-01-06,237.31,Food & Dining,POS,Kolkata,India,In-Store,MacOS,0,0,1,7,Tuesday,2026-01,0,0,-0.13262863290245286
TXN103453,2026-02-28 15:58:00,2026-02-28,2670.33,Entertainment,POS,Bengaluru,India,In-Store,iOS,0,0,0,15,Saturday,2026-02,0,0,-0.22837417828221057
TXN103454,2026-05-05 23:58:55,2026-05-05,2388.19,Electronics,Mobile Wallet,Lucknow,India,Mobile,MacOS,0,0,0,23,Tuesday,2026-05,1,0,-0.1860293720146879
TXN103455,2026-05-23 02:31:47,2026-05-23,2858.18,Entertainment,Mobile Wallet,Mumbai,India,Mobile,Windows,0,0,0,2,Saturday,2026-05,1,0,-0.16654089406316075
TXN103456,2026-01-30 01:39:53,2026-01-30,2582.67,Electronics,ATM,Bengaluru,India,ATM,Windows,0,0,1,1,Friday,2026-01,1,0,-0.18142374276903223
TXN103457,2026-06-19 14:27:46,2026-06-19,1323.84,Utilities,Online,Jaipur,India,Digital,Android,0,0,0,14,Friday,2026-06,0,0,-0.25885286730718254
TXN103458,2026-05-02 11:55:42,2026-05-02,859.15,Fashion,Online,Mumbai,India,Digital,Android,0,0,0,11,Saturday,2026-05,0,0,-0.2575775422981263
TXN103459,2026-05-05 04:28:58,2026-05-05,672.97,Healthcare,Online,Ahmedabad,India,Digital,iOS,0,0,0,4,Tuesday,2026-05,1,0,-0.1978369271124219
TXN103460,2026-02-06 12:22:07,2026-02-06,1754.91,Grocery,Online,Delhi,India,Digital,Android,0,0,0,12,Friday,2026-02,0,0,-0.254361861447072
TXN103461,2026-06-19 02:33:10,2026-06-19,1091.17,Fashion,Online,Pune,India,Digital,MacOS,1,0,0,2,Friday,2026-06,1,1,0.009744717931041591
TXN103462,2026-05-04 21:47:02,2026-05-04,926.48,Healthcare,POS,Bengaluru,India,In-Store,iOS,0,1,0,21,Monday,2026-05,0,0,-0.18454593242976014
TXN103463,2026-04-11 15:28:18,2026-04-11,704.18,Electronics,Online,Kolkata,India,Digital,Android,0,0,0,15,Saturday,2026-04,0,0,-0.24760410438692027
TXN103464,2026-02-04 22:51:55,2026-02-04,791.47,Utilities,Online,Delhi,India,Digital,iOS,0,0,0,22,Wednesday,2026-02,0,0,-0.2551660679113422
TXN103465,2026-03-28 08:04:46,2026-03-28,2041.87,Entertainment,Online,Hyderabad,India,Digital,iOS,0,0,0,8,Saturday,2026-03,0,0,-0.24873653784651145
TXN103466,2026-05-14 04:48:42,2026-05-14,1113.09,Food & Dining,ATM,Lucknow,India,ATM,Android,0,0,0,4,Thursday,2026-05,1,0,-0.22348420002735347
TXN103467,2026-01-18 23:12:49,2026-01-18,2885.27,Fashion,ATM,Jaipur,India,ATM,Android,0,0,0,23,Sunday,2026-01,1,0,-0.16604018733858217
TXN103468,2026-04-23 23:46:50,2026-04-23,371.5,Food & Dining,POS,Pune,India,In-Store,Android,0,0,0,23,Thursday,2026-04,1,0,-0.15030512552897363
TXN103469,2026-01-29 00:57:15,2026-01-29,1801.6,Entertainment,Online,Hyderabad,India,Digital,iOS,0,0,0,0,Thursday,2026-01,1,0,-0.20620694388354632
TXN103470,2026-03-18 14:48:51,2026-03-18,489.56,Food & Dining,POS,Delhi,India,In-Store,Android,0,0,0,14,Wednesday,2026-03,0,0,-0.23349265597031066
TXN103471,2026-02-28 08:02:22,2026-02-28,2885.23,Healthcare,Online,Lucknow,India,Digital,Android,0,0,0,8,Saturday,2026-02,0,0,-0.21857202567723644
TXN103472,2026-06-24 16:33:55,2026-06-24,2947.5,Fashion,Online,Jaipur,India,Digital,Windows,0,1,0,16,Wednesday,2026-06,0,0,-0.13341480548223983
TXN103473,2026-05-06 08:04:19,2026-05-06,354.89,Electronics,Mobile Wallet,Hyderabad,India,Mobile,Android,0,0,0,8,Wednesday,2026-05,0,0,-0.1948382039720119
TXN103474,2026-05-25 15:59:17,2026-05-25,594.39,Electronics,Mobile Wallet,Jaipur,India,Mobile,iOS,0,1,0,15,Monday,2026-05,0,0,-0.17041669556164718
TXN103475,2026-04-19 14:33:09,2026-04-19,615.08,Grocery,ATM,Delhi,India,ATM,iOS,0,0,0,14,Sunday,2026-04,0,0,-0.2473259806567213
TXN103476,2026-01-22 14:43:34,2026-01-22,3011.11,Travel,Mobile Wallet,Kolkata,India,Mobile,Windows,0,0,0,14,Thursday,2026-01,0,0,-0.2132079339826139
TXN103477,2026-03-09 09:07:06,2026-03-09,681.8,Healthcare,ATM,Chennai,India,ATM,Android,0,0,0,9,Monday,2026-03,0,0,-0.24634380307801612
TXN103478,2026-03-10 08:24:57,2026-03-10,1904.56,Utilities,Online,Ahmedabad,India,Digital,Windows,1,0,0,8,Tuesday,2026-03,0,0,-0.04161881783738064
TXN103479,2026-06-14 12:11:30,2026-06-14,646.16,Electronics,Mobile Wallet,Ahmedabad,India,Mobile,Android,0,0,0,12,Sunday,2026-06,0,0,-0.2449878211169883
TXN103480,2026-02-18 05:55:22,2026-02-18,2592.45,Jewelry,Online,Hyderabad,India,Digital,Android,0,0,0,5,Wednesday,2026-02,1,0,-0.18142468182667304
TXN103481,2026-05-21 09:55:39,2026-05-21,2806.67,Food & Dining,Bank Transfer,Hyderabad,India,Digital,iOS,0,0,0,9,Thursday,2026-05,0,0,-0.22364068377077084
TXN103482,2026-06-11 02:41:59,2026-06-11,4171.04,Online Services,Online,Ahmedabad,India,Digital,Windows,0,1,0,2,Thursday,2026-06,1,0,-0.03506215385140943
TXN103483,2026-04-19 22:05:53,2026-04-19,956.08,Healthcare,POS,Bengaluru,India,In-Store,Android,0,0,0,22,Sunday,2026-04,0,0,-0.2560594852692483
TXN103484,2026-03-27 02:18:34,2026-03-27,4895.39,Healthcare,ATM,Kolkata,India,ATM,iOS,0,0,0,2,Friday,2026-03,1,0,-0.08807686375535828
TXN103485,2026-02-22 20:52:44,2026-02-22,981.13,Grocery,POS,Ahmedabad,India,In-Store,Android,0,1,0,20,Sunday,2026-02,0,0,-0.18140053713357596
TXN103486,2026-05-03 21:23:48,2026-05-03,1120.02,Electronics,Online,Ahmedabad,India,Digital,Android,0,0,0,21,Sunday,2026-05,0,0,-0.2606218512088001
TXN103487,2026-03-28 10:01:53,2026-03-28,780.17,Grocery,POS,Lucknow,India,In-Store,Windows,0,0,0,10,Saturday,2026-03,0,0,-0.2539449795193023
TXN103488,2026-06-28 04:15:57,2026-06-28,6757.71,Healthcare,POS,Hyderabad,India,In-Store,MacOS,0,0,0,4,Sunday,2026-06,1,0,-0.04024670013820453
TXN103489,2026-05-11 05:39:25,2026-05-11,596.72,Fashion,Mobile Wallet,Jaipur,India,Mobile,iOS,0,0,0,5,Monday,2026-05,1,0,-0.1957990018425988
TXN103490,2026-02-11 10:50:29,2026-02-11,976.85,Utilities,Bank Transfer,Lucknow,India,Digital,Android,0,0,0,10,Wednesday,2026-02,0,0,-0.25511541080833566
TXN103491,2026-04-08 00:28:57,2026-04-08,1279.31,Fashion,POS,Hyderabad,India,In-Store,iOS,0,0,0,0,Wednesday,2026-04,1,0,-0.21739583012403724
TXN103492,2026-06-09 20:43:52,2026-06-09,1623.53,Utilities,Online,Ahmedabad,India,Digital,MacOS,0,0,0,20,Tuesday,2026-06,0,0,-0.25284169739418333
TXN103493,2026-04-19 23:44:34,2026-04-19,422.99,Electronics,Bank Transfer,Pune,India,Digital,iOS,0,0,0,23,Sunday,2026-04,1,0,-0.16730453647845028
TXN103494,2026-02-20 21:43:38,2026-02-20,900.81,Electronics,Online,Chennai,India,Digital,Android,0,0,0,21,Friday,2026-02,0,0,-0.2596114088197834
TXN103495,2026-03-26 07:38:19,2026-03-26,1116.18,Fashion,Online,Hyderabad,India,Digital,iOS,0,1,0,7,Thursday,2026-03,0,0,-0.18449544189829475
TXN103496,2026-06-23 12:49:17,2026-06-23,2083.53,Fashion,POS,Chennai,India,In-Store,Android,0,0,0,12,Tuesday,2026-06,0,0,-0.2490864330854899
TXN103497,2026-05-07 15:37:27,2026-05-07,924.39,Fashion,Mobile Wallet,Mumbai,India,Mobile,Android,0,1,0,15,Thursday,2026-05,0,0,-0.18427837479443104
TXN103498,2026-01-21 11:23:54,2026-01-21,1010.58,Utilities,Online,Kolkata,India,Digital,MacOS,0,0,0,11,Wednesday,2026-01,0,0,-0.25554358507381564
TXN103499,2026-02-13 00:04:54,2026-02-13,1224.09,Grocery,Online,Ahmedabad,India,Digital,Windows,0,0,0,0,Friday,2026-02,1,0,-0.21760377474481757
TXN103500,2026-05-19 06:49:56,2026-05-19,2538.59,Fashion,POS,Jaipur,India,In-Store,MacOS,0,0,0,6,Tuesday,2026-05,0,0,-0.2317465803729607
TXN103501,2026-04-13 03:10:34,2026-04-13,212.46,Online Services,Online,Bengaluru,India,Digital,iOS,0,0,0,3,Monday,2026-04,1,0,-0.04987756391443965
TXN103502,2026-03-09 16:13:02,2026-03-09,1193.73,Grocery,POS,Jaipur,India,In-Store,iOS,0,0,0,16,Monday,2026-03,0,0,-0.2610637308198445
TXN103503,2026-05-09 10:34:58,2026-05-09,2794.7,Jewelry,POS,Lucknow,India,In-Store,iOS,0,1,0,10,Saturday,2026-05,0,0,-0.13938382651344894
TXN103504,2026-04-02 01:17:35,2026-04-02,565.81,Jewelry,POS,Chennai,India,In-Store,Android,0,0,0,1,Thursday,2026-04,1,0,-0.19445793381166404
TXN103505,2026-01-24 23:03:49,2026-01-24,600.47,Grocery,Online,Lucknow,India,Digital,Android,1,0,0,23,Saturday,2026-01,1,1,0.020115180518306963
TXN103506,2026-05-05 12:50:28,2026-05-05,2920.11,Travel,Online,Pune,India,Digital,Android,1,0,0,12,Tuesday,2026-05,0,0,-0.015771821267253183
TXN103507,2026-05-21 01:02:51,2026-05-21,829.42,Fashion,Bank Transfer,Mumbai,India,Digital,iOS,1,0,0,1,Thursday,2026-05,1,1,0.015836638081704657
TXN103508,2026-04-21 20:34:59,2026-04-21,849.19,Utilities,Mobile Wallet,Jaipur,India,Mobile,iOS,0,0,0,20,Tuesday,2026-04,0,0,-0.25747932400603535
TXN103509,2026-04-08 15:46:39,2026-04-08,1368.88,Entertainment,Online,Jaipur,India,Digital,Android,0,0,0,15,Wednesday,2026-04,0,0,-0.2567004139589866
TXN103510,2026-05-19 17:17:37,2026-05-19,100.77,Entertainment,Online,Pune,India,Digital,MacOS,0,0,0,17,Tuesday,2026-05,0,0,-0.01939553693342777
TXN103511,2026-06-28 04:52:38,2026-06-28,256.02,Utilities,Online,Ahmedabad,India,Digital,iOS,0,0,0,4,Sunday,2026-06,1,0,-0.08790826619628633
TXN103512,2026-01-17 16:13:56,2026-01-17,1743.42,Grocery,ATM,Hyderabad,India,ATM,Android,1,0,0,16,Saturday,2026-01,0,0,-0.044459071390294036
TXN103513,2026-04-09 08:59:36,2026-04-09,901.54,Online Services,Bank Transfer,Chennai,India,Digital,Android,0,0,0,8,Thursday,2026-04,0,0,-0.25933411202667117
TXN103514,2026-03-23 21:38:44,2026-03-23,964.64,Healthcare,POS,Chennai,India,In-Store,Android,0,0,0,21,Monday,2026-03,0,0,-0.25531952175271583
TXN103515,2026-04-14 08:08:52,2026-04-14,648.16,Food & Dining,Bank Transfer,Kolkata,India,Digital,MacOS,0,1,0,8,Tuesday,2026-04,0,0,-0.1790446872076384
TXN103516,2026-06-01 12:58:57,2026-06-01,880.07,Online Services,Bank Transfer,Kolkata,India,Digital,Android,0,0,0,12,Monday,2026-06,0,0,-0.259782510696484
TXN103517,2026-01-19 20:32:50,2026-01-19,2845.88,Healthcare,Mobile Wallet,Kolkata,India,Mobile,Android,0,0,0,20,Monday,2026-01,0,0,-0.22038164363762747
TXN103518,2026-06-14 14:25:52,2026-06-14,1218.74,Electronics,Online,Chennai,India,Digital,Android,0,0,0,14,Sunday,2026-06,0,0,-0.26187003791464436
TXN103519,2026-03-26 05:49:51,2026-03-26,2559.62,Fashion,Online,Hyderabad,India,Digital,Android,0,0,0,5,Thursday,2026-03,1,0,-0.18138298832900263
TXN103520,2026-01-08 07:37:52,2026-01-08,969.22,Food & Dining,Online,Ahmedabad,India,Digital,iOS,0,0,0,7,Thursday,2026-01,0,0,-0.2556021177576462
TXN103521,2026-01-28 16:39:06,2026-01-28,1113.71,Grocery,Mobile Wallet,Mumbai,India,Mobile,Android,1,0,0,16,Wednesday,2026-01,0,0,-0.061035069252575735
TXN103522,2026-01-05 07:27:29,2026-01-05,1422.86,Jewelry,Bank Transfer,Mumbai,India,Digital,Android,0,0,0,7,Monday,2026-01,0,0,-0.25365932408598973
TXN103523,2026-05-25 00:25:41,2026-05-25,1671.12,Grocery,ATM,Pune,India,ATM,MacOS,0,0,0,0,Monday,2026-05,1,0,-0.207409249491793
TXN103524,2026-04-11 00:46:05,2026-04-11,556.73,Healthcare,Online,Delhi,India,Digital,iOS,0,1,0,0,Saturday,2026-04,1,0,-0.08188492556678117
TXN103525,2026-06-13 11:57:54,2026-06-13,1074.22,Food & Dining,Online,Bengaluru,India,Digital,Android,0,1,0,11,Saturday,2026-06,0,0,-0.18233509565777983
TXN103526,2026-04-28 08:08:03,2026-04-28,638.88,Grocery,Online,Hyderabad,India,Digital,iOS,0,0,0,8,Tuesday,2026-04,0,0,-0.24579059547670007
TXN103527,2026-05-27 00:12:49,2026-05-27,3667.3,Online Services,POS,Delhi,India,In-Store,Android,0,1,0,0,Wednesday,2026-05,1,0,-0.04369556580354572
TXN103528,2026-03-05 04:56:46,2026-03-05,276.06,Online Services,Online,Lucknow,India,Digital,MacOS,0,1,0,4,Thursday,2026-03,1,0,-0.03679704962845198
TXN103529,2026-04-01 00:49:32,2026-04-01,1752.62,Food & Dining,Online,Kolkata,India,Digital,Android,0,1,0,0,Wednesday,2026-04,1,0,-0.11248334780653235
TXN103530,2026-04-27 05:04:16,2026-04-27,590.69,Electronics,Bank Transfer,Lucknow,India,Digital,Android,0,0,0,5,Monday,2026-04,1,0,-0.19619444090245636
TXN103531,2026-04-08 05:10:53,2026-04-08,442.33,Grocery,Online,Mumbai,India,Digital,iOS,0,0,0,5,Wednesday,2026-04,1,0,-0.1731647283043643
TXN103532,2026-01-11 10:55:39,2026-01-11,861.1,Fashion,POS,Bengaluru,India,In-Store,Android,0,1,0,10,Sunday,2026-01,0,0,-0.1858084258045637
TXN103533,2026-02-23 07:09:17,2026-02-23,3078.64,Travel,Online,Delhi,India,Digital,iOS,0,1,0,7,Monday,2026-02,0,0,-0.12109220664474785
TXN103534,2026-06-22 11:46:39,2026-06-22,656.01,Food & Dining,Bank Transfer,Jaipur,India,Digital,Windows,0,0,0,11,Monday,2026-06,0,0,-0.2453685181046385
TXN103535,2026-02-16 12:13:33,2026-02-16,258.94,Jewelry,POS,Ahmedabad,India,In-Store,Android,0,0,0,12,Monday,2026-02,0,0,-0.15633936269501325
TXN103536,2026-05-20 04:05:06,2026-05-20,515.18,Food & Dining,Mobile Wallet,Bengaluru,India,Mobile,iOS,0,0,0,4,Wednesday,2026-05,1,0,-0.1847875783783951
TXN103537,2026-05-29 10:37:11,2026-05-29,1210.7,Online Services,POS,Chennai,India,In-Store,Android,0,0,0,10,Friday,2026-05,0,0,-0.26193786997072255
TXN103538,2026-05-19 07:45:09,2026-05-19,300.86,Entertainment,Mobile Wallet,Bengaluru,India,Mobile,iOS,0,0,0,7,Tuesday,2026-05,0,0,-0.17691365093790234
TXN103539,2026-01-05 21:17:11,2026-01-05,1952.73,Food & Dining,Mobile Wallet,Pune,India,Mobile,Android,0,1,0,21,Monday,2026-01,0,0,-0.17179609413780567
TXN103540,2026-01-20 15:59:32,2026-01-20,309.53,Online Services,ATM,Chennai,India,ATM,Android,1,0,0,15,Tuesday,2026-01,0,0,-0.004553949628929077
TXN103541,2026-06-18 23:51:19,2026-06-18,745.64,Food & Dining,Mobile Wallet,Delhi,India,Mobile,Windows,0,0,1,23,Thursday,2026-06,1,0,-0.20531478093218958
TXN103542,2026-02-15 17:42:47,2026-02-15,2111.58,Online Services,POS,Lucknow,India,In-Store,Android,0,1,0,17,Sunday,2026-02,0,0,-0.16652950838265335
TXN103543,2026-01-12 07:21:09,2026-01-12,733.79,Travel,POS,Ahmedabad,India,In-Store,Windows,0,0,0,7,Monday,2026-01,0,0,-0.25155251840206333
TXN103544,2026-03-11 00:21:53,2026-03-11,374.45,Grocery,Online,Pune,India,Digital,iOS,0,0,0,0,Wednesday,2026-03,1,0,-0.1504734096979798
TXN103545,2026-01-17 02:10:47,2026-01-17,1019.78,Online Services,ATM,Bengaluru,India,ATM,Android,0,0,0,2,Saturday,2026-01,1,0,-0.22270406618134164
TXN103546,2026-04-25 13:57:02,2026-04-25,739.04,Food & Dining,Bank Transfer,Mumbai,India,Digital,Android,0,3,0,13,Saturday,2026-04,0,1,0.008586074813506595
TXN103547,2026-05-27 20:45:02,2026-05-27,2891.2,Online Services,Bank Transfer,Chennai,India,Digital,iOS,0,0,1,20,Wednesday,2026-05,0,0,-0.21796130067426345
TXN103548,2026-06-03 02:45:30,2026-06-03,2116.64,Jewelry,Online,Delhi,India,Digital,Windows,0,0,1,2,Wednesday,2026-06,1,0,-0.19578752632651997
TXN103549,2026-02-17 00:54:45,2026-02-17,1644.29,Grocery,POS,Delhi,India,In-Store,iOS,1,0,0,0,Tuesday,2026-02,1,1,0.01660757266256374
TXN103550,2026-04-18 09:57:43,2026-04-18,1115.71,Food & Dining,Online,Jaipur,India,Digital,Windows,0,0,0,9,Saturday,2026-04,0,0,-0.2606218512088001
TXN103551,2026-02-21 04:38:24,2026-02-21,920.52,Fashion,ATM,Lucknow,India,ATM,Android,0,0,0,4,Saturday,2026-02,1,0,-0.21467740155182635
TXN103552,2026-04-06 05:11:45,2026-04-06,916.67,Entertainment,Online,Kolkata,India,Digital,Android,0,0,0,5,Monday,2026-04,1,0,-0.2146381322755629
TXN103553,2026-03-11 00:09:15,2026-03-11,279.3,Utilities,Mobile Wallet,Pune,India,Mobile,iOS,0,0,0,0,Wednesday,2026-03,1,0,-0.10313836106573737
TXN103554,2026-04-12 05:55:23,2026-04-12,1099.22,Travel,Online,Mumbai,India,Digital,iOS,0,0,0,5,Sunday,2026-04,1,0,-0.22203118038043873
TXN103555,2026-03-16 19:42:48,2026-03-16,581.72,Food & Dining,Online,Lucknow,India,Digital,iOS,0,0,0,19,Monday,2026-03,0,0,-0.24030359538746665
TXN103556,2026-06-10 18:35:22,2026-06-10,1024.03,Healthcare,Mobile Wallet,Delhi,India,Mobile,Android,0,1,0,18,Wednesday,2026-06,0,0,-0.1810521088981913
TXN103557,2026-05-31 14:58:35,2026-05-31,1143.36,Electronics,POS,Kolkata,India,In-Store,Android,0,1,0,14,Sunday,2026-05,0,0,-0.1837246575545758
TXN103558,2026-05-23 02:56:59,2026-05-23,743.61,Utilities,Online,Bengaluru,India,Digital,Windows,0,0,0,2,Saturday,2026-05,1,0,-0.20513763327503592
TXN103559,2026-06-04 20:06:30,2026-06-04,2313.41,Entertainment,POS,Delhi,India,In-Store,Windows,0,0,0,20,Thursday,2026-06,0,0,-0.24012277369275958
TXN103560,2026-06-28 16:27:54,2026-06-28,464.07,Jewelry,Online,Pune,India,Digital,MacOS,0,0,1,16,Sunday,2026-06,0,0,-0.23156821027951757
TXN103561,2026-06-30 20:19:33,2026-06-30,738.65,Fashion,Mobile Wallet,Ahmedabad,India,Mobile,Android,0,1,0,20,Tuesday,2026-06,0,0,-0.1851403520207161
TXN103562,2026-03-23 05:53:45,2026-03-23,843.27,Grocery,ATM,Ahmedabad,India,ATM,Android,0,1,0,5,Monday,2026-03,1,0,-0.104309186813493
TXN103563,2026-04-02 07:25:39,2026-04-02,2763.82,Food & Dining,Online,Delhi,India,Digital,iOS,0,0,0,7,Thursday,2026-04,0,0,-0.22712712867540463
TXN103564,2026-06-28 13:15:08,2026-06-28,1124.23,Grocery,POS,Pune,India,In-Store,iOS,0,0,0,13,Sunday,2026-06,0,0,-0.26116076042459013
TXN103565,2026-06-24 14:43:39,2026-06-24,1081.49,Jewelry,Online,Chennai,India,Digital,Android,0,0,0,14,Wednesday,2026-06,0,0,-0.2616591188046758
TXN103566,2026-01-04 21:09:14,2026-01-04,2200.44,Grocery,Bank Transfer,Kolkata,India,Digital,iOS,0,0,0,21,Sunday,2026-01,0,0,-0.24265800957642192
TXN103567,2026-05-15 02:02:53,2026-05-15,722.24,Utilities,Mobile Wallet,Hyderabad,India,Mobile,Android,1,0,0,2,Friday,2026-05,1,1,0.018899234025837486
TXN103568,2026-04-19 09:48:01,2026-04-19,2208.63,Food & Dining,Mobile Wallet,Delhi,India,Mobile,Android,0,1,0,9,Sunday,2026-04,0,0,-0.16207496985624747
TXN103569,2026-06-12 05:36:27,2026-06-12,1507.55,Fashion,POS,Lucknow,India,In-Store,iOS,0,0,0,5,Friday,2026-06,1,0,-0.2091074669419602
TXN103570,2026-02-17 18:51:03,2026-02-17,2951.3,Grocery,POS,Bengaluru,India,In-Store,Android,1,1,0,18,Tuesday,2026-02,0,1,0.04716403164533889
TXN103571,2026-03-14 23:21:25,2026-03-14,809.77,Entertainment,Online,Jaipur,India,Digital,iOS,1,0,0,23,Saturday,2026-03,1,1,0.016483646545854214
TXN103572,2026-03-13 10:53:40,2026-03-13,866.48,Food & Dining,ATM,Lucknow,India,ATM,Android,0,0,0,10,Friday,2026-03,0,0,-0.25689420787662376
TXN103573,2026-04-26 02:07:22,2026-04-26,1228.71,Travel,POS,Ahmedabad,India,In-Store,Android,0,1,0,2,Sunday,2026-04,1,0,-0.11546087253923654
TXN103574,2026-06-22 22:12:51,2026-06-22,1044.57,Online Services,POS,Jaipur,India,In-Store,Windows,0,0,0,22,Monday,2026-06,0,0,-0.25735564683058376
TXN103575,2026-03-22 15:25:56,2026-03-22,2026.65,Travel,Mobile Wallet,Chennai,India,Mobile,iOS,0,1,0,15,Sunday,2026-03,0,0,-0.1699201185352765
TXN103576,2026-03-22 09:22:40,2026-03-22,922.27,Fashion,Online,Chennai,India,Digital,Windows,0,0,0,9,Sunday,2026-03,0,0,-0.2584278927824551
TXN103577,2026-04-23 10:36:32,2026-04-23,469.53,Food & Dining,Online,Kolkata,India,Digital,Windows,0,1,0,10,Thursday,2026-04,0,0,-0.14615281177214356
TXN103578,2026-04-06 01:13:01,2026-04-06,3240.96,Grocery,Online,Kolkata,India,Digital,Windows,0,0,0,1,Monday,2026-04,1,0,-0.14857327326908082
TXN103579,2026-03-13 05:25:58,2026-03-13,5075.5,Jewelry,Online,Mumbai,India,Digital,Windows,0,0,1,5,Friday,2026-03,1,0,-0.08758261768372622
TXN103580,2026-05-27 08:33:02,2026-05-27,312.93,Fashion,Online,Chennai,India,Digital,Android,0,0,0,8,Wednesday,2026-05,0,0,-0.18178858914972712
TXN103581,2026-03-04 01:19:42,2026-03-04,1610.25,Grocery,POS,Ahmedabad,India,In-Store,Android,0,0,0,1,Wednesday,2026-03,1,0,-0.20975079113171702
TXN103582,2026-02-07 15:11:52,2026-02-07,1993.63,Fashion,POS,Kolkata,India,In-Store,MacOS,0,0,0,15,Saturday,2026-02,0,0,-0.2483632133899396
TXN103583,2026-03-08 05:24:22,2026-03-08,1332.33,Entertainment,Online,Delhi,India,Digital,Android,0,0,0,5,Sunday,2026-03,1,0,-0.2118769323811367
TXN103584,2026-03-10 16:40:30,2026-03-10,3862.64,Food & Dining,Bank Transfer,Ahmedabad,India,Digital,iOS,0,1,0,16,Tuesday,2026-03,0,0,-0.10849299615100849
TXN103585,2026-01-13 19:01:59,2026-01-13,374.83,Healthcare,Online,Delhi,India,Digital,Windows,0,0,0,19,Tuesday,2026-01,0,0,-0.19868947093030448
TXN103586,2026-06-24 15:40:11,2026-06-24,698.57,Grocery,Bank Transfer,Lucknow,India,Digital,MacOS,0,0,1,15,Wednesday,2026-06,0,0,-0.24539599889688052
TXN103587,2026-01-31 15:20:06,2026-01-31,1194.46,Travel,POS,Mumbai,India,In-Store,Windows,0,0,0,15,Saturday,2026-01,0,0,-0.2610637308198445
TXN103588,2026-04-24 13:02:30,2026-04-24,2289.06,Utilities,POS,Bengaluru,India,In-Store,iOS,0,1,0,13,Friday,2026-04,0,0,-0.1610164059686499
TXN103589,2026-01-22 00:42:03,2026-01-22,2880.88,Grocery,Mobile Wallet,Bengaluru,India,Mobile,Windows,0,0,0,0,Thursday,2026-01,1,0,-0.16559883113466756
TXN103590,2026-04-03 16:55:26,2026-04-03,417.92,Online Services,Online,Pune,India,Digital,Android,0,1,0,16,Friday,2026-04,0,0,-0.13216465612724593
TXN103591,2026-06-20 02:41:17,2026-06-20,264.79,Grocery,POS,Bengaluru,India,In-Store,Android,0,0,0,2,Saturday,2026-06,1,0,-0.09468875623977058
TXN103592,2026-03-08 21:03:48,2026-03-08,2046.02,Online Services,Mobile Wallet,Kolkata,India,Mobile,MacOS,1,0,0,21,Sunday,2026-03,0,0,-0.03672811223580452
TXN103593,2026-02-23 04:11:29,2026-02-23,1203.82,Fashion,ATM,Ahmedabad,India,ATM,MacOS,0,0,0,4,Monday,2026-02,1,0,-0.21780138806332083
TXN103594,2026-05-18 01:16:21,2026-05-18,1250.75,Entertainment,Online,Bengaluru,India,Digital,iOS,0,0,0,1,Monday,2026-05,1,0,-0.2177710470638211
TXN103595,2026-02-11 03:18:27,2026-02-11,2086.13,Electronics,POS,Jaipur,India,In-Store,Android,0,0,0,3,Wednesday,2026-02,1,0,-0.1964875990199274
TXN103596,2026-03-05 01:33:29,2026-03-05,573.67,Grocery,Bank Transfer,Mumbai,India,Digital,iOS,0,0,0,1,Thursday,2026-03,1,0,-0.1948645347699957
TXN103597,2026-05-06 14:12:33,2026-05-06,905.18,Electronics,Mobile Wallet,Bengaluru,India,Mobile,iOS,0,1,0,14,Wednesday,2026-05,0,0,-0.18533439171730892
TXN103598,2026-01-21 14:02:19,2026-01-21,1667.29,Grocery,Online,Bengaluru,India,Digital,Windows,0,0,0,14,Wednesday,2026-01,0,0,-0.25341224906325743
TXN103599,2026-06-18 12:15:43,2026-06-18,512.52,Travel,Online,Kolkata,India,Digital,iOS,0,0,0,12,Thursday,2026-06,0,0,-0.23513823832966463
TXN103600,2026-06-01 06:22:16,2026-06-01,710.6,Food & Dining,POS,Chennai,India,In-Store,MacOS,0,0,0,6,Monday,2026-06,0,0,-0.24692043247172835
TXN103601,2026-02-04 13:56:22,2026-02-04,1192.59,Food & Dining,Online,Hyderabad,India,Digital,iOS,0,0,0,13,Wednesday,2026-02,0,0,-0.2609199011802503
TXN103602,2026-01-30 03:39:23,2026-01-30,1667.09,Utilities,Online,Delhi,India,Digital,MacOS,0,1,1,3,Friday,2026-01,1,0,-0.11340627433359962
TXN103603,2026-02-26 16:35:58,2026-02-26,344.8,Entertainment,Online,Kolkata,India,Digital,iOS,0,0,0,16,Thursday,2026-02,0,0,-0.19229408643344503
TXN103604,2026-02-16 12:47:37,2026-02-16,1869.92,Entertainment,Online,Bengaluru,India,Digital,Android,0,0,0,12,Monday,2026-02,0,0,-0.2525567557455584
TXN103605,2026-06-12 03:28:57,2026-06-12,1555.34,Fashion,Online,Kolkata,India,Digital,MacOS,0,0,0,3,Friday,2026-06,1,0,-0.20677298325808668
TXN103606,2026-01-19 06:13:39,2026-01-19,559.02,Food & Dining,Mobile Wallet,Lucknow,India,Mobile,Android,0,1,0,6,Monday,2026-01,0,0,-0.16663975201343617
TXN103607,2026-04-24 11:49:38,2026-04-24,6630.13,Fashion,Online,Kolkata,India,Digital,MacOS,0,0,0,11,Friday,2026-04,0,0,-0.0824698482737195
TXN103608,2026-01-08 20:49:51,2026-01-08,512.64,Online Services,Online,Delhi,India,Digital,Android,0,1,0,20,Thursday,2026-01,0,0,-0.155599104410181
TXN103609,2026-01-26 20:43:19,2026-01-26,1973.6,Electronics,Online,Kolkata,India,Digital,iOS,0,0,0,20,Monday,2026-01,0,0,-0.24838160790027763
TXN103610,2026-04-23 00:13:54,2026-04-23,1369.27,Grocery,Mobile Wallet,Pune,India,Mobile,Android,0,1,0,0,Thursday,2026-04,1,0,-0.11568005819459992
TXN103611,2026-03-12 08:56:54,2026-03-12,787.7,Entertainment,Bank Transfer,Lucknow,India,Digital,Android,0,0,0,8,Thursday,2026-03,0,0,-0.25356211761543995
TXN103612,2026-01-30 00:40:13,2026-01-30,1178.73,Electronics,Bank Transfer,Hyderabad,India,Digital,iOS,0,0,0,0,Friday,2026-01,1,0,-0.21923893918639215
TXN103613,2026-05-15 02:38:25,2026-05-15,1680.64,Online Services,Online,Chennai,India,Digital,Android,0,0,0,2,Friday,2026-05,1,0,-0.20793571081607126
TXN103614,2026-03-08 00:35:05,2026-03-08,10761.67,Online Services,Mobile Wallet,Ahmedabad,India,Mobile,MacOS,0,0,0,0,Sunday,2026-03,1,1,0.004214818810476251
TXN103615,2026-03-06 18:55:04,2026-03-06,344.18,Grocery,POS,Chennai,India,In-Store,Windows,0,1,0,18,Friday,2026-03,0,0,-0.11123921619597343
TXN103616,2026-02-05 16:13:28,2026-02-05,125.35,Grocery,Online,Bengaluru,India,Digital,Unknown,0,0,0,16,Thursday,2026-02,0,0,-0.03822760724865559
TXN103617,2026-01-25 10:27:59,2026-01-25,488.77,Food & Dining,ATM,Delhi,India,ATM,MacOS,0,0,0,10,Sunday,2026-01,0,0,-0.23366202015951698
TXN103618,2026-02-06 22:08:51,2026-02-06,1070.52,Entertainment,Bank Transfer,Pune,India,Digital,iOS,0,0,0,22,Friday,2026-02,0,0,-0.26126789324577643
TXN103619,2026-01-01 18:05:31,2026-01-01,1867.57,Travel,Bank Transfer,Pune,India,Digital,Android,0,0,0,18,Thursday,2026-01,0,0,-0.2522818619841866
TXN103620,2026-05-23 17:51:20,2026-05-23,1184.61,Healthcare,Mobile Wallet,Kolkata,India,Mobile,Windows,0,2,0,17,Saturday,2026-05,0,0,-0.01460282793528056
TXN103621,2026-02-06 04:22:42,2026-02-06,970.92,Entertainment,Mobile Wallet,Ahmedabad,India,Mobile,iOS,0,1,0,4,Friday,2026-02,1,0,-0.10968817617512505
TXN103622,2026-05-21 16:18:23,2026-05-21,3749.34,Travel,Online,Hyderabad,India,Digital,Android,0,0,0,16,Thursday,2026-05,0,0,-0.19284463607266472
TXN103623,2026-05-16 22:37:14,2026-05-16,582.48,Grocery,POS,Ahmedabad,India,In-Store,Android,0,0,0,22,Saturday,2026-05,0,0,-0.24059533949492512
TXN103624,2026-05-13 17:31:19,2026-05-13,4146.48,Utilities,Online,Mumbai,India,Digital,iOS,0,0,0,17,Wednesday,2026-05,0,0,-0.1766384971601475
TXN103625,2026-05-08 05:59:37,2026-05-08,1801.59,Electronics,Mobile Wallet,Pune,India,Mobile,Android,0,0,0,5,Friday,2026-05,1,0,-0.20620694388354632
TXN103626,2026-05-07 00:20:14,2026-05-07,3639.81,Online Services,Online,Pune,India,Digital,Android,0,1,0,0,Thursday,2026-05,1,0,-0.04421918569241856
TXN103627,2026-01-01 23:58:59,2026-01-01,515.77,Fashion,Mobile Wallet,Bengaluru,India,Mobile,iOS,0,0,0,23,Thursday,2026-01,1,0,-0.18511808290058956
TXN103628,2026-06-13 13:21:54,2026-06-13,827.36,Food & Dining,POS,Jaipur,India,In-Store,Android,1,0,0,13,Saturday,2026-06,0,0,-0.05547193494232472
TXN103629,2026-02-04 17:33:50,2026-02-04,340.7,Online Services,POS,Chennai,India,In-Store,Windows,0,1,0,17,Wednesday,2026-02,0,0,-0.1105677506001086
TXN103630,2026-04-14 09:09:40,2026-04-14,1394.31,Online Services,Online,Mumbai,India,Digital,iOS,0,0,0,9,Tuesday,2026-04,0,0,-0.25529370887093666
TXN103631,2026-01-23 18:39:54,2026-01-23,1417.64,Fashion,POS,Kolkata,India,In-Store,Android,0,0,0,18,Friday,2026-01,0,0,-0.25438236804201886
TXN103632,2026-01-09 21:36:46,2026-01-09,5468.75,Electronics,Mobile Wallet,Lucknow,India,Mobile,MacOS,0,0,0,21,Friday,2026-01,0,0,-0.12060232073091459
TXN103633,2026-02-03 10:29:52,2026-02-03,1169.87,Utilities,Online,Bengaluru,India,Digital,Android,0,0,0,10,Tuesday,2026-02,0,0,-0.25817879296432117
TXN103634,2026-06-23 12:43:27,2026-06-23,325.77,Fashion,POS,Lucknow,India,In-Store,iOS,0,0,0,12,Tuesday,2026-06,0,0,-0.1855453470502036
TXN103635,2026-05-08 06:11:41,2026-05-08,2334.04,Electronics,Online,Lucknow,India,Digital,iOS,0,0,0,6,Friday,2026-05,0,0,-0.2405343705221376
TXN103636,2026-01-04 01:25:41,2026-01-04,528.13,Online Services,POS,Hyderabad,India,In-Store,Android,0,0,0,1,Sunday,2026-01,1,0,-0.18614213981621086
TXN103637,2026-06-07 03:49:37,2026-06-07,397.18,Electronics,Online,Pune,India,Digital,iOS,0,1,0,3,Sunday,2026-06,1,0,-0.06035457475520989
TXN103638,2026-04-12 10:39:06,2026-04-12,1922.89,Grocery,Online,Ahmedabad,India,Digital,Android,0,0,0,10,Sunday,2026-04,0,0,-0.24861955159651605
TXN103639,2026-03-16 15:11:43,2026-03-16,593.3,Grocery,Mobile Wallet,Hyderabad,India,Mobile,Android,0,0,0,15,Monday,2026-03,0,0,-0.24275029563631612
TXN103640,2026-04-09 13:16:59,2026-04-09,679.18,Entertainment,POS,Jaipur,India,In-Store,Windows,0,0,0,13,Thursday,2026-04,0,0,-0.24658527832848898
TXN103641,2026-03-13 07:54:29,2026-03-13,3367.72,Entertainment,Online,Ahmedabad,India,Digital,Android,0,0,0,7,Friday,2026-03,0,0,-0.20187535279522612
TXN103642,2026-01-03 01:04:05,2026-01-03,1653.83,Travel,ATM,Lucknow,India,ATM,Android,0,0,0,1,Saturday,2026-01,1,0,-0.20724332556112218
TXN103643,2026-05-22 06:28:10,2026-05-22,1768.01,Travel,Online,Lucknow,India,Digital,Windows,0,0,0,6,Friday,2026-05,0,0,-0.2536019259184483
TXN103644,2026-06-22 08:31:39,2026-06-22,364.62,Fashion,Online,Pune,India,Digital,Windows,0,1,0,8,Monday,2026-06,0,0,-0.11409456144698171
TXN103645,2026-02-03 12:17:32,2026-02-03,1928.38,Healthcare,POS,Kolkata,India,In-Store,iOS,0,0,0,12,Tuesday,2026-02,0,0,-0.24947605218064867
TXN103646,2026-02-14 00:54:53,2026-02-14,878.36,Grocery,Online,Ahmedabad,India,Digital,MacOS,0,1,0,0,Saturday,2026-02,1,0,-0.10544878903605126
TXN103647,2026-03-02 15:51:29,2026-03-02,768.71,Online Services,Bank Transfer,Delhi,India,Digital,Windows,0,0,0,15,Monday,2026-03,0,0,-0.254625364074436
TXN103648,2026-03-24 04:36:48,2026-03-24,1520.5,Electronics,POS,Chennai,India,In-Store,iOS,1,0,0,4,Tuesday,2026-03,1,1,0.01715752094575851
TXN103649,2026-05-03 18:24:33,2026-05-03,1103.95,Jewelry,Bank Transfer,Kolkata,India,Digital,Windows,0,1,0,18,Sunday,2026-05,0,0,-0.1836290711640367
TXN103650,2026-04-12 04:36:59,2026-04-12,340.15,Electronics,Mobile Wallet,Ahmedabad,India,Mobile,Android,0,0,0,4,Sunday,2026-04,1,0,-0.13593594498501949
TXN103651,2026-01-16 21:40:06,2026-01-16,2348.66,Utilities,Online,Chennai,India,Digital,iOS,0,0,0,21,Friday,2026-01,0,0,-0.2394087517721349
TXN103652,2026-03-07 22:40:53,2026-03-07,2535.22,Electronics,POS,Bengaluru,India,In-Store,MacOS,0,0,0,22,Saturday,2026-03,0,0,-0.23162988730762124
TXN103653,2026-06-17 04:06:19,2026-06-17,685.48,Grocery,POS,Pune,India,In-Store,Windows,0,1,1,4,Wednesday,2026-06,1,0,-0.09261219286223299
TXN103654,2026-05-25 14:10:40,2026-05-25,1784.92,Online Services,Online,Chennai,India,Digital,Android,0,0,0,14,Monday,2026-05,0,0,-0.2510767121032645
TXN103655,2026-04-29 15:38:45,2026-04-29,2277.42,Online Services,Bank Transfer,Ahmedabad,India,Digital,MacOS,0,0,0,15,Wednesday,2026-04,0,0,-0.2420934673536025
TXN103656,2026-06-11 06:00:30,2026-06-11,245.93,Fashion,Bank Transfer,Jaipur,India,Digital,Windows,0,0,0,6,Thursday,2026-06,0,0,-0.13843673249673172
TXN103657,2026-05-04 03:22:58,2026-05-04,726.19,Healthcare,POS,Jaipur,India,In-Store,Android,0,1,0,3,Monday,2026-05,1,0,-0.10007928413766354
TXN103658,2026-05-24 05:32:15,2026-05-24,192.11,Food & Dining,POS,Pune,India,In-Store,Windows,0,0,0,5,Sunday,2026-05,1,0,-0.04032109517269311
TXN103659,2026-04-12 13:07:38,2026-04-12,1821.17,Online Services,Online,Hyderabad,India,Digital,MacOS,0,2,0,13,Sunday,2026-04,0,0,-0.011986763059144145
TXN103660,2026-03-07 06:19:44,2026-03-07,1567.45,Travel,POS,Hyderabad,India,In-Store,Android,0,0,0,6,Saturday,2026-03,0,0,-0.25423887697973346
TXN103661,2026-01-13 17:42:02,2026-01-13,649.22,Food & Dining,Bank Transfer,Jaipur,India,Digital,Android,0,1,0,17,Tuesday,2026-01,0,0,-0.17877395253995643
TXN103662,2026-04-21 06:23:47,2026-04-21,972.44,Food & Dining,ATM,Hyderabad,India,ATM,iOS,0,0,0,6,Tuesday,2026-04,0,0,-0.2553834355286828
TXN103663,2026-06-08 16:04:13,2026-06-08,816.88,Fashion,Online,Ahmedabad,India,Digital,Android,0,2,0,16,Monday,2026-06,0,0,-0.011504656287026238
TXN103664,2026-02-03 18:42:39,2026-02-03,214.38,Online Services,ATM,Jaipur,India,ATM,iOS,0,0,0,18,Tuesday,2026-02,0,0,-0.11396617305504242
TXN103665,2026-02-08 20:06:28,2026-02-08,3103.42,Electronics,POS,Chennai,India,In-Store,Android,0,1,0,20,Sunday,2026-02,0,0,-0.12046181419293689
TXN103666,2026-05-16 21:50:08,2026-05-16,1344.99,Electronics,POS,Pune,India,In-Store,iOS,0,0,0,21,Saturday,2026-05,0,0,-0.25838115480193213
TXN103667,2026-04-30 21:17:49,2026-04-30,977.09,Food & Dining,POS,Bengaluru,India,In-Store,MacOS,0,0,0,21,Thursday,2026-04,0,0,-0.25511541080833566
TXN103668,2026-05-06 04:11:51,2026-05-06,982.18,Entertainment,POS,Chennai,India,In-Store,Windows,0,1,0,4,Wednesday,2026-05,1,0,-0.11175210449481032
TXN103669,2026-02-24 08:58:32,2026-02-24,1931.76,Electronics,Bank Transfer,Chennai,India,Digital,Android,0,2,0,8,Tuesday,2026-02,0,0,-0.011201664207812767
TXN103670,2026-01-27 06:42:41,2026-01-27,308.13,Fashion,Mobile Wallet,Delhi,India,Mobile,Windows,0,2,0,6,Tuesday,2026-01,0,1,0.01997659420485065
TXN103671,2026-04-28 18:41:53,2026-04-28,544.41,Jewelry,Online,Lucknow,India,Digital,Android,0,0,0,18,Tuesday,2026-04,0,0,-0.23573384212628967
TXN103672,2026-02-22 13:59:34,2026-02-22,1300.33,Travel,Mobile Wallet,Pune,India,Mobile,MacOS,0,0,0,13,Sunday,2026-02,0,0,-0.2593000564776704
TXN103673,2026-02-08 06:40:14,2026-02-08,2677.02,Entertainment,POS,Jaipur,India,In-Store,Android,0,0,0,6,Sunday,2026-02,0,0,-0.22837417828221057
TXN103674,2026-03-06 22:18:28,2026-03-06,159.49,Healthcare,Bank Transfer,Kolkata,India,Digital,iOS,0,0,0,22,Friday,2026-03,0,0,-0.05816100601189078
TXN103675,2026-05-25 12:53:09,2026-05-25,2432.95,Fashion,Mobile Wallet,Ahmedabad,India,Mobile,Android,0,0,0,12,Monday,2026-05,0,0,-0.23633449577583954
TXN103676,2026-06-07 05:02:41,2026-06-07,622.4,Jewelry,POS,Delhi,India,In-Store,iOS,0,2,0,5,Sunday,2026-06,1,1,0.035684174116635825
TXN103677,2026-06-30 02:04:50,2026-06-30,871.96,Healthcare,Mobile Wallet,Jaipur,India,Mobile,Android,0,0,0,2,Tuesday,2026-06,1,0,-0.20734772510583988
TXN103678,2026-01-13 06:48:22,2026-01-13,1126.7,Food & Dining,Online,Bengaluru,India,Digital,MacOS,1,0,0,6,Tuesday,2026-01,0,0,-0.05962615633130963
TXN103679,2026-01-21 09:55:57,2026-01-21,453.11,Food & Dining,Online,Lucknow,India,Digital,iOS,0,0,0,9,Wednesday,2026-01,0,0,-0.22747657803470073
TXN103680,2026-05-27 11:25:11,2026-05-27,406.58,Healthcare,ATM,Chennai,India,ATM,MacOS,0,0,0,11,Wednesday,2026-05,0,0,-0.2120008815381883
TXN103681,2026-02-22 23:07:25,2026-02-22,1294.7,Entertainment,Mobile Wallet,Kolkata,India,Mobile,iOS,0,0,0,23,Sunday,2026-02,1,0,-0.21751240327617788
TXN103682,2026-01-19 16:17:25,2026-01-19,4993.42,Online Services,Mobile Wallet,Hyderabad,India,Mobile,Android,0,0,0,16,Monday,2026-01,0,0,-0.13798381837206275
TXN103683,2026-02-26 16:24:15,2026-02-26,514.42,Fashion,ATM,Kolkata,India,ATM,Android,0,0,0,16,Thursday,2026-02,0,0,-0.23422052968713342
TXN103684,2026-01-25 02:29:58,2026-01-25,511.2,Travel,POS,Ahmedabad,India,In-Store,Android,0,1,0,2,Sunday,2026-01,1,0,-0.07527172801435233
TXN103685,2026-01-31 08:01:46,2026-01-31,411.99,Electronics,POS,Lucknow,India,In-Store,MacOS,0,0,0,8,Saturday,2026-01,0,0,-0.21461071130250103
TXN103686,2026-03-22 19:29:52,2026-03-22,915.58,Grocery,Mobile Wallet,Lucknow,India,Mobile,Windows,0,0,0,19,Sunday,2026-03,0,0,-0.2586383407631594
TXN103687,2026-01-23 14:01:17,2026-01-23,499.64,Grocery,POS,Hyderabad,India,In-Store,Windows,0,0,0,14,Friday,2026-01,0,0,-0.2342352489018108
TXN103688,2026-02-01 10:15:01,2026-02-01,508.32,Online Services,Bank Transfer,Chennai,India,Digital,iOS,0,0,0,10,Sunday,2026-02,0,0,-0.23449941480531528
TXN103689,2026-03-15 14:27:01,2026-03-15,1297.43,Healthcare,POS,Bengaluru,India,In-Store,Android,0,0,0,14,Sunday,2026-03,0,0,-0.25969362295888454
TXN103690,2026-01-10 08:04:52,2026-01-10,345.28,Entertainment,ATM,Chennai,India,ATM,Android,0,0,0,8,Saturday,2026-01,0,0,-0.19229408643344503
TXN103691,2026-02-23 00:20:42,2026-02-23,4015.22,Entertainment,POS,Ahmedabad,India,In-Store,Windows,0,0,0,0,Monday,2026-02,1,0,-0.11118858651210073
TXN103692,2026-02-21 00:30:31,2026-02-21,428.11,Online Services,Mobile Wallet,Bengaluru,India,Mobile,Android,0,0,0,0,Saturday,2026-02,1,0,-0.1696623813717384
TXN103693,2026-05-28 14:05:21,2026-05-28,2711.21,Food & Dining,ATM,Chennai,India,ATM,Unknown,0,0,0,14,Thursday,2026-05,0,0,-0.22843867251988614
TXN103694,2026-06-09 07:55:11,2026-06-09,5315.52,Online Services,Mobile Wallet,Lucknow,India,Mobile,Windows,0,0,0,7,Tuesday,2026-06,0,0,-0.12578602134960493
TXN103695,2026-04-24 20:13:02,2026-04-24,2859.7,Fashion,Online,Mumbai,India,Digital,Android,0,0,0,20,Friday,2026-04,0,0,-0.2198203986837292
TXN103696,2026-01-14 05:05:02,2026-01-14,2589.01,Online Services,ATM,Delhi,India,ATM,Windows,0,0,0,5,Wednesday,2026-01,1,0,-0.18139101813082403
TXN103697,2026-06-27 15:26:08,2026-06-27,2073.37,Healthcare,Bank Transfer,Bengaluru,India,Digital,Android,0,0,0,15,Saturday,2026-06,0,0,-0.2490864330854899
TXN103698,2026-06-05 00:53:52,2026-06-05,1301.17,Travel,Bank Transfer,Mumbai,India,Digital,Android,0,1,0,0,Friday,2026-06,1,0,-0.11770248281229412
TXN103699,2026-04-20 14:18:27,2026-04-20,2815.92,Food & Dining,Mobile Wallet,Jaipur,India,Mobile,Android,0,1,0,14,Monday,2026-04,0,0,-0.13819103260773047
TXN103700,2026-02-22 21:15:08,2026-02-22,890.28,Food & Dining,Online,Jaipur,India,Digital,Windows,0,0,0,21,Sunday,2026-02,0,0,-0.26018847820937513
TXN103701,2026-06-01 02:58:03,2026-06-01,2191.14,Electronics,Online,Chennai,India,Digital,iOS,0,0,0,2,Monday,2026-06,1,0,-0.19159578395476606
TXN103702,2026-03-20 06:34:24,2026-03-20,2660.38,Entertainment,POS,Hyderabad,India,In-Store,Android,0,1,0,6,Friday,2026-03,0,0,-0.14308058304320892
TXN103703,2026-01-22 09:12:52,2026-01-22,1647.16,Travel,Online,Chennai,India,Digital,Android,0,0,0,9,Thursday,2026-01,0,0,-0.2531710871809636
TXN103704,2026-01-30 23:14:01,2026-01-30,884.09,Grocery,Mobile Wallet,Hyderabad,India,Mobile,MacOS,0,0,0,23,Friday,2026-01,1,0,-0.21018811033426305
TXN103705,2026-01-04 17:52:20,2026-01-04,1620.52,Jewelry,Online,Chennai,India,Digital,Windows,0,0,0,17,Sunday,2026-01,0,0,-0.25284169739418333
TXN103706,2026-02-28 03:03:37,2026-02-28,816.09,Entertainment,POS,Kolkata,India,In-Store,iOS,0,0,0,3,Saturday,2026-02,1,0,-0.20623256332543688
TXN103707,2026-01-08 10:10:13,2026-01-08,709.77,Online Services,Online,Ahmedabad,India,Digital,iOS,0,1,0,10,Thursday,2026-01,0,0,-0.18376663068875154
TXN103708,2026-01-12 23:55:30,2026-01-12,2059.33,Healthcare,POS,Delhi,India,In-Store,iOS,0,0,0,23,Monday,2026-01,1,0,-0.19653972426408567
TXN103709,2026-04-29 21:22:00,2026-04-29,1232.7,Fashion,POS,Hyderabad,India,In-Store,Windows,0,1,0,21,Wednesday,2026-04,0,0,-0.18532074582465935
TXN103710,2026-06-08 08:25:48,2026-06-08,2039.82,Food & Dining,Online,Ahmedabad,India,Digital,Windows,0,0,0,8,Monday,2026-06,0,0,-0.24873653784651145
TXN103711,2026-02-03 04:34:08,2026-02-03,1239.01,Healthcare,POS,Kolkata,India,In-Store,Android,0,0,0,4,Tuesday,2026-02,1,0,-0.21777088350088714
TXN103712,2026-03-23 02:38:11,2026-03-23,1648.45,Jewelry,POS,Jaipur,India,In-Store,Windows,0,0,0,2,Monday,2026-03,1,0,-0.20709424951501149
TXN103713,2026-04-08 21:50:48,2026-04-08,3356.52,Travel,Mobile Wallet,Chennai,India,Mobile,Windows,0,0,0,21,Wednesday,2026-04,0,0,-0.20255971498842534
TXN103714,2026-05-07 16:19:19,2026-05-07,963.25,Online Services,Online,Pune,India,Digital,iOS,0,0,0,16,Thursday,2026-05,0,0,-0.25531952175271583
TXN103715,2026-03-16 12:22:33,2026-03-16,794.05,Online Services,POS,Ahmedabad,India,In-Store,iOS,0,0,0,12,Monday,2026-03,0,0,-0.2556154025248542
TXN103716,2026-04-15 00:16:08,2026-04-15,1546.61,Healthcare,Mobile Wallet,Chennai,India,Mobile,Windows,0,0,0,0,Wednesday,2026-04,1,0,-0.20704565343021325
TXN103717,2026-02-18 00:06:08,2026-02-18,139.34,Jewelry,Bank Transfer,Jaipur,India,Digital,Windows,0,0,0,0,Wednesday,2026-02,1,0,-0.0075353966854324606
TXN103718,2026-03-20 20:32:40,2026-03-20,1933.51,Fashion,Mobile Wallet,Hyderabad,India,Mobile,Android,0,1,1,20,Friday,2026-03,0,0,-0.17385090062800213
TXN103719,2026-04-03 09:43:30,2026-04-03,550.21,Jewelry,Mobile Wallet,Ahmedabad,India,Mobile,iOS,0,0,0,9,Friday,2026-04,0,0,-0.23701543556801907
TXN103720,2026-06-03 15:02:34,2026-06-03,4191.12,Healthcare,POS,Bengaluru,India,In-Store,MacOS,0,0,0,15,Wednesday,2026-06,0,0,-0.17520775318949866
TXN103721,2026-01-18 09:57:31,2026-01-18,2062.76,Grocery,Bank Transfer,Chennai,India,Digital,Windows,0,0,0,9,Sunday,2026-01,0,0,-0.24954908812853088
TXN103722,2026-04-06 07:04:56,2026-04-06,2282.14,Online Services,Online,Ahmedabad,India,Digital,MacOS,0,0,0,7,Monday,2026-04,0,0,-0.2420934673536025
TXN103723,2026-02-07 08:35:36,2026-02-07,2325.64,Food & Dining,POS,Lucknow,India,In-Store,Windows,0,1,0,8,Saturday,2026-02,0,0,-0.16023888323885854
TXN103724,2026-03-28 21:54:18,2026-03-28,759.48,Food & Dining,Bank Transfer,Kolkata,India,Digital,iOS,0,0,0,21,Saturday,2026-03,0,0,-0.2512611361549039
TXN103725,2026-03-29 18:36:45,2026-03-29,890.63,Food & Dining,POS,Mumbai,India,In-Store,iOS,0,0,0,18,Sunday,2026-03,0,0,-0.26018847820937513
TXN103726,2026-02-19 10:24:53,2026-02-19,283.29,Electronics,Bank Transfer,Hyderabad,India,Digital,Windows,0,2,0,10,Thursday,2026-02,0,1,0.025691661351145645
TXN103727,2026-01-08 19:23:15,2026-01-08,3625.02,Food & Dining,Bank Transfer,Delhi,India,Digital,Windows,0,0,0,19,Thursday,2026-01,0,0,-0.19567728963358366
TXN103728,2026-06-18 10:06:30,2026-06-18,391.29,Online Services,Online,Delhi,India,Digital,Windows,0,0,0,10,Thursday,2026-06,0,0,-0.2057326435143143
TXN103729,2026-05-14 02:51:32,2026-05-14,1083.7,Grocery,Mobile Wallet,Kolkata,India,Mobile,MacOS,0,1,0,2,Thursday,2026-05,1,0,-0.11347148123345852
TXN103730,2026-03-10 07:52:45,2026-03-10,2922.03,Travel,POS,Bengaluru,India,In-Store,Android,0,0,0,7,Tuesday,2026-03,0,0,-0.2169908020718136
TXN103731,2026-06-21 04:46:47,2026-06-21,3742.08,Grocery,Online,Bengaluru,India,Digital,Windows,0,0,0,4,Sunday,2026-06,1,0,-0.12761001945250317
TXN103732,2026-05-01 06:21:52,2026-05-01,897.24,Fashion,Mobile Wallet,Pune,India,Mobile,iOS,0,0,0,6,Friday,2026-05,0,0,-0.26015657391614944
TXN103733,2026-03-05 22:26:11,2026-03-05,280.1,Healthcare,POS,Pune,India,In-Store,MacOS,0,0,0,22,Thursday,2026-03,0,0,-0.16934336769863417
TXN103734,2026-06-06 15:42:52,2026-06-06,1319.3,Utilities,Bank Transfer,Mumbai,India,Digital,iOS,0,0,0,15,Saturday,2026-06,0,0,-0.25969395730272693
TXN103735,2026-06-05 05:21:16,2026-06-05,1431.54,Jewelry,POS,Mumbai,India,In-Store,MacOS,0,1,0,5,Friday,2026-06,1,0,-0.11515078945617896
TXN103736,2026-05-19 01:32:14,2026-05-19,1539.42,Entertainment,POS,Pune,India,In-Store,iOS,0,0,0,1,Tuesday,2026-05,1,0,-0.20919366553921787
TXN103737,2026-05-01 09:54:30,2026-05-01,858.81,Travel,Bank Transfer,Kolkata,India,Digital,Android,0,0,0,9,Friday,2026-05,0,0,-0.2575775422981263
TXN103738,2026-03-06 17:15:47,2026-03-06,981.96,Online Services,ATM,Jaipur,India,ATM,iOS,0,0,0,17,Friday,2026-03,0,0,-0.254483384990097
TXN103739,2026-04-17 10:08:06,2026-04-17,629.4,Utilities,POS,Hyderabad,India,In-Store,Windows,0,0,0,10,Friday,2026-04,0,0,-0.2458156275979556
TXN103740,2026-05-27 18:12:37,2026-05-27,1245.1,Food & Dining,Online,Lucknow,India,Digital,iOS,0,1,0,18,Wednesday,2026-05,0,0,-0.18572943294408928
TXN103741,2026-05-17 09:31:08,2026-05-17,6010.88,Healthcare,Mobile Wallet,Pune,India,Mobile,Windows,0,1,1,9,Sunday,2026-05,0,0,-0.05828200513884063
TXN103742,2026-06-04 22:35:35,2026-06-04,1353.7,Online Services,Online,Bengaluru,India,Digital,Android,0,0,0,22,Thursday,2026-06,0,0,-0.25709806768721616
TXN103743,2026-06-11 07:18:56,2026-06-11,1058.74,Healthcare,Mobile Wallet,Hyderabad,India,Mobile,MacOS,0,0,0,7,Thursday,2026-06,0,0,-0.25951572197116857
TXN103744,2026-06-21 01:00:41,2026-06-21,2694.71,Fashion,POS,Jaipur,India,In-Store,Android,0,1,0,1,Sunday,2026-06,1,0,-0.07908734650266547
TXN103745,2026-04-10 09:09:19,2026-04-10,1346.44,Healthcare,ATM,Mumbai,India,ATM,Android,0,0,0,9,Friday,2026-04,0,0,-0.25838115480193213
TXN103746,2026-03-23 03:41:46,2026-03-23,1124.17,Grocery,Mobile Wallet,Chennai,India,Mobile,Android,0,0,0,3,Monday,2026-03,1,0,-0.22348420002735347
TXN103747,2026-05-23 12:49:42,2026-05-23,1166.93,Fashion,Online,Kolkata,India,Digital,MacOS,0,0,0,12,Saturday,2026-05,0,0,-0.25814085491531674
TXN103748,2026-02-20 20:35:23,2026-02-20,416.42,Fashion,POS,Bengaluru,India,In-Store,Windows,0,0,0,20,Friday,2026-02,0,0,-0.21452043525776926
TXN103749,2026-05-21 15:38:46,2026-05-21,458.49,Electronics,Bank Transfer,Delhi,India,Digital,iOS,0,0,0,15,Thursday,2026-05,0,0,-0.22870315147752918
TXN103750,2026-03-24 05:58:18,2026-03-24,992.88,Grocery,Bank Transfer,Delhi,India,Digital,Android,0,0,0,5,Tuesday,2026-03,1,0,-0.2201883147121122
TXN103751,2026-06-26 19:29:58,2026-06-26,607.93,Electronics,POS,Mumbai,India,In-Store,Unknown,0,0,0,19,Friday,2026-06,0,0,-0.2438256925209058
TXN103752,2026-04-22 07:33:17,2026-04-22,1057.65,Entertainment,ATM,Chennai,India,ATM,iOS,0,0,0,7,Wednesday,2026-04,0,0,-0.2604904120814139
TXN103753,2026-02-25 05:45:19,2026-02-25,2176.27,Utilities,Bank Transfer,Bengaluru,India,Digital,Android,0,1,0,5,Wednesday,2026-02,1,0,-0.09931671000230413
TXN103754,2026-06-28 06:57:12,2026-06-28,1928.67,Jewelry,Mobile Wallet,Kolkata,India,Mobile,iOS,0,0,0,6,Sunday,2026-06,0,0,-0.24947605218064867
TXN103755,2026-06-14 16:33:44,2026-06-14,1501.23,Fashion,Bank Transfer,Mumbai,India,Digital,Android,0,1,0,16,Sunday,2026-06,0,0,-0.1783423125309322
TXN103756,2026-05-25 21:42:57,2026-05-25,2155.54,Entertainment,POS,Jaipur,India,In-Store,Windows,0,0,0,21,Monday,2026-05,0,0,-0.24417239473988533
TXN103757,2026-06-06 11:39:24,2026-06-06,2500.54,Jewelry,Mobile Wallet,Delhi,India,Mobile,Windows,1,0,0,11,Saturday,2026-06,0,0,-0.02331822088151303
TXN103758,2026-06-10 08:20:28,2026-06-10,2429.24,Electronics,POS,Ahmedabad,India,In-Store,iOS,0,0,0,8,Wednesday,2026-06,0,0,-0.23752004359640339
TXN103759,2026-03-01 15:10:46,2026-03-01,2381.78,Healthcare,Online,Lucknow,India,Digital,Android,0,0,0,15,Sunday,2026-03,0,0,-0.23966793103804296
TXN103760,2026-04-30 22:33:07,2026-04-30,420.29,Utilities,POS,Hyderabad,India,In-Store,Android,0,0,0,22,Thursday,2026-04,0,0,-0.21539906866213643
TXN103761,2026-05-18 02:22:16,2026-05-18,241.55,Grocery,Online,Pune,India,Digital,iOS,0,0,0,2,Monday,2026-05,1,0,-0.07178231744425922
TXN103762,2026-06-24 15:45:47,2026-06-24,587.47,Online Services,Online,Jaipur,India,Digital,Windows,0,0,0,15,Wednesday,2026-06,0,0,-0.24222355045986377
TXN103763,2026-01-23 12:41:52,2026-01-23,760.95,Utilities,Online,Kolkata,India,Digital,Windows,0,1,0,12,Friday,2026-01,0,0,-0.1862793160484389
TXN103764,2026-05-29 01:44:33,2026-05-29,2305.1,Grocery,Online,Ahmedabad,India,Digital,iOS,1,1,0,1,Friday,2026-05,1,1,0.06444030201823892
TXN103765,2026-01-13 19:57:00,2026-01-13,1015.17,Grocery,Bank Transfer,Kolkata,India,Digital,Android,0,0,0,19,Tuesday,2026-01,0,0,-0.25554358507381564
TXN103766,2026-04-11 20:39:13,2026-04-11,747.06,Grocery,Online,Delhi,India,Digital,Android,0,0,0,20,Saturday,2026-04,0,0,-0.25133777450875777
TXN103767,2026-06-10 23:51:54,2026-06-10,1249.91,Fashion,Online,Jaipur,India,Digital,Android,0,0,0,23,Wednesday,2026-06,1,0,-0.21810947053490198
TXN103768,2026-01-24 14:07:10,2026-01-24,1683.56,Food & Dining,Online,Mumbai,India,Digital,Android,0,0,0,14,Saturday,2026-01,0,0,-0.25522821870017426
TXN103769,2026-04-18 04:45:27,2026-04-18,2039.78,Food & Dining,Online,Delhi,India,Digital,Android,0,1,0,4,Saturday,2026-04,1,0,-0.10786307346995105
TXN103770,2026-01-11 23:11:28,2026-01-11,788.06,Travel,Online,Bengaluru,India,Digital,Android,0,0,0,23,Sunday,2026-01,1,0,-0.20766080533502324
TXN103771,2026-01-17 03:12:19,2026-01-17,509.99,Online Services,ATM,Bengaluru,India,ATM,iOS,0,0,0,3,Saturday,2026-01,1,0,-0.18495010386268101
TXN103772,2026-06-24 12:59:21,2026-06-24,588.25,Fashion,Mobile Wallet,Lucknow,India,Mobile,Android,0,0,0,12,Wednesday,2026-06,0,0,-0.2426289994697569
TXN103773,2026-01-25 12:50:19,2026-01-25,1207.25,Grocery,Mobile Wallet,Hyderabad,India,Mobile,iOS,0,0,0,12,Sunday,2026-01,0,0,-0.26193786997072255
TXN103774,2026-04-04 04:04:52,2026-04-04,472.57,Travel,Mobile Wallet,Chennai,India,Mobile,Android,0,0,0,4,Saturday,2026-04,1,0,-0.1809998562045591
TXN103775,2026-01-21 23:14:16,2026-01-21,2341.72,Food & Dining,Online,Pune,India,Digital,Windows,0,0,0,23,Wednesday,2026-01,1,0,-0.18580901409549405
TXN103776,2026-03-25 03:42:14,2026-03-25,476.22,Fashion,Online,Mumbai,India,Digital,Android,0,0,0,3,Wednesday,2026-03,1,0,-0.18357124372168832
TXN103777,2026-05-20 07:56:55,2026-05-20,315.44,Travel,Online,Ahmedabad,India,Digital,Android,0,0,0,7,Wednesday,2026-05,0,0,-0.18124370132276396
TXN103778,2026-02-06 02:11:43,2026-02-06,1241.76,Electronics,Bank Transfer,Pune,India,Digital,Android,0,1,0,2,Friday,2026-02,1,0,-0.11597420871390518
TXN103779,2026-02-11 07:55:27,2026-02-11,879.36,Utilities,Online,Lucknow,India,Digital,MacOS,0,0,0,7,Wednesday,2026-02,0,0,-0.2603086934012795
TXN103780,2026-05-25 04:20:29,2026-05-25,1598.72,Jewelry,POS,Jaipur,India,In-Store,iOS,0,0,0,4,Monday,2026-05,1,0,-0.2091682864080917
TXN103781,2026-04-11 16:06:48,2026-04-11,735.64,Travel,Online,Chennai,India,Digital,iOS,0,0,0,16,Saturday,2026-04,0,0,-0.25155251840206333
TXN103782,2026-02-17 23:07:56,2026-02-17,7094.04,Fashion,Online,Kolkata,India,Digital,MacOS,0,0,0,23,Tuesday,2026-02,1,0,-0.03129727313206132
TXN103783,2026-04-13 07:25:08,2026-04-13,2454.71,Entertainment,Mobile Wallet,Hyderabad,India,Mobile,Windows,0,0,0,7,Monday,2026-04,0,0,-0.2351871468089437
TXN103784,2026-01-28 03:01:00,2026-01-28,666.02,Healthcare,Bank Transfer,Pune,India,Digital,Android,0,0,0,3,Wednesday,2026-01,1,0,-0.19655329133883032
TXN103785,2026-02-10 04:50:38,2026-02-10,1652.54,Fashion,Mobile Wallet,Pune,India,Mobile,iOS,0,0,0,4,Tuesday,2026-02,1,0,-0.20724332556112218
TXN103786,2026-04-09 18:41:40,2026-04-09,4612.94,Online Services,ATM,Hyderabad,India,ATM,Windows,0,0,0,18,Thursday,2026-04,0,0,-0.15414802315988885
TXN103787,2026-02-16 19:52:25,2026-02-16,2032.57,Food & Dining,Mobile Wallet,Pune,India,Mobile,iOS,0,0,0,19,Monday,2026-02,0,0,-0.24824546070081893
TXN103788,2026-05-26 05:47:22,2026-05-26,581.39,Food & Dining,ATM,Ahmedabad,India,ATM,Android,0,1,0,5,Tuesday,2026-05,1,0,-0.0835295534112096
TXN103789,2026-04-15 16:43:33,2026-04-15,1433.52,Entertainment,Mobile Wallet,Chennai,India,Mobile,Windows,0,0,0,16,Wednesday,2026-04,0,0,-0.2533468903027371
TXN103790,2026-05-04 11:46:12,2026-05-04,387.11,Jewelry,Online,Delhi,India,Digital,iOS,0,1,0,11,Monday,2026-05,0,0,-0.12244847207480536
TXN103791,2026-01-13 19:08:26,2026-01-13,434.34,Utilities,ATM,Jaipur,India,ATM,Windows,0,0,0,19,Tuesday,2026-01,0,0,-0.21996012103952056
TXN103792,2026-05-21 10:45:44,2026-05-21,3617.01,Grocery,Bank Transfer,Hyderabad,India,Digital,iOS,0,1,0,10,Thursday,2026-05,0,0,-0.11385957153557713
TXN103793,2026-04-10 15:57:22,2026-04-10,1519.79,Fashion,POS,Hyderabad,India,In-Store,iOS,0,1,0,15,Friday,2026-04,0,0,-0.17520097899452086
TXN103794,2026-01-31 23:53:10,2026-01-31,3754.48,Food & Dining,Mobile Wallet,Kolkata,India,Mobile,Windows,0,0,1,23,Saturday,2026-01,1,0,-0.12654259253096034
TXN103795,2026-05-10 01:00:50,2026-05-10,1542.13,Travel,Mobile Wallet,Lucknow,India,Mobile,Windows,0,0,0,1,Sunday,2026-05,1,0,-0.20919366553921787
TXN103796,2026-01-16 12:31:57,2026-01-16,708.87,Healthcare,POS,Lucknow,India,In-Store,iOS,0,0,0,12,Friday,2026-01,0,0,-0.2467641005497097
TXN103797,2026-05-17 14:39:32,2026-05-17,1135.18,Utilities,POS,Pune,India,In-Store,Android,0,0,0,14,Sunday,2026-05,0,0,-0.2610746026896955
TXN103798,2026-03-14 00:53:10,2026-03-14,1359.0,Healthcare,POS,Hyderabad,India,In-Store,iOS,0,0,0,0,Saturday,2026-03,1,0,-0.2106793493163947
TXN103799,2026-06-15 13:21:53,2026-06-15,6443.9,Jewelry,Mobile Wallet,Pune,India,Mobile,Android,0,1,0,13,Monday,2026-06,0,0,-0.04654947884955796
TXN103800,2026-02-23 02:26:29,2026-02-23,1924.49,Travel,ATM,Bengaluru,India,ATM,Android,0,0,1,2,Monday,2026-02,1,0,-0.1971343225247829
TXN103801,2026-04-10 08:55:25,2026-04-10,605.01,Online Services,Online,Kolkata,India,Digital,iOS,0,0,0,8,Friday,2026-04,0,0,-0.2437743104232768
TXN103802,2026-04-19 04:50:59,2026-04-19,939.47,Utilities,POS,Pune,India,In-Store,Android,1,0,0,4,Sunday,2026-04,1,1,0.01128462884100101
TXN103803,2026-03-28 09:50:18,2026-03-28,1600.76,Fashion,Online,Bengaluru,India,Digital,Android,0,0,0,9,Saturday,2026-03,0,0,-0.2529110353068278
TXN103804,2026-06-22 13:04:45,2026-06-22,459.23,Healthcare,Bank Transfer,Mumbai,India,Digital,Android,0,1,0,13,Monday,2026-06,0,0,-0.1422369782112125
TXN103805,2026-06-11 05:12:48,2026-06-11,1081.12,Grocery,POS,Lucknow,India,In-Store,Android,0,0,0,5,Thursday,2026-06,1,0,-0.2224392800177173
TXN103806,2026-05-17 13:52:41,2026-05-17,930.9,Utilities,POS,Chennai,India,In-Store,Android,0,0,0,13,Sunday,2026-05,0,0,-0.2595042147700696
TXN103807,2026-01-08 22:31:39,2026-01-08,1617.5,Food & Dining,Bank Transfer,Lucknow,India,Digital,Android,0,0,0,22,Thursday,2026-01,0,0,-0.25284169739418333
TXN103808,2026-01-07 07:44:45,2026-01-07,1013.28,Travel,Online,Delhi,India,Digital,iOS,1,0,0,7,Wednesday,2026-01,0,0,-0.05689020409576728
TXN103809,2026-02-05 16:58:02,2026-02-05,358.36,Entertainment,Online,Kolkata,India,Digital,iOS,0,0,0,16,Thursday,2026-02,0,0,-0.19580602923478113
TXN103810,2026-01-18 01:54:55,2026-01-18,1057.46,Entertainment,POS,Kolkata,India,In-Store,Windows,0,0,0,1,Sunday,2026-01,1,0,-0.22274949247285591
TXN103811,2026-01-03 13:58:31,2026-01-03,2027.56,Electronics,Online,Hyderabad,India,Digital,Android,0,0,0,13,Saturday,2026-01,0,0,-0.24785978759977406
TXN103812,2026-01-28 18:37:47,2026-01-28,3484.78,Grocery,POS,Pune,India,In-Store,iOS,0,0,0,18,Wednesday,2026-01,0,0,-0.19893859459742047
TXN103813,2026-03-11 19:43:37,2026-03-11,2367.73,Fashion,Mobile Wallet,Mumbai,India,Mobile,iOS,0,0,0,19,Wednesday,2026-03,0,0,-0.2405953894227275
TXN103814,2026-06-21 06:38:52,2026-06-21,305.95,Food & Dining,Bank Transfer,Delhi,India,Digital,Android,0,0,0,6,Sunday,2026-06,0,0,-0.1790948806550477
TXN103815,2026-05-29 05:56:00,2026-05-29,376.52,Online Services,Mobile Wallet,Pune,India,Mobile,iOS,0,0,0,5,Friday,2026-05,1,0,-0.15089801274042863
TXN103816,2026-01-28 15:14:07,2026-01-28,470.69,Online Services,Mobile Wallet,Delhi,India,Mobile,iOS,0,0,0,15,Wednesday,2026-01,0,0,-0.23212585000947167
TXN103817,2026-02-23 23:44:28,2026-02-23,3657.31,Food & Dining,POS,Hyderabad,India,In-Store,iOS,0,0,0,23,Monday,2026-02,1,0,-0.13256995652813908
TXN103818,2026-03-06 10:48:51,2026-03-06,1629.44,Utilities,Online,Hyderabad,India,Digital,iOS,0,1,0,10,Friday,2026-03,0,0,-0.17905848014593084
TXN103819,2026-04-10 15:30:23,2026-04-10,9058.48,Fashion,Online,Lucknow,India,Digital,iOS,0,2,0,15,Friday,2026-04,0,1,0.06045013029718371
TXN103820,2026-01-21 10:33:52,2026-01-21,3064.19,Healthcare,Mobile Wallet,Jaipur,India,Mobile,MacOS,0,0,0,10,Wednesday,2026-01,0,0,-0.2147207886797533
TXN103821,2026-01-13 22:37:06,2026-01-13,1183.6,Electronics,Bank Transfer,Lucknow,India,Digital,Windows,0,0,0,22,Tuesday,2026-01,0,0,-0.26019474334396087
TXN103822,2026-02-26 05:13:27,2026-02-26,761.75,Fashion,Online,Kolkata,India,Digital,Android,0,0,0,5,Thursday,2026-02,1,0,-0.2078837481223042
TXN103823,2026-02-18 03:16:07,2026-02-18,1479.32,Entertainment,POS,Kolkata,India,In-Store,iOS,0,1,0,3,Wednesday,2026-02,1,0,-0.11390398842859228
TXN103824,2026-04-28 02:14:31,2026-04-28,2149.27,Grocery,POS,Mumbai,India,In-Store,Android,0,0,0,2,Tuesday,2026-04,1,0,-0.1935288294996863
TXN103825,2026-02-23 14:50:13,2026-02-23,2889.25,Healthcare,POS,Chennai,India,In-Store,iOS,1,1,0,14,Monday,2026-02,0,1,0.04499705605684767
TXN103826,2026-05-18 07:15:49,2026-05-18,870.26,Online Services,Mobile Wallet,Bengaluru,India,Mobile,Windows,0,0,0,7,Monday,2026-05,0,0,-0.2581412751522207
TXN103827,2026-02-22 04:19:00,2026-02-22,6333.38,Fashion,POS,Bengaluru,India,In-Store,Android,0,1,0,4,Sunday,2026-02,1,0,-0.007297560452924512
TXN103828,2026-02-13 19:30:48,2026-02-13,1058.4,Fashion,Mobile Wallet,Pune,India,Mobile,Android,0,1,0,19,Friday,2026-02,0,0,-0.18256938277223445
TXN103829,2026-02-16 23:43:55,2026-02-16,2825.86,Online Services,POS,Hyderabad,India,In-Store,Android,0,0,0,23,Monday,2026-02,1,0,-0.16711352763395582
TXN103830,2026-02-22 05:29:47,2026-02-22,1435.66,Utilities,Bank Transfer,Ahmedabad,India,Digital,Android,0,0,0,5,Sunday,2026-02,1,0,-0.20965798635170002
TXN103831,2026-03-15 05:49:42,2026-03-15,825.96,Travel,Mobile Wallet,Hyderabad,India,Mobile,Windows,0,0,0,5,Sunday,2026-03,1,0,-0.2051819933364556
TXN103832,2026-02-15 06:16:46,2026-02-15,227.95,Travel,Mobile Wallet,Ahmedabad,India,Mobile,iOS,0,1,0,6,Sunday,2026-02,0,0,-0.05601044600221472
TXN103833,2026-01-13 02:49:10,2026-01-13,407.04,Healthcare,Online,Hyderabad,India,Digital,iOS,0,0,0,2,Tuesday,2026-01,1,0,-0.15995200416339622
TXN103834,2026-06-14 23:52:09,2026-06-14,2811.26,Food & Dining,Online,Bengaluru,India,Digital,iOS,0,0,0,23,Sunday,2026-06,1,0,-0.16760115955193366
TXN103835,2026-04-12 13:02:16,2026-04-12,2001.94,Electronics,POS,Chennai,India,In-Store,Android,0,0,0,13,Sunday,2026-04,0,0,-0.24824450532679676
TXN103836,2026-01-24 02:23:13,2026-01-24,1761.85,Travel,POS,Chennai,India,In-Store,Android,0,0,0,2,Saturday,2026-01,1,0,-0.20731901386577412
TXN103837,2026-01-02 04:49:18,2026-01-02,3802.15,Online Services,ATM,Lucknow,India,ATM,MacOS,0,1,0,4,Friday,2026-01,1,0,-0.04183514500051089
TXN103838,2026-03-22 22:49:03,2026-03-22,501.01,Healthcare,Mobile Wallet,Lucknow,India,Mobile,iOS,0,0,0,22,Sunday,2026-03,0,0,-0.2342352489018108
TXN103839,2026-04-10 10:23:01,2026-04-10,751.73,Jewelry,Online,Mumbai,India,Digital,Android,0,0,0,10,Friday,2026-04,0,0,-0.2516801350345874
TXN103840,2026-05-22 07:47:54,2026-05-22,793.54,Utilities,POS,Ahmedabad,India,In-Store,Windows,0,0,0,7,Friday,2026-05,0,0,-0.2555878833127321
TXN103841,2026-05-18 05:43:15,2026-05-18,375.78,Jewelry,Online,Ahmedabad,India,Digital,Android,0,0,0,5,Monday,2026-05,1,0,-0.15089801274042863
TXN103842,2026-06-12 12:16:34,2026-06-12,578.63,Electronics,Mobile Wallet,Ahmedabad,India,Mobile,Windows,0,0,0,12,Friday,2026-06,0,0,-0.2404301935141263
TXN103843,2026-06-02 13:42:57,2026-06-02,464.98,Utilities,Mobile Wallet,Lucknow,India,Mobile,iOS,0,2,0,13,Tuesday,2026-06,0,1,0.0067891935599229125
TXN103844,2026-05-11 07:27:33,2026-05-11,312.35,Grocery,POS,Hyderabad,India,In-Store,Android,0,0,0,7,Monday,2026-05,0,0,-0.18178858914972712
TXN103845,2026-04-21 20:28:39,2026-04-21,535.1,Healthcare,Online,Jaipur,India,Digital,Android,0,1,0,20,Tuesday,2026-04,0,0,-0.16024336477491452
TXN103846,2026-04-12 05:44:21,2026-04-12,1040.38,Food & Dining,Bank Transfer,Lucknow,India,Digital,Android,0,1,0,5,Sunday,2026-04,1,0,-0.11248541780199639
TXN103847,2026-01-17 14:01:33,2026-01-17,4581.04,Fashion,Bank Transfer,Bengaluru,India,Digital,Android,0,0,0,14,Saturday,2026-01,0,0,-0.1551015718112534
TXN103848,2026-01-12 10:08:15,2026-01-12,485.22,Online Services,POS,Kolkata,India,In-Store,Android,1,0,0,10,Monday,2026-01,0,0,-0.021818976347028785
TXN103849,2026-04-26 03:48:23,2026-04-26,2588.34,Online Services,Mobile Wallet,Pune,India,Mobile,Android,0,1,0,3,Sunday,2026-04,1,0,-0.08278935806662924
TXN103850,2026-01-24 14:44:40,2026-01-24,1308.9,Grocery,Mobile Wallet,Jaipur,India,Mobile,Android,0,0,0,14,Saturday,2026-01,0,0,-0.2598252422370801
TXN103851,2026-01-29 08:33:35,2026-01-29,1555.54,Entertainment,POS,Hyderabad,India,In-Store,iOS,0,0,0,8,Thursday,2026-01,0,0,-0.2537510281588127
TXN103852,2026-06-20 08:12:45,2026-06-20,1231.3,Fashion,POS,Hyderabad,India,In-Store,Android,0,1,0,8,Saturday,2026-06,0,0,-0.18532074582465935
TXN103853,2026-06-02 17:35:21,2026-06-02,248.94,Fashion,Online,Pune,India,Digital,Android,0,0,0,17,Tuesday,2026-06,0,0,-0.144779215306458
TXN103854,2026-05-02 16:14:13,2026-05-02,472.8,Online Services,ATM,Ahmedabad,India,ATM,iOS,0,0,0,16,Saturday,2026-05,0,0,-0.23226645946858793
TXN103855,2026-03-31 09:12:41,2026-03-31,1735.18,Travel,POS,Bengaluru,India,In-Store,Windows,0,0,0,9,Tuesday,2026-03,0,0,-0.2531936818070734
TXN103856,2026-03-06 15:33:11,2026-03-06,1137.91,Jewelry,POS,Ahmedabad,India,In-Store,MacOS,0,0,0,15,Friday,2026-03,0,0,-0.2611126111227171
TXN103857,2026-03-25 02:41:56,2026-03-25,293.96,Electronics,Online,Ahmedabad,India,Digital,iOS,0,1,0,2,Wednesday,2026-03,1,0,-0.041634678252807866
TXN103858,2026-04-29 09:15:49,2026-04-29,921.52,Entertainment,Online,Kolkata,India,Digital,Android,0,0,0,9,Wednesday,2026-04,0,0,-0.2584278927824551
TXN103859,2026-06-05 13:04:58,2026-06-05,1761.45,Healthcare,Online,Kolkata,India,Digital,iOS,0,0,0,13,Friday,2026-06,0,0,-0.2536382786445924
TXN103860,2026-01-16 00:02:12,2026-01-16,402.2,Travel,POS,Chennai,India,In-Store,MacOS,0,0,0,0,Friday,2026-01,1,0,-0.15968099669630964
TXN103861,2026-06-24 14:26:30,2026-06-24,798.46,Travel,ATM,Delhi,India,ATM,MacOS,0,0,0,14,Wednesday,2026-06,0,0,-0.2553227682642294
TXN103862,2026-04-14 19:08:41,2026-04-14,3694.84,Online Services,ATM,Delhi,India,ATM,Windows,0,0,0,19,Tuesday,2026-04,0,0,-0.19446519617212826
TXN103863,2026-04-02 10:08:58,2026-04-02,1757.16,Utilities,POS,Lucknow,India,In-Store,Windows,0,0,0,10,Thursday,2026-04,0,0,-0.254361861447072
TXN103864,2026-01-27 02:00:13,2026-01-27,3902.33,Travel,POS,Ahmedabad,India,In-Store,Windows,0,1,1,2,Tuesday,2026-01,1,0,-0.04001777136954354
TXN103865,2026-06-30 12:17:03,2026-06-30,811.53,Food & Dining,Mobile Wallet,Pune,India,Mobile,Android,1,0,0,12,Tuesday,2026-06,0,0,-0.054628198211392975
TXN103866,2026-06-19 18:59:31,2026-06-19,2605.42,Grocery,POS,Ahmedabad,India,In-Store,iOS,0,0,1,18,Friday,2026-06,0,0,-0.230377320381915
TXN103867,2026-06-24 18:57:54,2026-06-24,480.46,Electronics,Mobile Wallet,Bengaluru,India,Mobile,iOS,0,1,0,18,Wednesday,2026-06,0,0,-0.15067476431983406
TXN103868,2026-06-11 01:08:54,2026-06-11,2130.81,Food & Dining,POS,Mumbai,India,In-Store,Android,0,0,0,1,Thursday,2026-06,1,0,-0.19554669779446132
TXN103869,2026-06-14 11:00:01,2026-06-14,618.96,Grocery,ATM,Pune,India,ATM,MacOS,0,0,0,11,Sunday,2026-06,0,0,-0.24784609388709883
TXN103870,2026-05-14 20:31:29,2026-05-14,1580.86,Online Services,Online,Delhi,India,Digital,Android,0,0,0,20,Thursday,2026-05,0,0,-0.25342646341232766
TXN103871,2026-05-15 04:21:30,2026-05-15,1646.1,Healthcare,ATM,Jaipur,India,ATM,Android,0,0,0,4,Friday,2026-05,1,0,-0.20700174043121916
TXN103872,2026-06-02 00:31:49,2026-06-02,1901.86,Jewelry,Mobile Wallet,Chennai,India,Mobile,Android,0,0,0,0,Tuesday,2026-06,1,0,-0.19727467085564032
TXN103873,2026-02-02 22:13:52,2026-02-02,489.57,Healthcare,Mobile Wallet,Chennai,India,Mobile,iOS,0,0,0,22,Monday,2026-02,0,0,-0.23349265597031066
TXN103874,2026-02-24 03:21:02,2026-02-24,1412.54,Jewelry,Mobile Wallet,Lucknow,India,Mobile,iOS,0,0,1,3,Tuesday,2026-02,1,0,-0.20936345575606397
TXN103875,2026-01-07 20:56:26,2026-01-07,1118.87,Food & Dining,Online,Ahmedabad,India,Digital,Android,0,0,0,20,Wednesday,2026-01,0,0,-0.2606218512088001
TXN103876,2026-02-26 09:38:51,2026-02-26,2991.52,Entertainment,ATM,Pune,India,ATM,Windows,0,2,0,9,Thursday,2026-02,0,1,0.006692904289237411
TXN103877,2026-05-06 01:25:53,2026-05-06,657.13,Jewelry,POS,Bengaluru,India,In-Store,Android,0,0,0,1,Wednesday,2026-05,1,0,-0.19534730243207227
TXN103878,2026-01-12 02:54:41,2026-01-12,385.69,Entertainment,POS,Jaipur,India,In-Store,iOS,0,0,0,2,Monday,2026-01,1,0,-0.15544186267159688
TXN103879,2026-01-16 18:27:05,2026-01-16,294.05,Grocery,Online,Lucknow,India,Digital,iOS,0,0,0,18,Friday,2026-01,0,0,-0.17337974507001974
TXN103880,2026-02-12 17:40:00,2026-02-12,872.58,Healthcare,Mobile Wallet,Hyderabad,India,Mobile,MacOS,0,1,0,17,Thursday,2026-02,0,0,-0.18543801037313978
TXN103881,2026-04-27 23:36:21,2026-04-27,779.38,Online Services,Mobile Wallet,Lucknow,India,Mobile,MacOS,0,2,0,23,Monday,2026-04,1,1,0.0334873574366753
TXN103882,2026-05-15 19:59:57,2026-05-15,862.21,Utilities,POS,Hyderabad,India,In-Store,Android,0,0,0,19,Friday,2026-05,0,0,-0.257158626971519
TXN103883,2026-04-21 07:50:05,2026-04-21,865.43,Food & Dining,Online,Delhi,India,Digital,iOS,1,0,0,7,Tuesday,2026-04,0,0,-0.05508119861528893
TXN103884,2026-02-20 22:39:02,2026-02-20,3346.04,Healthcare,Online,Bengaluru,India,Digital,MacOS,0,0,0,22,Friday,2026-02,0,0,-0.20343265861085014
TXN103885,2026-06-09 12:15:49,2026-06-09,974.95,Jewelry,Bank Transfer,Hyderabad,India,Digital,Android,0,1,0,12,Tuesday,2026-06,0,0,-0.18138988246720755
TXN103886,2026-03-16 13:38:32,2026-03-16,2710.88,Grocery,POS,Kolkata,India,In-Store,Android,0,0,0,13,Monday,2026-03,0,0,-0.22843867251988614
TXN103887,2026-01-08 03:02:20,2026-01-08,1491.33,Entertainment,Mobile Wallet,Bengaluru,India,Mobile,Windows,0,2,0,3,Thursday,2026-01,1,1,0.03126166288437371
TXN103888,2026-02-14 16:23:30,2026-02-14,528.36,Travel,Bank Transfer,Ahmedabad,India,Digital,iOS,0,1,0,16,Saturday,2026-02,0,0,-0.15868712083490655
TXN103889,2026-02-28 21:19:54,2026-02-28,1104.09,Entertainment,ATM,Ahmedabad,India,ATM,MacOS,0,1,0,21,Saturday,2026-02,0,0,-0.1836290711640367
TXN103890,2026-05-12 06:48:05,2026-05-12,3776.0,Entertainment,POS,Lucknow,India,In-Store,iOS,0,1,0,6,Tuesday,2026-05,0,0,-0.11210689618830172
TXN103891,2026-04-14 00:17:47,2026-04-14,2470.4,Electronics,Online,Delhi,India,Digital,iOS,0,0,0,0,Tuesday,2026-04,1,0,-0.18533550651824965
TXN103892,2026-06-06 05:43:27,2026-06-06,2869.83,Electronics,Mobile Wallet,Hyderabad,India,Mobile,MacOS,0,0,0,5,Saturday,2026-06,1,0,-0.16597261934173946
TXN103893,2026-06-06 17:06:37,2026-06-06,1642.31,Entertainment,ATM,Ahmedabad,India,ATM,Android,0,0,1,17,Saturday,2026-06,0,0,-0.2531710871809636
TXN103894,2026-04-08 20:42:34,2026-04-08,748.59,Grocery,Mobile Wallet,Mumbai,India,Mobile,iOS,0,0,0,20,Wednesday,2026-04,0,0,-0.2507210064534063
TXN103895,2026-06-05 13:28:41,2026-06-05,4072.62,Travel,POS,Mumbai,India,In-Store,Windows,0,1,0,13,Friday,2026-06,0,0,-0.10169109505109919
TXN103896,2026-03-20 04:13:07,2026-03-20,1715.72,Online Services,Bank Transfer,Hyderabad,India,Digital,iOS,0,1,0,4,Friday,2026-03,1,0,-0.11171632454782732
TXN103897,2026-05-04 01:06:25,2026-05-04,2309.35,Travel,Online,Delhi,India,Digital,Android,0,1,0,1,Monday,2026-05,1,0,-0.09447800111360083
TXN103898,2026-06-21 11:57:32,2026-06-21,1196.11,Food & Dining,ATM,Mumbai,India,ATM,iOS,0,0,0,11,Sunday,2026-06,0,0,-0.2615859716178578
TXN103899,2026-01-04 05:26:03,2026-01-04,479.76,Jewelry,Bank Transfer,Ahmedabad,India,Digital,iOS,1,1,0,5,Sunday,2026-01,1,1,0.06890217458483316
TXN103900,2026-03-31 13:08:42,2026-03-31,4785.47,Electronics,Bank Transfer,Delhi,India,Digital,MacOS,0,1,0,13,Tuesday,2026-03,0,0,-0.08190048242267989
TXN103901,2026-04-14 17:00:45,2026-04-14,4252.06,Fashion,Bank Transfer,Hyderabad,India,Digital,Android,0,0,0,17,Tuesday,2026-04,0,0,-0.17335185572805145
TXN103902,2026-05-17 14:18:34,2026-05-17,2093.52,Entertainment,Online,Bengaluru,India,Digital,Windows,0,0,0,14,Sunday,2026-05,0,0,-0.24898106416440313
TXN103903,2026-04-29 05:10:08,2026-04-29,1707.98,Utilities,Mobile Wallet,Delhi,India,Mobile,Android,0,0,0,5,Wednesday,2026-04,1,0,-0.20825186644882632
TXN103904,2026-05-13 18:41:02,2026-05-13,551.2,Online Services,Mobile Wallet,Ahmedabad,India,Mobile,iOS,0,0,1,18,Wednesday,2026-05,0,0,-0.23697382937632294
TXN103905,2026-02-25 19:48:47,2026-02-25,3708.69,Online Services,Online,Bengaluru,India,Digital,iOS,0,1,0,19,Wednesday,2026-02,0,0,-0.11397033576634141
TXN103906,2026-04-06 15:53:45,2026-04-06,3222.11,Utilities,Mobile Wallet,Jaipur,India,Mobile,MacOS,0,0,0,15,Monday,2026-04,0,0,-0.20472544587000246
TXN103907,2026-06-27 20:33:14,2026-06-27,263.54,Electronics,Online,Lucknow,India,Digital,iOS,0,0,0,20,Saturday,2026-06,0,0,-0.15968278397647584
TXN103908,2026-03-16 04:47:01,2026-03-16,2305.68,Grocery,Bank Transfer,Chennai,India,Digital,Windows,0,0,0,4,Monday,2026-03,1,0,-0.18859622162530365
TXN103909,2026-05-23 13:28:26,2026-05-23,898.24,Fashion,POS,Jaipur,India,In-Store,iOS,0,0,0,13,Saturday,2026-05,0,0,-0.26015657391614944
TXN103910,2026-02-01 05:49:28,2026-02-01,1384.84,Electronics,Mobile Wallet,Bengaluru,India,Mobile,iOS,0,0,0,5,Sunday,2026-02,1,0,-0.21147369042567188
TXN103911,2026-01-28 22:56:46,2026-01-28,570.16,Healthcare,Online,Chennai,India,Digital,Android,0,0,0,22,Wednesday,2026-01,0,0,-0.23971168811724725
TXN103912,2026-01-22 07:45:37,2026-01-22,1207.87,Entertainment,POS,Lucknow,India,In-Store,Android,0,0,0,7,Thursday,2026-01,0,0,-0.26193786997072255
TXN103913,2026-01-17 17:20:35,2026-01-17,454.76,Grocery,POS,Pune,India,In-Store,Android,0,0,0,17,Saturday,2026-01,0,0,-0.22743380633002613
TXN103914,2026-02-28 13:45:08,2026-02-28,576.75,Online Services,POS,Jaipur,India,In-Store,Android,0,0,0,13,Saturday,2026-02,0,0,-0.24014537913136713
TXN103915,2026-03-31 11:37:11,2026-03-31,1659.31,Travel,ATM,Ahmedabad,India,ATM,Android,0,0,0,11,Tuesday,2026-03,0,0,-0.2535346881441446
TXN103916,2026-04-16 11:55:33,2026-04-16,1364.24,Fashion,Online,Delhi,India,Digital,iOS,0,0,0,11,Thursday,2026-04,0,0,-0.2579164764703095
TXN103917,2026-01-26 13:08:27,2026-01-26,1545.54,Entertainment,Bank Transfer,Delhi,India,Digital,MacOS,0,0,0,13,Monday,2026-01,0,0,-0.253120025468556
TXN103918,2026-01-25 13:25:40,2026-01-25,1197.24,Fashion,Mobile Wallet,Chennai,India,Mobile,Windows,0,0,0,13,Sunday,2026-01,0,0,-0.2615859716178578
TXN103919,2026-05-18 23:58:58,2026-05-18,7372.96,Fashion,Bank Transfer,Chennai,India,Digital,Android,0,0,0,23,Monday,2026-05,1,0,-0.023617390553015594
TXN103920,2026-02-14 12:06:41,2026-02-14,653.64,Grocery,Mobile Wallet,Chennai,India,Mobile,iOS,1,0,0,12,Saturday,2026-02,0,0,-0.038977516012793756
TXN103921,2026-03-24 21:05:56,2026-03-24,838.01,Fashion,POS,Hyderabad,India,In-Store,iOS,0,1,0,21,Tuesday,2026-03,0,0,-0.18752651840363083
TXN103922,2026-01-11 20:02:58,2026-01-11,618.2,Utilities,POS,Ahmedabad,India,In-Store,iOS,0,0,0,20,Sunday,2026-01,0,0,-0.24793326303413044
TXN103923,2026-06-30 23:41:51,2026-06-30,3441.91,Online Services,POS,Chennai,India,In-Store,iOS,0,0,1,23,Tuesday,2026-06,1,0,-0.14257675766147804
TXN103924,2026-04-14 07:59:14,2026-04-14,1194.14,Fashion,Online,Mumbai,India,Digital,Android,0,0,0,7,Tuesday,2026-04,0,0,-0.2610637308198445
TXN103925,2026-03-09 12:01:50,2026-03-09,963.81,Fashion,Mobile Wallet,Lucknow,India,Mobile,MacOS,0,0,0,12,Monday,2026-03,0,0,-0.25531952175271583
TXN103926,2026-04-05 19:24:53,2026-04-05,2030.91,Healthcare,Online,Chennai,India,Digital,iOS,1,0,0,19,Sunday,2026-04,0,0,-0.037752544316438374
TXN103927,2026-06-05 13:26:07,2026-06-05,546.68,Jewelry,Mobile Wallet,Mumbai,India,Mobile,Windows,0,1,0,13,Friday,2026-06,0,0,-0.16402188768241344
TXN103928,2026-03-06 03:40:01,2026-03-06,374.75,Travel,Online,Hyderabad,India,Digital,Android,0,0,0,3,Friday,2026-03,1,0,-0.15064163694723143
TXN103929,2026-02-18 00:45:39,2026-02-18,1377.63,Fashion,Bank Transfer,Mumbai,India,Digital,Android,0,0,0,0,Wednesday,2026-02,1,0,-0.21099422888146485
TXN103930,2026-06-24 03:40:31,2026-06-24,1248.5,Utilities,Online,Pune,India,Digital,iOS,0,0,0,3,Wednesday,2026-06,1,0,-0.21810947053490198
TXN103931,2026-02-21 11:48:15,2026-02-21,608.39,Entertainment,Online,Pune,India,Digital,MacOS,0,0,0,11,Saturday,2026-02,0,0,-0.2438256925209058
TXN103932,2026-04-12 05:52:48,2026-04-12,1457.52,Grocery,Bank Transfer,Mumbai,India,Digital,iOS,1,0,0,5,Sunday,2026-04,1,1,0.01721258885796828
TXN103933,2026-02-26 09:03:44,2026-02-26,4816.92,Entertainment,Online,Ahmedabad,India,Digital,Android,0,0,0,9,Thursday,2026-02,0,0,-0.14619742249014367
TXN103934,2026-02-16 02:57:15,2026-02-16,1568.88,Electronics,Bank Transfer,Hyderabad,India,Digital,iOS,1,1,0,2,Monday,2026-02,1,1,0.0554453703308021
TXN103935,2026-06-08 02:46:04,2026-06-08,224.58,Food & Dining,POS,Delhi,India,In-Store,iOS,0,0,0,2,Monday,2026-06,1,0,-0.05988818304797627
TXN103936,2026-06-23 07:43:05,2026-06-23,3407.34,Food & Dining,Online,Mumbai,India,Digital,Android,0,0,0,7,Tuesday,2026-06,0,0,-0.1996221796235626
TXN103937,2026-01-26 22:59:57,2026-01-26,5385.61,Online Services,Mobile Wallet,Bengaluru,India,Mobile,MacOS,0,0,0,22,Monday,2026-01,0,0,-0.12278658311973834
TXN103938,2026-04-24 23:33:10,2026-04-24,1674.56,Food & Dining,POS,Kolkata,India,In-Store,Windows,0,0,0,23,Friday,2026-04,1,0,-0.207409249491793
TXN103939,2026-01-05 21:22:08,2026-01-05,1257.72,Travel,Bank Transfer,Lucknow,India,Digital,iOS,0,0,0,21,Monday,2026-01,0,0,-0.260629810048945
TXN103940,2026-03-25 03:25:36,2026-03-25,317.99,Electronics,POS,Lucknow,India,In-Store,Android,0,1,0,3,Wednesday,2026-03,1,0,-0.047589382656608614
TXN103941,2026-02-21 21:31:15,2026-02-21,548.7,Online Services,ATM,Ahmedabad,India,ATM,Android,0,0,1,21,Saturday,2026-02,0,0,-0.2373344427037964
TXN103942,2026-04-15 07:36:52,2026-04-15,857.87,Electronics,POS,Chennai,India,In-Store,Android,0,0,0,7,Wednesday,2026-04,0,0,-0.25691404570143067
TXN103943,2026-02-23 22:50:12,2026-02-23,609.38,Fashion,Online,Kolkata,India,Digital,iOS,0,0,0,22,Monday,2026-02,0,0,-0.2445244396875727
TXN103944,2026-06-10 20:56:19,2026-06-10,729.58,Electronics,POS,Delhi,India,In-Store,Android,0,1,0,20,Wednesday,2026-06,0,0,-0.18410650639263637
TXN103945,2026-06-27 12:39:51,2026-06-27,1210.52,Utilities,POS,Hyderabad,India,In-Store,Android,0,1,0,12,Saturday,2026-06,0,0,-0.1842814290491107
TXN103946,2026-06-15 17:09:10,2026-06-15,634.2,Food & Dining,POS,Pune,India,In-Store,iOS,0,1,0,17,Monday,2026-06,0,0,-0.1766623144238012
TXN103947,2026-06-04 09:50:54,2026-06-04,3698.07,Fashion,Bank Transfer,Chennai,India,Digital,iOS,0,0,0,9,Thursday,2026-06,0,0,-0.19446519617212826
TXN103948,2026-01-15 17:24:32,2026-01-15,1163.92,Fashion,Bank Transfer,Pune,India,Digital,Windows,0,1,0,17,Thursday,2026-01,0,0,-0.18385712188783437
TXN103949,2026-03-02 07:33:48,2026-03-02,1641.93,Online Services,Online,Delhi,India,Digital,Android,1,0,0,7,Monday,2026-03,0,0,-0.047125634529731286
TXN103950,2026-05-02 04:00:29,2026-05-02,1648.2,Food & Dining,POS,Kolkata,India,In-Store,Android,0,0,0,4,Saturday,2026-05,1,0,-0.20694512302896317
TXN103951,2026-01-21 23:24:54,2026-01-21,1489.38,Healthcare,POS,Ahmedabad,India,In-Store,Android,0,0,0,23,Wednesday,2026-01,1,0,-0.20870279073583353
TXN103952,2026-02-15 18:50:08,2026-02-15,1139.06,Online Services,Online,Jaipur,India,Digital,iOS,0,0,0,18,Sunday,2026-02,0,0,-0.2611126111227171
TXN103953,2026-05-14 23:01:26,2026-05-14,2439.57,Online Services,Online,Unknown,India,Digital,iOS,0,0,0,23,Thursday,2026-05,1,0,-0.1863904264361705
TXN103954,2026-02-07 14:43:35,2026-02-07,2885.17,Travel,Online,Kolkata,India,Digital,Android,0,0,0,14,Saturday,2026-02,0,0,-0.21857202567723644
TXN103955,2026-03-03 19:08:56,2026-03-03,210.49,Jewelry,Mobile Wallet,Mumbai,India,Mobile,Windows,0,0,0,19,Tuesday,2026-03,0,0,-0.11270942744986934
TXN103956,2026-03-27 22:28:27,2026-03-27,347.33,Grocery,Bank Transfer,Jaipur,India,Digital,iOS,0,0,0,22,Friday,2026-03,0,0,-0.19160317245711023
TXN103957,2026-03-19 15:56:18,2026-03-19,710.35,Fashion,Online,Pune,India,Digital,Windows,0,0,0,15,Thursday,2026-03,0,0,-0.24674318345606305
TXN103958,2026-02-15 10:21:50,2026-02-15,449.23,Online Services,Online,Hyderabad,India,Digital,Android,0,1,0,10,Sunday,2026-02,0,0,-0.14003345905444686
TXN103959,2026-05-21 23:14:43,2026-05-21,609.08,Travel,Bank Transfer,Lucknow,India,Digital,iOS,0,0,0,23,Thursday,2026-05,1,0,-0.19345655301060727
TXN103960,2026-01-03 19:07:07,2026-01-03,763.37,Travel,POS,Jaipur,India,In-Store,iOS,0,1,0,19,Saturday,2026-01,0,0,-0.18721055059609942
TXN103961,2026-01-06 09:47:36,2026-01-06,892.9,Travel,Bank Transfer,Mumbai,India,Digital,Android,0,0,0,9,Tuesday,2026-01,0,0,-0.25994236681892047
TXN103962,2026-04-03 21:13:48,2026-04-03,332.65,Entertainment,Mobile Wallet,Delhi,India,Mobile,MacOS,0,0,0,21,Friday,2026-04,0,0,-0.18840494600138652
TXN103963,2026-01-08 10:48:09,2026-01-08,787.3,Fashion,ATM,Bengaluru,India,ATM,Windows,0,0,0,10,Thursday,2026-01,0,0,-0.25356211761543995
TXN103964,2026-06-21 14:17:08,2026-06-21,3422.55,Healthcare,Online,Mumbai,India,Digital,Android,0,0,0,14,Sunday,2026-06,0,0,-0.20022938985197714
TXN103965,2026-04-18 10:20:07,2026-04-18,896.84,Online Services,Bank Transfer,Delhi,India,Digital,iOS,0,0,0,10,Saturday,2026-04,0,0,-0.26015657391614944
TXN103966,2026-06-10 13:57:35,2026-06-10,1760.9,Healthcare,Mobile Wallet,Delhi,India,Mobile,Android,0,1,0,13,Wednesday,2026-06,0,0,-0.17743054475017656
TXN103967,2026-03-16 01:30:09,2026-03-16,1039.15,Electronics,ATM,Kolkata,India,ATM,Windows,0,0,0,1,Monday,2026-03,1,0,-0.22346971323419612
TXN103968,2026-03-18 11:47:18,2026-03-18,1202.2,Jewelry,Bank Transfer,Lucknow,India,Digital,Android,0,0,0,11,Wednesday,2026-03,0,0,-0.2614552824269687
TXN103969,2026-02-19 02:11:09,2026-02-19,999.84,Travel,POS,Pune,India,In-Store,MacOS,0,0,0,2,Thursday,2026-02,1,0,-0.2206956773142465
TXN103970,2026-01-11 15:47:42,2026-01-11,1987.03,Electronics,POS,Jaipur,India,In-Store,Windows,0,0,0,15,Sunday,2026-01,0,0,-0.24717502526341245
TXN103971,2026-04-05 07:12:38,2026-04-05,568.67,Grocery,Bank Transfer,Chennai,India,Digital,iOS,0,0,0,7,Sunday,2026-04,0,0,-0.24036100281767886
TXN103972,2026-06-05 21:11:42,2026-06-05,1257.45,Food & Dining,Mobile Wallet,Jaipur,India,Mobile,iOS,1,1,0,21,Friday,2026-06,0,1,0.027589017217238387
TXN103973,2026-03-11 05:29:28,2026-03-11,691.19,Grocery,ATM,Lucknow,India,ATM,Android,0,0,0,5,Wednesday,2026-03,1,0,-0.19917980016961417
TXN103974,2026-06-18 07:15:45,2026-06-18,1874.62,Electronics,Bank Transfer,Jaipur,India,Digital,Android,0,0,0,7,Thursday,2026-06,0,0,-0.2525567557455584
TXN103975,2026-01-16 21:00:22,2026-01-16,451.98,Travel,Online,Delhi,India,Digital,Unknown,0,0,0,21,Friday,2026-01,0,0,-0.22674598946234886
TXN103976,2026-03-09 07:20:42,2026-03-09,1845.38,Travel,Online,Jaipur,India,Digital,iOS,0,0,0,7,Monday,2026-03,0,0,-0.25297708181366846
TXN103977,2026-04-09 22:45:48,2026-04-09,1295.75,Entertainment,POS,Bengaluru,India,In-Store,Android,1,1,0,22,Thursday,2026-04,0,1,0.02699857183198784
TXN103978,2026-02-17 07:06:36,2026-02-17,398.71,Utilities,Online,Bengaluru,India,Digital,Android,0,0,0,7,Tuesday,2026-02,0,0,-0.208532787359263
TXN103979,2026-03-05 21:03:11,2026-03-05,4433.28,Utilities,ATM,Jaipur,India,ATM,iOS,0,0,0,21,Thursday,2026-03,0,0,-0.16505034101243554
TXN103980,2026-03-31 11:46:46,2026-03-31,1713.46,Travel,Online,Kolkata,India,Digital,Windows,0,0,0,11,Tuesday,2026-03,0,0,-0.2541540039705527
TXN103981,2026-03-17 11:15:24,2026-03-17,460.11,Travel,Bank Transfer,Ahmedabad,India,Digital,iOS,1,0,0,11,Tuesday,2026-03,0,0,-0.022206690664475337
TXN103982,2026-05-19 06:28:52,2026-05-19,1243.14,Jewelry,Bank Transfer,Kolkata,India,Digital,Windows,0,0,0,6,Tuesday,2026-05,0,0,-0.2605397799215297
TXN103983,2026-04-11 04:22:44,2026-04-11,295.46,Grocery,POS,Jaipur,India,In-Store,Windows,0,3,0,4,Saturday,2026-04,1,1,0.0717801588715038
TXN103984,2026-03-30 07:39:23,2026-03-30,278.23,Online Services,Online,Ahmedabad,India,Digital,Android,0,0,0,7,Monday,2026-03,0,0,-0.16732348905077354
TXN103985,2026-01-18 10:06:10,2026-01-18,2855.49,Electronics,ATM,Hyderabad,India,ATM,Windows,0,1,0,10,Sunday,2026-01,0,0,-0.1351691116486753
TXN103986,2026-01-19 01:24:22,2026-01-19,419.86,Jewelry,Mobile Wallet,Delhi,India,Mobile,iOS,0,0,0,1,Monday,2026-01,1,0,-0.16665384892786145
TXN103987,2026-02-24 12:24:05,2026-02-24,2058.78,Fashion,ATM,Chennai,India,ATM,iOS,1,0,0,12,Tuesday,2026-02,0,0,-0.03672811223580452
TXN103988,2026-04-12 02:00:44,2026-04-12,2790.02,Fashion,Online,Delhi,India,Digital,Android,0,1,0,2,Sunday,2026-04,1,0,-0.07470826211508719
TXN103989,2026-04-28 01:46:12,2026-04-28,499.09,Healthcare,Online,Hyderabad,India,Digital,iOS,0,0,1,1,Tuesday,2026-04,1,0,-0.18406397009062164
TXN103990,2026-06-03 23:45:01,2026-06-03,5790.54,Food & Dining,POS,Delhi,India,In-Store,Android,0,1,0,23,Wednesday,2026-06,1,0,-0.011687135378702362
TXN103991,2026-05-14 17:54:31,2026-05-14,1181.07,Travel,Online,Chennai,India,Digital,Windows,0,0,0,17,Thursday,2026-05,0,0,-0.2594701050543169
TXN103992,2026-01-04 04:42:36,2026-01-04,2887.0,Food & Dining,Bank Transfer,Pune,India,Digital,MacOS,0,0,0,4,Sunday,2026-01,1,0,-0.16564454139767187
TXN103993,2026-04-18 11:14:33,2026-04-18,493.45,Healthcare,Mobile Wallet,Mumbai,India,Mobile,iOS,0,0,0,11,Saturday,2026-04,0,0,-0.23307339745543282
TXN103994,2026-04-25 03:51:34,2026-04-25,500.64,Grocery,Online,Ahmedabad,India,Digital,iOS,0,0,1,3,Saturday,2026-04,1,0,-0.18387450089603946
TXN103995,2026-01-29 19:19:46,2026-01-29,189.59,Grocery,POS,Delhi,India,In-Store,iOS,0,0,0,19,Thursday,2026-01,0,0,-0.09314816602820764
TXN103996,2026-02-28 04:38:29,2026-02-28,589.05,Food & Dining,Online,Chennai,India,Digital,Android,0,0,0,4,Saturday,2026-02,1,0,-0.19582355713106664
TXN103997,2026-05-05 22:34:18,2026-05-05,2787.81,Electronics,Mobile Wallet,Ahmedabad,India,Mobile,Android,0,0,0,22,Tuesday,2026-05,0,0,-0.22454870372232383
TXN103998,2026-04-08 04:13:30,2026-04-08,485.62,Entertainment,POS,Chennai,India,In-Store,MacOS,0,1,0,4,Wednesday,2026-04,1,0,-0.07486934371339238
TXN103999,2026-01-17 13:45:10,2026-01-17,520.61,Electronics,ATM,Bengaluru,India,ATM,Android,0,1,0,13,Saturday,2026-01,0,0,-0.1576811558274009
TXN104000,2026-04-17 10:44:34,2026-04-17,391.9,Fashion,POS,Pune,India,In-Store,iOS,0,0,0,10,Friday,2026-04,0,0,-0.20490055216728614
TXN104001,2026-02-12 04:55:33,2026-02-12,369.07,Electronics,ATM,Mumbai,India,ATM,iOS,0,0,0,4,Thursday,2026-02,1,0,-0.15064163694723143
TXN104002,2026-03-21 05:34:40,2026-03-21,2230.68,Food & Dining,POS,Mumbai,India,In-Store,Windows,0,0,0,5,Saturday,2026-03,1,0,-0.19105744001957248
TXN104003,2026-06-11 14:50:12,2026-06-11,414.93,Grocery,POS,Ahmedabad,India,In-Store,Android,0,0,0,14,Thursday,2026-06,0,0,-0.21506344759034596
TXN104004,2026-01-08 16:22:51,2026-01-08,986.94,Grocery,ATM,Kolkata,India,ATM,MacOS,1,0,0,16,Thursday,2026-01,0,0,-0.0573313285899566
TXN104005,2026-05-21 11:01:49,2026-05-21,825.32,Grocery,ATM,Lucknow,India,ATM,Android,0,1,0,11,Thursday,2026-05,0,0,-0.18748610273740207
TXN104006,2026-04-16 16:37:26,2026-04-16,2357.35,Jewelry,Online,Lucknow,India,Digital,MacOS,0,1,1,16,Thursday,2026-04,0,0,-0.15749180660768924
TXN104007,2026-01-08 18:11:20,2026-01-08,561.7,Electronics,Online,Bengaluru,India,Digital,Android,0,0,0,18,Thursday,2026-01,0,0,-0.23872750580825236
TXN104008,2026-04-06 14:42:40,2026-04-06,776.85,Healthcare,POS,Ahmedabad,India,In-Store,Android,0,0,0,14,Monday,2026-04,0,0,-0.25310937465338795
TXN104009,2026-04-04 11:25:52,2026-04-04,457.63,Grocery,POS,Ahmedabad,India,In-Store,Android,0,0,0,11,Saturday,2026-04,0,0,-0.22844554107538695
TXN104010,2026-03-06 07:34:10,2026-03-06,657.08,Grocery,ATM,Mumbai,India,ATM,MacOS,0,0,0,7,Friday,2026-03,0,0,-0.24483152272495845
TXN104011,2026-06-20 23:49:25,2026-06-20,533.21,Food & Dining,Mobile Wallet,Lucknow,India,Mobile,Android,0,0,0,23,Saturday,2026-06,1,0,-0.18579366845851242
TXN104012,2026-02-08 13:22:17,2026-02-08,976.75,Food & Dining,Online,Kolkata,India,Digital,iOS,0,0,0,13,Sunday,2026-02,0,0,-0.25614598293679136
TXN104013,2026-03-22 22:46:51,2026-03-22,3946.91,Jewelry,Online,Delhi,India,Digital,iOS,0,0,0,22,Sunday,2026-03,0,0,-0.18410392920745228
TXN104014,2026-03-25 12:53:32,2026-03-25,931.86,Jewelry,Online,Delhi,India,Digital,Android,0,1,0,12,Wednesday,2026-03,0,0,-0.18365137887869293
TXN104015,2026-03-29 12:11:16,2026-03-29,2806.78,Utilities,POS,Delhi,India,In-Store,Android,0,0,0,12,Sunday,2026-03,0,0,-0.22364068377077084
TXN104016,2026-03-27 20:27:44,2026-03-27,2335.56,Entertainment,POS,Chennai,India,In-Store,iOS,0,0,0,20,Friday,2026-03,0,0,-0.2404408967997831
TXN104017,2026-04-03 13:57:07,2026-04-03,1059.89,Food & Dining,Bank Transfer,Kolkata,India,Digital,Android,0,1,0,13,Friday,2026-04,0,0,-0.18256938277223445
TXN104018,2026-03-27 09:00:50,2026-03-27,2366.65,Fashion,Online,Hyderabad,India,Digital,Windows,0,0,0,9,Friday,2026-03,0,0,-0.24046010088341113
TXN104019,2026-02-13 23:27:13,2026-02-13,1318.88,Jewelry,ATM,Hyderabad,India,ATM,Android,0,0,0,23,Friday,2026-02,1,0,-0.2132346137774403
TXN104020,2026-05-17 20:28:24,2026-05-17,349.65,Entertainment,Mobile Wallet,Jaipur,India,Mobile,Android,0,0,0,20,Sunday,2026-05,0,0,-0.19137326070712074
TXN104021,2026-06-14 01:54:21,2026-06-14,1063.05,Food & Dining,Mobile Wallet,Lucknow,India,Mobile,Android,0,0,0,1,Sunday,2026-06,1,0,-0.22271262494364347
TXN104022,2026-03-15 17:11:54,2026-03-15,1293.06,Electronics,Mobile Wallet,Jaipur,India,Mobile,iOS,0,0,0,17,Sunday,2026-03,0,0,-0.25960031081008184
TXN104023,2026-02-05 17:44:48,2026-02-05,4493.44,Grocery,Bank Transfer,Kolkata,India,Digital,Windows,0,0,1,17,Thursday,2026-02,0,0,-0.16122132279225032
TXN104024,2026-04-11 22:01:26,2026-04-11,520.44,Jewelry,Mobile Wallet,Lucknow,India,Mobile,Android,0,0,0,22,Saturday,2026-04,0,0,-0.23397969936220442
TXN104025,2026-06-05 17:01:33,2026-06-05,1581.71,Travel,Online,Hyderabad,India,Digital,iOS,0,0,0,17,Friday,2026-06,0,0,-0.25342646341232766
TXN104026,2026-06-19 22:55:24,2026-06-19,409.68,Fashion,Online,Ahmedabad,India,Digital,iOS,0,0,0,22,Friday,2026-06,0,0,-0.2131225452847479
TXN104027,2026-06-20 19:01:55,2026-06-20,3768.12,Grocery,Online,Lucknow,India,Digital,Windows,0,0,0,19,Saturday,2026-06,0,0,-0.19144465107948422
TXN104028,2026-06-19 06:32:04,2026-06-19,2918.92,Online Services,Bank Transfer,Bengaluru,India,Digital,MacOS,0,0,0,6,Friday,2026-06,0,0,-0.2171365307481392
TXN104029,2026-04-14 01:57:45,2026-04-14,420.25,Grocery,Mobile Wallet,Bengaluru,India,Mobile,iOS,0,0,0,1,Tuesday,2026-04,1,0,-0.16730453647845028
TXN104030,2026-03-07 10:28:04,2026-03-07,4415.69,Online Services,Online,Kolkata,India,Digital,iOS,1,0,0,10,Saturday,2026-03,0,1,0.011218923014005289
TXN104031,2026-02-24 09:16:05,2026-02-24,2595.86,Electronics,ATM,Jaipur,India,ATM,Windows,0,0,0,9,Tuesday,2026-02,0,0,-0.2296598617354635
TXN104032,2026-06-25 16:21:16,2026-06-25,3017.44,Online Services,Bank Transfer,Hyderabad,India,Digital,iOS,0,0,0,16,Thursday,2026-06,0,0,-0.21306087606405966
TXN104033,2026-04-01 06:35:04,2026-04-01,3850.33,Healthcare,Mobile Wallet,Hyderabad,India,Mobile,Android,0,0,0,6,Wednesday,2026-04,0,0,-0.18721571524584102
TXN104034,2026-01-22 16:04:17,2026-01-22,2699.81,Electronics,ATM,Mumbai,India,ATM,Windows,0,0,1,16,Thursday,2026-01,0,0,-0.22872233772902878
TXN104035,2026-04-11 01:33:42,2026-04-11,837.96,Food & Dining,Mobile Wallet,Mumbai,India,Mobile,iOS,0,0,0,1,Saturday,2026-04,1,0,-0.2058693316924382
TXN104036,2026-06-04 23:16:37,2026-06-04,3647.71,Travel,POS,Bengaluru,India,In-Store,Android,0,0,0,23,Thursday,2026-06,1,0,-0.13291846326064816
TXN104037,2026-05-01 22:02:12,2026-05-01,536.68,Electronics,POS,Kolkata,India,In-Store,Android,1,0,0,22,Friday,2026-05,0,0,-0.02263516559741996
TXN104038,2026-04-03 18:23:21,2026-04-03,589.75,Online Services,POS,Jaipur,India,In-Store,Android,0,1,0,18,Friday,2026-04,0,0,-0.17000429018467939
TXN104039,2026-04-18 09:04:54,2026-04-18,761.83,Fashion,POS,Hyderabad,India,In-Store,Windows,0,0,0,9,Saturday,2026-04,0,0,-0.25154916097214325
TXN104040,2026-05-21 06:23:15,2026-05-21,1432.06,Fashion,Online,Delhi,India,Digital,iOS,0,0,0,6,Thursday,2026-05,0,0,-0.2533468903027371
TXN104041,2026-06-22 22:15:41,2026-06-22,526.22,Electronics,Bank Transfer,Pune,India,Digital,Android,0,1,0,22,Monday,2026-06,0,0,-0.15835605472284736
TXN104042,2026-01-10 23:03:19,2026-01-10,420.64,Fashion,Bank Transfer,Pune,India,Digital,Windows,0,0,0,23,Saturday,2026-01,1,0,-0.16730453647845028
TXN104043,2026-01-09 02:20:19,2026-01-09,526.97,Online Services,Bank Transfer,Jaipur,India,Digital,iOS,0,0,0,2,Friday,2026-01,1,0,-0.1860657175819238
TXN104044,2026-06-04 13:19:12,2026-06-04,820.13,Fashion,POS,Hyderabad,India,In-Store,Windows,1,0,0,13,Thursday,2026-06,0,0,-0.05418505441227439
TXN104045,2026-02-03 09:23:57,2026-02-03,1160.25,Jewelry,POS,Ahmedabad,India,In-Store,MacOS,0,0,0,9,Tuesday,2026-02,0,0,-0.2590619287647523
TXN104046,2026-05-09 19:39:59,2026-05-09,596.47,Jewelry,POS,Bengaluru,India,In-Store,Android,0,0,0,19,Saturday,2026-05,0,0,-0.2424609174992926
TXN104047,2026-06-09 13:34:37,2026-06-09,416.05,Electronics,Online,Delhi,India,Digital,iOS,0,0,0,13,Tuesday,2026-06,0,0,-0.21466699950094342
TXN104048,2026-03-30 12:41:27,2026-03-30,1497.95,Electronics,POS,Jaipur,India,In-Store,Windows,0,0,0,12,Monday,2026-03,0,0,-0.25439036244416796
TXN104049,2026-04-03 10:21:16,2026-04-03,4647.06,Online Services,Online,Pune,India,Digital,iOS,0,0,0,10,Friday,2026-04,0,0,-0.15434963173144078
TXN104050,2026-03-12 09:35:23,2026-03-12,787.04,Fashion,Online,Ahmedabad,India,Digital,iOS,0,0,0,9,Thursday,2026-03,0,0,-0.25356211761543995
TXN104051,2026-03-08 18:20:55,2026-03-08,2238.5,Grocery,Bank Transfer,Lucknow,India,Digital,MacOS,0,0,0,18,Sunday,2026-03,0,0,-0.24248678300015813
TXN104052,2026-05-28 15:10:15,2026-05-28,1098.48,Travel,Online,Jaipur,India,Digital,Android,0,1,0,15,Thursday,2026-05,0,0,-0.18470158435751333
TXN104053,2026-04-27 02:55:14,2026-04-27,1825.95,Entertainment,Mobile Wallet,Mumbai,India,Mobile,iOS,0,0,0,2,Monday,2026-04,1,0,-0.20127803326907945
TXN104054,2026-04-04 13:10:56,2026-04-04,2105.37,Utilities,POS,Mumbai,India,In-Store,MacOS,0,1,0,13,Saturday,2026-04,0,0,-0.16752053934887706
TXN104055,2026-06-12 02:00:33,2026-06-12,1100.9,Electronics,Mobile Wallet,Chennai,India,Mobile,Android,0,1,0,2,Friday,2026-06,1,0,-0.11385402096989061
TXN104056,2026-04-09 00:18:22,2026-04-09,499.38,Grocery,Online,Jaipur,India,Digital,iOS,0,0,0,0,Thursday,2026-04,1,0,-0.18406397009062164
TXN104057,2026-04-23 18:22:13,2026-04-23,409.82,Online Services,ATM,Kolkata,India,ATM,MacOS,0,0,0,18,Thursday,2026-04,0,0,-0.2131225452847479
TXN104058,2026-04-13 12:58:35,2026-04-13,2752.05,Utilities,POS,Kolkata,India,In-Store,Android,0,1,0,12,Monday,2026-04,0,0,-0.13901416146951218
TXN104059,2026-04-01 23:39:53,2026-04-01,1816.1,Food & Dining,Mobile Wallet,Delhi,India,Mobile,iOS,0,0,0,23,Wednesday,2026-04,1,0,-0.20191719451955187
TXN104060,2026-03-31 01:44:16,2026-03-31,2401.28,Utilities,POS,Bengaluru,India,In-Store,Android,0,1,0,1,Tuesday,2026-03,1,0,-0.08964083424102443
TXN104061,2026-01-17 18:00:00,2026-01-17,1883.81,Fashion,Online,Hyderabad,India,Digital,Windows,0,0,0,18,Saturday,2026-01,0,0,-0.2523261056883771
TXN104062,2026-01-18 11:32:28,2026-01-18,2585.69,Utilities,Mobile Wallet,Delhi,India,Mobile,Android,0,0,0,11,Sunday,2026-01,0,0,-0.2305742018139269
TXN104063,2026-06-22 20:01:30,2026-06-22,1309.71,Fashion,POS,Lucknow,India,In-Store,Android,0,0,0,20,Monday,2026-06,0,0,-0.2598252422370801
TXN104064,2026-04-26 21:43:20,2026-04-26,325.22,Travel,Online,Jaipur,India,Digital,iOS,0,0,0,21,Sunday,2026-04,0,0,-0.18583483889324193
TXN104065,2026-04-03 11:46:07,2026-04-03,1373.37,Healthcare,POS,Chennai,India,In-Store,Android,0,0,0,11,Friday,2026-04,0,0,-0.2565680717377821
TXN104066,2026-06-30 19:33:02,2026-06-30,4603.6,Fashion,ATM,Kolkata,India,ATM,Android,0,0,0,19,Tuesday,2026-06,0,0,-0.15448193540558086
TXN104067,2026-04-01 07:16:45,2026-04-01,1452.35,Jewelry,Online,Jaipur,India,Digital,Android,0,0,0,7,Wednesday,2026-04,0,0,-0.2528590342813182
TXN104068,2026-03-23 07:06:10,2026-03-23,410.09,Fashion,POS,Chennai,India,In-Store,MacOS,0,1,0,7,Monday,2026-03,0,0,-0.1318016189375888
TXN104069,2026-03-09 08:24:15,2026-03-09,1974.01,Online Services,Online,Pune,India,Digital,Android,0,0,0,8,Monday,2026-03,0,0,-0.24838160790027763
TXN104070,2026-04-24 05:53:02,2026-04-24,6211.96,Jewelry,ATM,Hyderabad,India,ATM,MacOS,0,0,0,5,Friday,2026-04,1,0,-0.05462841014489128
TXN104071,2026-01-01 10:56:13,2026-01-01,701.61,Travel,Bank Transfer,Ahmedabad,India,Digital,Android,0,1,0,10,Thursday,2026-01,0,0,-0.1826064297552562
TXN104072,2026-02-27 11:56:59,2026-02-27,1423.42,Utilities,POS,Mumbai,India,In-Store,iOS,0,0,0,11,Friday,2026-02,0,0,-0.25373683893623966
TXN104073,2026-06-03 17:23:39,2026-06-03,1604.05,Unknown,POS,Mumbai,India,In-Store,Windows,0,1,0,17,Wednesday,2026-06,0,0,-0.17910945162359582
TXN104074,2026-04-19 04:27:23,2026-04-19,1290.64,Online Services,Online,Chennai,India,Digital,Android,0,0,0,4,Sunday,2026-04,1,0,-0.2167924452571986
TXN104075,2026-05-28 12:38:52,2026-05-28,2075.94,Food & Dining,Online,Lucknow,India,Digital,iOS,0,0,0,12,Thursday,2026-05,0,0,-0.2490864330854899
TXN104076,2026-04-26 18:18:56,2026-04-26,793.03,Healthcare,Online,Jaipur,India,Digital,Android,0,1,0,18,Sunday,2026-04,0,0,-0.18739321508537032
TXN104077,2026-03-28 05:20:39,2026-03-28,1810.62,Food & Dining,POS,Delhi,India,In-Store,MacOS,0,0,0,5,Saturday,2026-03,1,0,-0.20215418892247183
TXN104078,2026-01-10 02:53:36,2026-01-10,2790.45,Electronics,POS,Bengaluru,India,In-Store,iOS,0,0,0,2,Saturday,2026-01,1,0,-0.1686051961009163
TXN104079,2026-02-28 00:56:52,2026-02-28,3174.35,Electronics,Mobile Wallet,Ahmedabad,India,Mobile,Android,0,0,0,0,Saturday,2026-02,1,0,-0.15173592826582294
TXN104080,2026-02-10 22:46:16,2026-02-10,2089.01,Fashion,Online,Unknown,India,Digital,iOS,0,0,0,22,Tuesday,2026-02,0,0,-0.24977385769020755
TXN104081,2026-04-15 06:46:46,2026-04-15,810.11,Utilities,ATM,Bengaluru,India,ATM,MacOS,0,0,0,6,Wednesday,2026-04,0,0,-0.25625854523110814
TXN104082,2026-05-13 00:31:15,2026-05-13,364.47,Entertainment,POS,Pune,India,In-Store,Windows,0,0,0,0,Wednesday,2026-05,1,0,-0.1443605648265177
TXN104083,2026-05-02 10:17:46,2026-05-02,363.65,Healthcare,POS,Pune,India,In-Store,Android,0,0,0,10,Saturday,2026-05,0,0,-0.19752753028076198
TXN104084,2026-05-25 01:35:52,2026-05-25,1585.98,Travel,Mobile Wallet,Chennai,India,Mobile,iOS,0,0,0,1,Monday,2026-05,1,0,-0.20823286589952827
TXN104085,2026-01-22 21:40:25,2026-01-22,244.46,Food & Dining,Online,Chennai,India,Digital,Windows,0,0,0,21,Thursday,2026-01,0,0,-0.13510792829911378
TXN104086,2026-04-08 00:22:33,2026-04-08,1181.07,Grocery,Online,Pune,India,Digital,Windows,0,0,0,0,Wednesday,2026-04,1,0,-0.21916075700748783
TXN104087,2026-06-18 07:29:46,2026-06-18,582.57,Utilities,Bank Transfer,Delhi,India,Digital,Android,0,0,0,7,Thursday,2026-06,0,0,-0.24059533949492512
TXN104088,2026-03-09 04:04:51,2026-03-09,189.59,Jewelry,POS,Pune,India,In-Store,Android,1,0,0,4,Monday,2026-03,1,1,0.06539949757941133
TXN104089,2026-05-19 19:24:07,2026-05-19,1893.08,Fashion,Online,Delhi,India,Digital,MacOS,0,1,0,19,Tuesday,2026-05,0,0,-0.17520706202162384
TXN104090,2026-02-25 13:21:15,2026-02-25,356.9,Grocery,Online,Bengaluru,India,Digital,Android,0,0,0,13,Wednesday,2026-02,0,0,-0.19503636459971496
TXN104091,2026-06-28 02:59:54,2026-06-28,6952.84,Electronics,POS,Delhi,India,In-Store,iOS,0,0,0,2,Sunday,2026-06,1,0,-0.034999264339393266
TXN104092,2026-05-29 19:01:10,2026-05-29,4063.3,Entertainment,ATM,Mumbai,India,ATM,iOS,0,0,0,19,Friday,2026-05,0,0,-0.1798300075814348
TXN104093,2026-04-09 04:33:26,2026-04-09,1039.85,Entertainment,Online,Mumbai,India,Digital,MacOS,0,0,0,4,Thursday,2026-04,1,0,-0.22346971323419612
TXN104094,2026-03-17 21:05:30,2026-03-17,219.72,Utilities,POS,Jaipur,India,In-Store,iOS,0,0,0,21,Tuesday,2026-03,0,0,-0.11743269191225036
TXN104095,2026-01-26 07:27:52,2026-01-26,1389.46,Travel,POS,Hyderabad,India,In-Store,iOS,0,0,0,7,Monday,2026-01,0,0,-0.25475320575354315
TXN104096,2026-04-25 11:35:08,2026-04-25,4758.21,Utilities,POS,Chennai,India,In-Store,iOS,0,0,0,11,Saturday,2026-04,0,0,-0.15119278498887662
TXN104097,2026-05-27 05:46:40,2026-05-27,2564.03,Healthcare,Mobile Wallet,Lucknow,India,Mobile,Android,0,0,0,5,Wednesday,2026-05,1,0,-0.18147551627801578
TXN104098,2026-04-19 12:03:17,2026-04-19,2697.38,Travel,Online,Kolkata,India,Digital,Android,0,0,0,12,Sunday,2026-04,0,0,-0.2283913104570756
TXN104099,2026-02-16 10:31:49,2026-02-16,3769.93,Food & Dining,Mobile Wallet,Delhi,India,Mobile,iOS,0,1,0,10,Monday,2026-02,0,0,-0.11226122367337499
TXN104100,2026-03-12 05:55:52,2026-03-12,402.31,Electronics,ATM,Lucknow,India,ATM,Android,0,0,0,5,Thursday,2026-03,1,0,-0.15968099669630964
TXN104101,2026-06-03 04:17:18,2026-06-03,2615.39,Food & Dining,Bank Transfer,Jaipur,India,Digital,Android,0,2,1,4,Wednesday,2026-06,1,1,0.048196844708026654
TXN104102,2026-02-09 12:29:59,2026-02-09,5181.32,Online Services,POS,Hyderabad,India,In-Store,Android,0,0,0,12,Monday,2026-02,0,0,-0.12971924088194087
TXN104103,2026-05-13 05:08:02,2026-05-13,667.94,Fashion,POS,Lucknow,India,In-Store,iOS,0,1,0,5,Wednesday,2026-05,1,0,-0.09192731087216899
TXN104104,2026-05-29 09:01:11,2026-05-29,795.0,Online Services,Mobile Wallet,Lucknow,India,Mobile,MacOS,0,0,0,9,Friday,2026-05,0,0,-0.2556154025248542
TXN104105,2026-05-12 13:07:59,2026-05-12,3798.73,Entertainment,Mobile Wallet,Mumbai,India,Mobile,MacOS,1,1,0,13,Tuesday,2026-05,0,1,0.05589640353839065
TXN104106,2026-01-23 15:03:33,2026-01-23,3346.83,Electronics,Online,Ahmedabad,India,Digital,iOS,0,1,0,15,Friday,2026-01,0,0,-0.11835016258189601
TXN104107,2026-04-16 03:37:06,2026-04-16,546.75,Food & Dining,Online,Hyderabad,India,Digital,Windows,1,0,0,3,Thursday,2026-04,1,1,0.026684081386490588
TXN104108,2026-03-25 23:39:44,2026-03-25,389.46,Food & Dining,POS,Kolkata,India,In-Store,MacOS,0,0,0,23,Wednesday,2026-03,1,0,-0.15527525958056765
TXN104109,2026-05-23 01:30:35,2026-05-23,1000.86,Fashion,Mobile Wallet,Bengaluru,India,Mobile,Windows,1,0,0,1,Saturday,2026-05,1,1,0.010894002853298335
TXN104110,2026-04-26 02:21:33,2026-04-26,337.44,Grocery,POS,Jaipur,India,In-Store,iOS,0,0,0,2,Sunday,2026-04,1,0,-0.13417786448973346
TXN104111,2026-04-19 20:03:47,2026-04-19,551.6,Fashion,ATM,Chennai,India,ATM,Windows,0,0,0,20,Sunday,2026-04,0,0,-0.23647707104021537
TXN104112,2026-05-16 16:28:41,2026-05-16,634.87,Grocery,Bank Transfer,Chennai,India,Digital,Android,0,0,0,16,Saturday,2026-05,0,0,-0.2476053036320363
TXN104113,2026-02-10 00:46:03,2026-02-10,2694.32,Grocery,Bank Transfer,Bengaluru,India,Digital,iOS,0,0,0,0,Tuesday,2026-02,1,0,-0.17425210731765
TXN104114,2026-04-22 05:39:49,2026-04-22,3346.53,Fashion,POS,Jaipur,India,In-Store,iOS,0,0,0,5,Wednesday,2026-04,1,0,-0.14527133242927326
TXN104115,2026-05-27 08:44:58,2026-05-27,2703.93,Travel,POS,Bengaluru,India,In-Store,iOS,0,0,0,8,Wednesday,2026-05,0,0,-0.22872233772902878
TXN104116,2026-04-22 17:42:35,2026-04-22,567.28,Online Services,Mobile Wallet,Delhi,India,Mobile,iOS,0,0,0,17,Wednesday,2026-04,0,0,-0.24024202824127278
TXN104117,2026-04-13 09:57:05,2026-04-13,1024.01,Fashion,ATM,Jaipur,India,ATM,Android,0,1,0,9,Monday,2026-04,0,0,-0.1810521088981913
TXN104118,2026-02-15 04:42:14,2026-02-15,763.75,Utilities,Bank Transfer,Jaipur,India,Digital,Windows,1,0,0,4,Sunday,2026-02,1,1,0.017468955213653548
TXN104119,2026-06-05 01:32:54,2026-06-05,1300.64,Food & Dining,POS,Lucknow,India,In-Store,Android,0,1,0,1,Friday,2026-06,1,0,-0.11770248281229412
TXN104120,2026-03-09 10:36:19,2026-03-09,4827.29,Healthcare,ATM,Hyderabad,India,ATM,Android,0,0,0,10,Monday,2026-03,0,0,-0.14619742249014367
TXN104121,2026-05-02 00:26:27,2026-05-02,749.08,Travel,Online,Hyderabad,India,Digital,iOS,0,0,0,0,Saturday,2026-05,1,0,-0.20529257278283014
TXN104122,2026-01-15 11:53:02,2026-01-15,487.01,Jewelry,Online,Lucknow,India,Digital,Android,0,0,0,11,Thursday,2026-01,0,0,-0.2322729309075413
TXN104123,2026-06-14 15:06:52,2026-06-14,3861.8,Food & Dining,Bank Transfer,Pune,India,Digital,MacOS,0,0,0,15,Sunday,2026-06,0,0,-0.18522527719900805
TXN104124,2026-05-09 16:49:21,2026-05-09,2588.69,Online Services,POS,Jaipur,India,In-Store,Android,0,0,0,16,Saturday,2026-05,0,0,-0.23081028976426704
TXN104125,2026-04-21 21:27:04,2026-04-21,1438.92,Fashion,Bank Transfer,Ahmedabad,India,Digital,Android,0,0,0,21,Tuesday,2026-04,0,0,-0.25270137196137826
TXN104126,2026-01-24 01:13:29,2026-01-24,468.29,Grocery,Online,Lucknow,India,Digital,Android,0,0,0,1,Saturday,2026-01,1,0,-0.17985537522547745
TXN104127,2026-01-27 19:48:39,2026-01-27,2193.5,Healthcare,ATM,Bengaluru,India,ATM,Android,0,0,0,19,Tuesday,2026-01,0,0,-0.24265800957642192
TXN104128,2026-02-09 07:25:51,2026-02-09,957.61,Grocery,POS,Pune,India,In-Store,Android,0,0,0,7,Monday,2026-02,0,0,-0.25575565213844476
TXN104129,2026-06-13 10:36:14,2026-06-13,185.57,Food & Dining,ATM,Kolkata,India,ATM,iOS,0,0,0,10,Saturday,2026-06,0,0,-0.08760782421280544
TXN104130,2026-01-24 15:42:52,2026-01-24,719.8,Electronics,Online,Pune,India,Digital,Android,0,0,0,15,Saturday,2026-01,0,0,-0.2483050949672339
TXN104131,2026-01-24 17:03:36,2026-01-24,1582.46,Entertainment,Bank Transfer,Bengaluru,India,Digital,Windows,0,1,0,17,Saturday,2026-01,0,0,-0.18014823695866483
TXN104132,2026-01-04 03:20:41,2026-01-04,922.49,Jewelry,Bank Transfer,Jaipur,India,Digital,Windows,0,0,0,3,Sunday,2026-01,1,0,-0.21467740155182635
TXN104133,2026-03-08 06:27:07,2026-03-08,1648.32,Food & Dining,Online,Hyderabad,India,Digital,Android,0,0,0,6,Sunday,2026-03,0,0,-0.2531710871809636
TXN104134,2026-02-03 09:46:41,2026-02-03,1592.75,Utilities,POS,Delhi,India,In-Store,MacOS,0,1,0,9,Tuesday,2026-02,0,0,-0.17956141589628188
TXN104135,2026-06-26 10:01:09,2026-06-26,457.3,Food & Dining,ATM,Jaipur,India,ATM,Windows,0,0,0,10,Friday,2026-06,0,0,-0.22844554107538695
TXN104136,2026-06-30 22:49:50,2026-06-30,1895.51,Food & Dining,Bank Transfer,Bengaluru,India,Digital,Android,0,0,0,22,Tuesday,2026-06,0,0,-0.2523767832201754
TXN104137,2026-04-26 07:19:30,2026-04-26,2038.98,Jewelry,Bank Transfer,Pune,India,Digital,MacOS,0,0,0,7,Sunday,2026-04,0,0,-0.24873653784651145
TXN104138,2026-01-23 03:13:06,2026-01-23,1070.19,Online Services,Bank Transfer,Chennai,India,Digital,Windows,0,0,0,3,Friday,2026-01,1,0,-0.22285076360285155
TXN104139,2026-04-19 13:57:11,2026-04-19,1109.73,Utilities,POS,Delhi,India,In-Store,Windows,0,1,1,13,Sunday,2026-04,0,0,-0.18404501521494032
TXN104140,2026-03-10 01:28:42,2026-03-10,1105.5,Travel,POS,Mumbai,India,In-Store,iOS,0,0,0,1,Tuesday,2026-03,1,0,-0.22250573486301073
TXN104141,2026-04-05 18:08:14,2026-04-05,3678.22,Food & Dining,Online,Jaipur,India,Digital,iOS,0,0,0,18,Sunday,2026-04,0,0,-0.19543568336758593
TXN104142,2026-06-30 22:04:28,2026-06-30,3133.83,Electronics,Online,Bengaluru,India,Digital,MacOS,0,0,0,22,Tuesday,2026-06,0,0,-0.21231961845710384
TXN104143,2026-03-03 08:08:19,2026-03-03,1211.93,Fashion,Bank Transfer,Kolkata,India,Digital,iOS,0,0,0,8,Tuesday,2026-03,0,0,-0.2621341793716361
TXN104144,2026-06-18 19:39:53,2026-06-18,1597.4,Food & Dining,Online,Jaipur,India,Digital,Android,0,0,0,19,Thursday,2026-06,0,0,-0.2531517273439334
TXN104145,2026-02-26 12:55:01,2026-02-26,1570.48,Online Services,Mobile Wallet,Jaipur,India,Mobile,Android,1,0,0,12,Thursday,2026-02,0,0,-0.05117680656070778
TXN104146,2026-02-23 15:52:14,2026-02-23,1013.25,Online Services,Bank Transfer,Lucknow,India,Digital,Android,0,0,0,15,Monday,2026-02,0,0,-0.25554358507381564
TXN104147,2026-03-11 02:42:57,2026-03-11,376.84,Fashion,Mobile Wallet,Pune,India,Mobile,Android,0,0,0,2,Wednesday,2026-03,1,0,-0.15132168995663553
TXN104148,2026-04-11 03:07:29,2026-04-11,1196.28,Grocery,Mobile Wallet,Ahmedabad,India,Mobile,Android,0,0,0,3,Saturday,2026-04,1,0,-0.21775924953554088
TXN104149,2026-02-26 05:56:30,2026-02-26,1759.21,Online Services,POS,Jaipur,India,In-Store,Android,0,0,1,5,Thursday,2026-02,1,0,-0.20716996342883037
TXN104150,2026-05-18 05:39:29,2026-05-18,1383.72,Electronics,Mobile Wallet,Bengaluru,India,Mobile,Android,0,0,0,5,Monday,2026-05,1,0,-0.21147369042567188
TXN104151,2026-06-17 03:34:41,2026-06-17,736.1,Entertainment,Online,Pune,India,Digital,iOS,0,1,0,3,Wednesday,2026-06,1,0,-0.10011771335948438
TXN104152,2026-05-15 02:39:47,2026-05-15,937.91,Grocery,Online,Chennai,India,Digital,iOS,0,0,0,2,Friday,2026-05,1,0,-0.21571383762146884
TXN104153,2026-04-13 20:38:47,2026-04-13,2426.85,Fashion,Bank Transfer,Kolkata,India,Digital,Android,0,1,0,20,Monday,2026-04,0,0,-0.15572449127245558
TXN104154,2026-06-15 02:10:33,2026-06-15,284.72,Jewelry,Online,Kolkata,India,Digital,Android,0,1,0,2,Monday,2026-06,1,0,-0.04022794452282852
TXN104155,2026-03-26 13:03:33,2026-03-26,604.86,Grocery,Mobile Wallet,Jaipur,India,Mobile,Android,0,0,0,13,Thursday,2026-03,0,0,-0.2437743104232768
TXN104156,2026-03-02 17:40:20,2026-03-02,1218.57,Fashion,Bank Transfer,Mumbai,India,Digital,iOS,0,0,0,17,Monday,2026-03,0,0,-0.26187003791464436
TXN104157,2026-01-03 04:22:34,2026-01-03,2519.24,Travel,Bank Transfer,Pune,India,Digital,Android,0,0,0,4,Saturday,2026-01,1,0,-0.18529575009802357
TXN104158,2026-05-08 21:41:53,2026-05-08,4683.63,Online Services,Online,Chennai,India,Digital,Windows,0,0,0,21,Friday,2026-05,0,0,-0.15288216317384057
TXN104159,2026-06-28 09:48:02,2026-06-28,2234.13,Online Services,Bank Transfer,Hyderabad,India,Digital,MacOS,0,1,0,9,Sunday,2026-06,0,0,-0.1612323480394829
TXN104160,2026-03-27 10:12:17,2026-03-27,682.52,Electronics,Online,Lucknow,India,Digital,Android,0,0,0,10,Friday,2026-03,0,0,-0.24656130663680992
TXN104161,2026-02-16 06:42:04,2026-02-16,267.89,Grocery,Mobile Wallet,Mumbai,India,Mobile,Android,0,0,0,6,Monday,2026-02,0,0,-0.16103204709508284
TXN104162,2026-03-17 19:28:22,2026-03-17,4887.16,Entertainment,Online,Hyderabad,India,Digital,Windows,0,0,0,19,Tuesday,2026-03,0,0,-0.14266296652913157
TXN104163,2026-02-07 00:36:36,2026-02-07,2531.14,Fashion,Bank Transfer,Lucknow,India,Digital,iOS,0,0,0,0,Saturday,2026-02,1,0,-0.18450507840180586
TXN104164,2026-06-13 17:05:27,2026-06-13,1232.45,Healthcare,Online,Kolkata,India,Digital,Android,0,0,0,17,Saturday,2026-06,0,0,-0.26106678830410956
TXN104165,2026-06-18 23:43:15,2026-06-18,998.72,Grocery,Online,Hyderabad,India,Digital,Android,0,0,0,23,Thursday,2026-06,1,0,-0.2206956773142465
TXN104166,2026-05-21 03:09:05,2026-05-21,1037.66,Electronics,POS,Mumbai,India,In-Store,iOS,0,0,0,3,Thursday,2026-05,1,0,-0.22374066174810137
TXN104167,2026-03-28 09:27:57,2026-03-28,431.43,Healthcare,Online,Lucknow,India,Digital,Android,0,1,0,9,Saturday,2026-03,0,0,-0.13382232669701022
TXN104168,2026-02-27 18:26:40,2026-02-27,4614.08,Electronics,Bank Transfer,Mumbai,India,Digital,Android,0,0,0,18,Friday,2026-02,0,0,-0.15414802315988885
TXN104169,2026-02-19 03:20:55,2026-02-19,544.63,Online Services,Online,Mumbai,India,Digital,iOS,0,0,0,3,Thursday,2026-02,1,0,-0.1877040506200428
TXN104170,2026-01-30 23:41:23,2026-01-30,1245.04,Grocery,POS,Lucknow,India,In-Store,iOS,0,0,0,23,Friday,2026-01,1,0,-0.2175951847939206
TXN104171,2026-04-11 12:21:24,2026-04-11,768.07,Electronics,POS,Chennai,India,In-Store,Android,0,1,0,12,Saturday,2026-04,0,0,-0.18655182536469006
TXN104172,2026-01-25 21:31:54,2026-01-25,1791.75,Jewelry,Online,Kolkata,India,Digital,iOS,0,0,0,21,Sunday,2026-01,0,0,-0.25094246710037144
TXN104173,2026-04-22 09:56:11,2026-04-22,927.62,Fashion,POS,Jaipur,India,In-Store,Android,0,0,0,9,Wednesday,2026-04,0,0,-0.2594487904489545
TXN104174,2026-06-04 16:00:54,2026-06-04,853.61,Healthcare,Bank Transfer,Ahmedabad,India,Digital,Android,0,0,0,16,Thursday,2026-06,0,0,-0.2571618498171467
TXN104175,2026-06-28 12:55:40,2026-06-28,2616.9,Electronics,Online,Delhi,India,Digital,Android,0,1,0,12,Sunday,2026-06,0,0,-0.14725003296343697
TXN104176,2026-05-06 23:05:51,2026-05-06,846.62,Entertainment,Online,Jaipur,India,Digital,iOS,0,0,0,23,Wednesday,2026-05,1,0,-0.20464270948308416
TXN104177,2026-05-03 08:09:37,2026-05-03,3390.6,Healthcare,POS,Hyderabad,India,In-Store,iOS,0,0,0,8,Sunday,2026-05,0,0,-0.20043115791052774
TXN104178,2026-02-16 13:46:13,2026-02-16,408.81,Travel,POS,Lucknow,India,In-Store,Windows,0,0,0,13,Monday,2026-02,0,0,-0.2131225452847479
TXN104179,2026-04-28 11:52:13,2026-04-28,898.29,Utilities,POS,Chennai,India,In-Store,Android,0,0,0,11,Tuesday,2026-04,0,0,-0.26015657391614944
TXN104180,2026-02-08 03:16:00,2026-02-08,551.28,Entertainment,POS,Chennai,India,In-Store,MacOS,0,1,0,3,Sunday,2026-02,1,0,-0.08067226508245606
TXN104181,2026-01-16 07:09:22,2026-01-16,1123.99,Fashion,Bank Transfer,Hyderabad,India,Digital,iOS,0,1,0,7,Friday,2026-01,0,0,-0.18413908535059192
TXN104182,2026-01-22 14:09:46,2026-01-22,365.54,Food & Dining,Online,Pune,India,Digital,Android,0,0,0,14,Thursday,2026-01,0,0,-0.19823218422379296
TXN104183,2026-02-23 09:32:12,2026-02-23,1800.16,Food & Dining,POS,Mumbai,India,In-Store,Android,0,0,0,9,Monday,2026-02,0,0,-0.2512454184180431
TXN104184,2026-05-29 11:08:20,2026-05-29,1949.49,Electronics,POS,Delhi,India,In-Store,Android,0,0,0,11,Friday,2026-05,0,0,-0.2491717437459725
TXN104185,2026-01-16 01:22:24,2026-01-16,3659.06,Fashion,ATM,Hyderabad,India,ATM,Android,0,0,0,1,Friday,2026-01,1,0,-0.13205697565017815
TXN104186,2026-02-28 13:33:45,2026-02-28,2160.14,Fashion,Mobile Wallet,Hyderabad,India,Mobile,MacOS,0,0,0,13,Saturday,2026-02,0,0,-0.24393553000158263
TXN104187,2026-01-31 03:51:17,2026-01-31,2140.66,Fashion,POS,Ahmedabad,India,In-Store,Android,0,1,0,3,Saturday,2026-01,1,0,-0.10099497178932704
TXN104188,2026-06-19 08:19:50,2026-06-19,1890.46,Utilities,Mobile Wallet,Jaipur,India,Mobile,Android,0,0,0,8,Friday,2026-06,0,0,-0.25221522226909626
TXN104189,2026-02-01 15:21:23,2026-02-01,921.09,Food & Dining,POS,Hyderabad,India,In-Store,iOS,0,0,0,15,Sunday,2026-02,0,0,-0.2594053133334155
TXN104190,2026-06-11 00:54:18,2026-06-11,4004.23,Jewelry,Online,Pune,India,Digital,Android,0,1,0,0,Thursday,2026-06,1,0,-0.036986226225950825
TXN104191,2026-01-09 08:47:09,2026-01-09,1708.65,Travel,Online,Hyderabad,India,Digital,Unknown,0,0,0,8,Friday,2026-01,0,0,-0.2547312735299275
TXN104192,2026-05-19 10:26:19,2026-05-19,7935.08,Fashion,POS,Hyderabad,India,In-Store,Android,0,0,0,10,Tuesday,2026-05,0,0,-0.051939079991690895
TXN104193,2026-01-10 06:22:38,2026-01-10,4460.48,Utilities,POS,Jaipur,India,In-Store,Android,0,0,0,6,Saturday,2026-01,0,0,-0.16301220752327406
TXN104194,2026-01-17 10:57:45,2026-01-17,1447.06,Food & Dining,Online,Hyderabad,India,Digital,Windows,0,0,0,10,Saturday,2026-01,0,0,-0.25264575086531565
TXN104195,2026-03-09 23:50:53,2026-03-09,1504.89,Food & Dining,POS,Pune,India,In-Store,Android,0,1,0,23,Monday,2026-03,1,0,-0.114091535715385
TXN104196,2026-02-17 04:22:55,2026-02-17,2133.68,Grocery,POS,Jaipur,India,In-Store,Android,0,0,0,4,Tuesday,2026-02,1,0,-0.19554669779446132
TXN104197,2026-06-29 21:16:15,2026-06-29,3893.41,Fashion,Online,Bengaluru,India,Digital,Android,0,0,0,21,Monday,2026-06,0,0,-0.18474528455067935
TXN104198,2026-04-21 09:30:07,2026-04-21,321.2,Travel,Online,Kolkata,India,Digital,Android,0,0,0,9,Tuesday,2026-04,0,0,-0.1851513351984691
TXN104199,2026-06-02 06:15:53,2026-06-02,3133.57,Jewelry,Mobile Wallet,Kolkata,India,Mobile,iOS,0,0,0,6,Tuesday,2026-06,0,0,-0.21231961845710384
TXN104200,2026-05-03 14:53:52,2026-05-03,1478.2,Travel,POS,Mumbai,India,In-Store,Windows,0,1,0,14,Sunday,2026-05,0,0,-0.17816078385559597
TXN104201,2026-05-29 00:00:55,2026-05-29,2602.55,Online Services,Bank Transfer,Delhi,India,Digital,Android,0,0,0,0,Friday,2026-05,1,0,-0.18058223539187057
TXN104202,2026-04-11 09:07:53,2026-04-11,616.82,Healthcare,ATM,Chennai,India,ATM,iOS,0,0,0,9,Saturday,2026-04,0,0,-0.24790520482868428
TXN104203,2026-04-12 22:25:20,2026-04-12,594.96,Fashion,POS,Ahmedabad,India,In-Store,iOS,0,1,0,22,Sunday,2026-04,0,0,-0.17041669556164718
TXN104204,2026-03-06 18:23:25,2026-03-06,1438.68,Food & Dining,Online,Pune,India,Digital,Windows,0,0,0,18,Friday,2026-03,0,0,-0.25270137196137826
TXN104205,2026-02-20 21:43:19,2026-02-20,2394.51,Online Services,POS,Kolkata,India,In-Store,iOS,0,0,0,21,Friday,2026-02,0,0,-0.2391102314920997
TXN104206,2026-02-05 07:01:58,2026-02-05,409.44,Online Services,ATM,Bengaluru,India,ATM,iOS,0,0,0,7,Thursday,2026-02,0,0,-0.2131225452847479
TXN104207,2026-03-22 09:22:14,2026-03-22,797.16,Electronics,POS,Pune,India,In-Store,iOS,0,0,0,9,Sunday,2026-03,0,0,-0.25514651917367887
TXN104208,2026-05-07 22:50:27,2026-05-07,420.66,Fashion,Online,Jaipur,India,Digital,iOS,0,0,0,22,Thursday,2026-05,0,0,-0.21539906866213643
TXN104209,2026-03-29 05:08:42,2026-03-29,1532.3,Fashion,Online,Bengaluru,India,Digital,Android,0,1,0,5,Sunday,2026-03,1,0,-0.11409564528019245
TXN104210,2026-04-14 03:14:16,2026-04-14,5403.82,Grocery,Mobile Wallet,Pune,India,Mobile,iOS,0,1,0,3,Tuesday,2026-04,1,0,-0.015335140115396828
TXN104211,2026-01-15 04:24:53,2026-01-15,838.79,Entertainment,POS,Kolkata,India,In-Store,iOS,0,0,0,4,Thursday,2026-01,1,0,-0.2058693316924382
TXN104212,2026-04-06 04:34:53,2026-04-06,2053.88,Online Services,ATM,Chennai,India,ATM,Android,0,0,0,4,Monday,2026-04,1,0,-0.19543439449707045
TXN104213,2026-06-16 01:00:32,2026-06-16,1208.63,Fashion,POS,Lucknow,India,In-Store,Android,0,0,0,1,Tuesday,2026-06,1,0,-0.21793407877420523
TXN104214,2026-05-03 17:09:39,2026-05-03,1473.12,Healthcare,Mobile Wallet,Ahmedabad,India,Mobile,iOS,0,0,0,17,Sunday,2026-05,0,0,-0.2538691632353677
TXN104215,2026-01-01 10:40:52,2026-01-01,680.63,Entertainment,POS,Ahmedabad,India,In-Store,Windows,0,0,0,10,Thursday,2026-01,0,0,-0.24579481874656506
TXN104216,2026-05-31 03:41:06,2026-05-31,1851.57,Fashion,POS,Pune,India,In-Store,Android,0,0,0,3,Sunday,2026-05,1,0,-0.20029482791631908
TXN104217,2026-05-02 17:06:47,2026-05-02,933.58,Electronics,Mobile Wallet,Kolkata,India,Mobile,Windows,0,0,0,17,Saturday,2026-05,0,0,-0.259329843243434
TXN104218,2026-06-16 04:42:20,2026-06-16,4597.92,Healthcare,Bank Transfer,Bengaluru,India,Digital,Windows,0,2,0,4,Tuesday,2026-06,1,1,0.07217544081983529
TXN104219,2026-05-06 06:40:03,2026-05-06,728.72,Online Services,Online,Kolkata,India,Digital,Android,0,1,0,6,Wednesday,2026-05,0,0,-0.18409029617352674
TXN104220,2026-02-26 09:40:15,2026-02-26,2399.5,Healthcare,Online,Kolkata,India,Digital,Android,0,0,0,9,Thursday,2026-02,0,0,-0.2382305954486128
TXN104221,2026-03-22 08:34:29,2026-03-22,5318.16,Grocery,Bank Transfer,Hyderabad,India,Digital,Android,0,0,0,8,Sunday,2026-03,0,0,-0.12578602134960493
TXN104222,2026-06-11 13:41:37,2026-06-11,2838.26,Electronics,Mobile Wallet,Lucknow,India,Mobile,MacOS,0,1,0,13,Thursday,2026-06,0,0,-0.13601879280773976
TXN104223,2026-06-18 16:41:47,2026-06-18,532.76,Grocery,POS,Hyderabad,India,In-Store,Windows,0,0,0,16,Thursday,2026-06,0,0,-0.234556280226437
TXN104224,2026-03-14 22:59:53,2026-03-14,493.8,Food & Dining,POS,Bengaluru,India,In-Store,Android,0,0,0,22,Saturday,2026-03,0,0,-0.23307339745543282
TXN104225,2026-05-21 04:38:02,2026-05-21,1575.98,Utilities,ATM,Lucknow,India,ATM,Android,0,0,0,4,Thursday,2026-05,1,0,-0.2075340099328154
TXN104226,2026-03-11 05:27:02,2026-03-11,1152.25,Grocery,POS,Kolkata,India,In-Store,Windows,0,0,0,5,Wednesday,2026-03,1,0,-0.2212838663726167
TXN104227,2026-01-06 08:26:48,2026-01-06,3493.65,Online Services,Bank Transfer,Chennai,India,Digital,Android,0,0,0,8,Tuesday,2026-01,0,0,-0.1989324905751308
TXN104228,2026-03-25 02:27:17,2026-03-25,2853.19,Food & Dining,Online,Bengaluru,India,Digital,MacOS,0,0,0,2,Wednesday,2026-03,1,0,-0.16637804633367737
TXN104229,2026-02-21 17:50:10,2026-02-21,1176.05,Healthcare,Mobile Wallet,Pune,India,Mobile,iOS,0,0,0,17,Saturday,2026-02,0,0,-0.25897162237322174
TXN104230,2026-01-03 04:16:47,2026-01-03,663.11,Jewelry,Bank Transfer,Pune,India,Digital,Windows,0,0,0,4,Saturday,2026-01,1,0,-0.19613269689373758
TXN104231,2026-03-22 08:08:29,2026-03-22,1294.65,Grocery,ATM,Pune,India,ATM,Unknown,0,0,0,8,Sunday,2026-03,0,0,-0.25960031081008184
TXN104232,2026-03-04 19:58:38,2026-03-04,3697.71,Online Services,POS,Delhi,India,In-Store,Android,0,0,0,19,Wednesday,2026-03,0,0,-0.19446519617212826
TXN104233,2026-02-18 05:14:55,2026-02-18,1128.39,Grocery,Online,Lucknow,India,Digital,Android,0,0,0,5,Wednesday,2026-02,1,0,-0.2230806297532752
TXN104234,2026-03-17 00:06:10,2026-03-17,22927.59,Fashion,POS,Kolkata,India,In-Store,MacOS,0,0,0,0,Tuesday,2026-03,1,1,0.01265118361369899
TXN104235,2026-04-22 00:08:06,2026-04-22,2226.33,Online Services,ATM,Kolkata,India,ATM,Android,0,0,0,0,Wednesday,2026-04,1,0,-0.19162985489368534
TXN104236,2026-06-24 06:36:02,2026-06-24,2062.97,Online Services,ATM,Lucknow,India,ATM,Android,0,0,0,6,Wednesday,2026-06,0,0,-0.24954908812853088
TXN104237,2026-04-19 07:23:33,2026-04-19,708.89,Food & Dining,POS,Hyderabad,India,In-Store,Windows,0,1,0,7,Sunday,2026-04,0,0,-0.18376663068875154
TXN104238,2026-03-06 00:53:16,2026-03-06,992.11,Entertainment,ATM,Pune,India,ATM,MacOS,0,0,0,0,Friday,2026-03,1,0,-0.2201883147121122
TXN104239,2026-03-22 21:12:29,2026-03-22,1665.46,Healthcare,Bank Transfer,Hyderabad,India,Digital,Android,0,1,0,21,Sunday,2026-03,0,0,-0.1775826468759279
TXN104240,2026-01-15 18:00:39,2026-01-15,1070.87,Online Services,Online,Hyderabad,India,Digital,iOS,0,0,0,18,Thursday,2026-01,0,0,-0.26126789324577643
TXN104241,2026-04-10 11:38:36,2026-04-10,3007.33,Grocery,POS,Pune,India,In-Store,Android,1,1,0,11,Friday,2026-04,0,1,0.04791854728561051
TXN104242,2026-02-01 02:22:52,2026-02-01,1300.71,Utilities,Bank Transfer,Jaipur,India,Digital,Windows,0,0,0,2,Sunday,2026-02,1,0,-0.21744767555383
TXN104243,2026-04-06 07:50:25,2026-04-06,684.13,Food & Dining,POS,Kolkata,India,In-Store,Android,0,0,0,7,Monday,2026-04,0,0,-0.24686084791487473
TXN104244,2026-05-08 12:44:13,2026-05-08,1454.42,Food & Dining,ATM,Delhi,India,ATM,Android,0,0,0,12,Friday,2026-05,0,0,-0.2532992318026616
TXN104245,2026-05-26 13:43:10,2026-05-26,848.2,Fashion,POS,Pune,India,In-Store,Android,0,0,0,13,Tuesday,2026-05,0,0,-0.25747932400603535
TXN104246,2026-04-23 08:57:55,2026-04-23,1959.16,Food & Dining,Mobile Wallet,Chennai,India,Mobile,iOS,0,0,0,8,Thursday,2026-04,0,0,-0.24770066174428806
TXN104247,2026-03-24 20:06:19,2026-03-24,752.11,Jewelry,Online,Pune,India,Digital,Android,0,0,0,20,Tuesday,2026-03,0,0,-0.2516910813162089
TXN104248,2026-02-12 00:18:25,2026-02-12,5009.63,Food & Dining,POS,Ahmedabad,India,In-Store,iOS,0,1,0,0,Thursday,2026-02,1,0,-0.02194288384935672
TXN104249,2026-04-26 16:38:16,2026-04-26,347.06,Jewelry,Online,Ahmedabad,India,Digital,iOS,0,1,0,16,Sunday,2026-04,0,0,-0.11276614824988596
TXN104250,2026-06-12 12:00:09,2026-06-12,880.58,Electronics,Online,Bengaluru,India,Digital,MacOS,1,0,1,12,Friday,2026-06,0,0,-0.05437203231142218
TXN104251,2026-03-19 11:48:07,2026-03-19,1332.77,Healthcare,POS,Jaipur,India,In-Store,iOS,0,1,0,11,Thursday,2026-03,0,0,-0.18618385702236379
TXN104252,2026-02-27 05:00:51,2026-02-27,783.01,Utilities,Online,Pune,India,Digital,Android,0,0,0,5,Friday,2026-02,1,0,-0.20855301363588724
TXN104253,2026-02-02 21:30:00,2026-02-02,190.15,Healthcare,Mobile Wallet,Kolkata,India,Mobile,Android,0,0,0,21,Monday,2026-02,0,0,-0.09408561519114256
TXN104254,2026-01-14 18:36:01,2026-01-14,5442.66,Entertainment,Mobile Wallet,Jaipur,India,Mobile,MacOS,0,0,1,18,Wednesday,2026-01,0,0,-0.12183827517365364
TXN104255,2026-06-11 16:42:36,2026-06-11,2133.39,Food & Dining,POS,Kolkata,India,In-Store,MacOS,0,0,0,16,Thursday,2026-06,0,0,-0.24547741274089457
TXN104256,2026-05-12 15:52:55,2026-05-12,436.57,Online Services,ATM,Lucknow,India,ATM,Android,0,0,0,15,Tuesday,2026-05,0,0,-0.22103639290825644
TXN104257,2026-02-28 01:54:09,2026-02-28,489.64,Utilities,POS,Jaipur,India,In-Store,Windows,0,1,0,1,Saturday,2026-02,1,0,-0.07506314297518624
TXN104258,2026-06-06 05:16:16,2026-06-06,367.1,Grocery,Bank Transfer,Mumbai,India,Digital,Android,0,0,0,5,Saturday,2026-06,1,0,-0.14793742685517708
TXN104259,2026-03-24 15:47:46,2026-03-24,1060.68,Online Services,ATM,Mumbai,India,ATM,Windows,0,0,0,15,Tuesday,2026-03,0,0,-0.2592789570275654
TXN104260,2026-05-14 13:04:38,2026-05-14,3860.17,Fashion,Online,Bengaluru,India,Digital,Android,1,0,1,13,Thursday,2026-05,0,1,0.0037792870961100844
TXN104261,2026-05-01 08:38:33,2026-05-01,942.57,Travel,Bank Transfer,Jaipur,India,Digital,iOS,0,2,0,8,Friday,2026-05,0,0,-0.014145767607171789
TXN104262,2026-06-26 04:16:41,2026-06-26,825.15,Online Services,Bank Transfer,Mumbai,India,Digital,iOS,0,0,0,4,Friday,2026-06,1,0,-0.2051819933364556
TXN104263,2026-06-17 03:34:44,2026-06-17,2579.88,Fashion,POS,Mumbai,India,In-Store,Windows,0,1,0,3,Wednesday,2026-06,1,0,-0.08321114969743049
TXN104264,2026-03-24 23:26:00,2026-03-24,1538.13,Utilities,Mobile Wallet,Chennai,India,Mobile,Windows,0,0,0,23,Tuesday,2026-03,1,0,-0.20960138518310067
TXN104265,2026-01-27 10:26:03,2026-01-27,1136.66,Travel,Mobile Wallet,Ahmedabad,India,Mobile,Android,0,0,0,10,Tuesday,2026-01,0,0,-0.2610589272633573
TXN104266,2026-03-21 09:33:34,2026-03-21,2145.32,Grocery,POS,Delhi,India,In-Store,MacOS,0,1,0,9,Saturday,2026-03,0,0,-0.16359231585855488
TXN104267,2026-05-14 04:29:02,2026-05-14,290.26,Food & Dining,ATM,Hyderabad,India,ATM,iOS,0,0,0,4,Thursday,2026-05,1,0,-0.11049962634552946
TXN104268,2026-01-13 19:51:32,2026-01-13,1739.83,Grocery,Mobile Wallet,Pune,India,Mobile,iOS,0,0,0,19,Tuesday,2026-01,0,0,-0.25326096354492517
TXN104269,2026-03-05 22:04:24,2026-03-05,3331.85,Utilities,Online,Mumbai,India,Digital,MacOS,0,0,0,22,Thursday,2026-03,0,0,-0.20328585214158718
TXN104270,2026-05-27 20:54:17,2026-05-27,443.79,Travel,POS,Hyderabad,India,In-Store,Android,0,1,0,20,Wednesday,2026-05,0,0,-0.13947139322696334
TXN104271,2026-03-21 21:18:13,2026-03-21,886.95,Fashion,Online,Hyderabad,India,Digital,Android,0,0,0,21,Saturday,2026-03,0,0,-0.260362464362561
TXN104272,2026-05-03 09:45:35,2026-05-03,251.16,Grocery,Mobile Wallet,Jaipur,India,Mobile,MacOS,0,0,0,9,Sunday,2026-05,0,0,-0.14820573551223404
TXN104273,2026-02-12 20:03:52,2026-02-12,844.97,Travel,Bank Transfer,Jaipur,India,Digital,Android,0,1,0,20,Thursday,2026-02,0,0,-0.18701241794063472
TXN104274,2026-03-30 07:44:22,2026-03-30,713.22,Utilities,Online,Pune,India,Digital,Windows,0,0,0,7,Monday,2026-03,0,0,-0.24818165875810666
TXN104275,2026-05-28 01:26:30,2026-05-28,4679.97,Electronics,Mobile Wallet,Ahmedabad,India,Mobile,Windows,0,0,0,1,Thursday,2026-05,1,0,-0.09140932540776225
TXN104276,2026-04-05 19:29:59,2026-04-05,826.32,Entertainment,Bank Transfer,Lucknow,India,Digital,Android,0,0,0,19,Sunday,2026-04,0,0,-0.2567964543166262
TXN104277,2026-06-21 01:12:11,2026-06-21,1514.56,Online Services,Mobile Wallet,Hyderabad,India,Mobile,Windows,0,2,0,1,Sunday,2026-06,1,1,0.03195121904576037
TXN104278,2026-05-31 14:29:46,2026-05-31,3503.11,Healthcare,Online,Lucknow,India,Digital,Android,0,0,0,14,Sunday,2026-05,0,0,-0.1989324905751308
TXN104279,2026-01-02 12:24:08,2026-01-02,208.14,Utilities,POS,Ahmedabad,India,In-Store,iOS,0,0,0,12,Friday,2026-01,0,0,-0.11021072063489523
TXN104280,2026-04-30 07:55:49,2026-04-30,4210.02,Grocery,Bank Transfer,Bengaluru,India,Digital,iOS,0,0,1,7,Thursday,2026-04,0,0,-0.17302211690461755
TXN104281,2026-01-22 22:43:02,2026-01-22,492.98,Travel,POS,Delhi,India,In-Store,Android,0,0,0,22,Thursday,2026-01,0,0,-0.23355399667109222
TXN104282,2026-04-25 07:09:21,2026-04-25,502.42,Online Services,ATM,Pune,India,ATM,MacOS,0,0,0,7,Saturday,2026-04,0,0,-0.23283184363943027
TXN104283,2026-02-26 00:54:22,2026-02-26,599.8,Healthcare,Bank Transfer,Chennai,India,Digital,iOS,0,1,0,0,Thursday,2026-02,1,0,-0.08616883432952438
TXN104284,2026-03-13 14:14:19,2026-03-13,803.46,Entertainment,POS,Ahmedabad,India,In-Store,iOS,1,1,0,14,Friday,2026-03,0,1,0.027366866313144333
TXN104285,2026-01-07 20:09:32,2026-01-07,522.16,Entertainment,Mobile Wallet,Mumbai,India,Mobile,Windows,0,0,0,20,Wednesday,2026-01,0,0,-0.23307540330215026
TXN104286,2026-04-29 14:51:12,2026-04-29,854.76,Fashion,Online,Lucknow,India,Digital,Android,0,0,0,14,Wednesday,2026-04,0,0,-0.25691404570143067
TXN104287,2026-04-24 23:31:07,2026-04-24,2578.43,Grocery,Online,Bengaluru,India,Digital,iOS,0,0,0,23,Friday,2026-04,1,0,-0.18142374276903223
TXN104288,2026-01-16 01:17:57,2026-01-16,1752.96,Utilities,Online,Kolkata,India,Digital,MacOS,0,2,0,1,Friday,2026-01,1,1,0.03197837809476223
TXN104289,2026-03-24 20:25:08,2026-03-24,10459.46,Healthcare,POS,Lucknow,India,In-Store,Android,0,0,0,20,Tuesday,2026-03,0,0,-0.031804384937627495
TXN104290,2026-06-28 22:27:45,2026-06-28,1379.25,Food & Dining,POS,Hyderabad,India,In-Store,Windows,0,0,0,22,Sunday,2026-06,0,0,-0.2565967771227333
TXN104291,2026-03-13 14:03:37,2026-03-13,1919.88,Online Services,Bank Transfer,Lucknow,India,Digital,Unknown,0,0,0,14,Friday,2026-03,0,0,-0.24861955159651605
TXN104292,2026-05-04 23:53:49,2026-05-04,3248.68,Fashion,ATM,Chennai,India,ATM,Android,0,1,0,23,Monday,2026-05,1,0,-0.05807822641023852
TXN104293,2026-04-23 05:09:55,2026-04-23,461.22,Travel,POS,Ahmedabad,India,In-Store,Android,0,0,0,5,Thursday,2026-04,1,0,-0.17729374891675076
TXN104294,2026-01-12 16:42:28,2026-01-12,3189.69,Online Services,ATM,Mumbai,India,ATM,Windows,0,0,0,16,Monday,2026-01,0,0,-0.20787237338318093
TXN104295,2026-05-06 13:02:06,2026-05-06,542.27,Utilities,Online,Mumbai,India,Digital,Android,0,1,0,13,Wednesday,2026-05,0,0,-0.16225932222294825
TXN104296,2026-02-22 20:54:31,2026-02-22,1670.55,Food & Dining,Online,Unknown,India,Digital,Windows,0,1,0,20,Sunday,2026-02,0,0,-0.17846181049812704
TXN104297,2026-03-16 09:34:17,2026-03-16,2467.73,Electronics,ATM,Jaipur,India,ATM,Android,0,1,0,9,Monday,2026-03,0,0,-0.1547931618027213
TXN104298,2026-05-13 11:48:51,2026-05-13,249.8,Electronics,ATM,Hyderabad,India,ATM,iOS,0,0,0,11,Wednesday,2026-05,0,0,-0.1464750688786599
TXN104299,2026-01-27 20:21:03,2026-01-27,851.97,Entertainment,Bank Transfer,Ahmedabad,India,Digital,Android,0,1,0,20,Tuesday,2026-01,0,0,-0.1861671954178412
TXN104300,2026-05-20 20:21:40,2026-05-20,1080.89,Fashion,POS,Lucknow,India,In-Store,Windows,0,2,0,20,Wednesday,2026-05,0,0,-0.014141003506550676
TXN104301,2026-05-25 17:32:51,2026-05-25,466.16,Online Services,Bank Transfer,Kolkata,India,Digital,Windows,0,0,0,17,Monday,2026-05,0,0,-0.23151283713097198
TXN104302,2026-05-14 12:42:51,2026-05-14,1490.58,Jewelry,Bank Transfer,Delhi,India,Digital,MacOS,0,2,0,12,Thursday,2026-05,0,0,-0.016117526088675116
TXN104303,2026-04-07 18:25:54,2026-04-07,4434.12,Utilities,Mobile Wallet,Chennai,India,Mobile,iOS,0,0,0,18,Tuesday,2026-04,0,0,-0.164274109468743
TXN104304,2026-01-05 10:21:29,2026-01-05,525.28,Fashion,Online,Jaipur,India,Digital,Android,0,0,0,10,Monday,2026-01,0,0,-0.2324990761813998
TXN104305,2026-02-26 09:24:52,2026-02-26,2949.42,Utilities,POS,Jaipur,India,In-Store,Windows,0,0,0,9,Thursday,2026-02,0,0,-0.2159324368419091
TXN104306,2026-06-05 19:46:36,2026-06-05,1691.4,Fashion,ATM,Bengaluru,India,ATM,Android,0,0,0,19,Friday,2026-06,0,0,-0.25505584418823996
TXN104307,2026-03-19 10:40:09,2026-03-19,385.91,Electronics,Mobile Wallet,Bengaluru,India,Mobile,MacOS,1,0,0,10,Thursday,2026-03,0,0,-0.01996256374167349
TXN104308,2026-03-10 09:34:30,2026-03-10,817.83,Grocery,Online,Delhi,India,Digital,MacOS,0,0,0,9,Tuesday,2026-03,0,0,-0.25663513793929876
TXN104309,2026-04-28 05:06:25,2026-04-28,3237.22,Fashion,POS,Kolkata,India,In-Store,Android,0,1,0,5,Tuesday,2026-04,1,0,-0.058917056098480525
TXN104310,2026-04-30 06:28:16,2026-04-30,4062.7,Online Services,POS,Pune,India,In-Store,Android,0,0,0,6,Thursday,2026-04,0,0,-0.1798300075814348
TXN104311,2026-02-28 17:08:36,2026-02-28,2167.07,Electronics,POS,Chennai,India,In-Store,MacOS,0,0,0,17,Saturday,2026-02,0,0,-0.24331258615095153
TXN104312,2026-02-02 07:19:42,2026-02-02,659.15,Electronics,Online,Kolkata,India,Digital,MacOS,0,0,0,7,Monday,2026-02,0,0,-0.24529649590576363
TXN104313,2026-03-03 21:17:55,2026-03-03,1565.85,Jewelry,Online,Hyderabad,India,Digital,iOS,1,0,0,21,Tuesday,2026-03,0,0,-0.05117680656070778
TXN104314,2026-02-19 06:13:39,2026-02-19,121.18,Grocery,ATM,Chennai,India,ATM,MacOS,0,0,0,6,Thursday,2026-02,0,0,-0.03481038011672766
TXN104315,2026-04-22 22:33:58,2026-04-22,2350.3,Utilities,POS,Jaipur,India,In-Store,MacOS,0,0,0,22,Wednesday,2026-04,0,0,-0.23954689789210676
TXN104316,2026-01-19 10:54:51,2026-01-19,618.4,Travel,Online,Jaipur,India,Digital,iOS,0,1,0,10,Monday,2026-01,0,0,-0.17298273383972912
TXN104317,2026-05-03 03:26:37,2026-05-03,490.42,Grocery,POS,Hyderabad,India,In-Store,iOS,0,0,0,3,Sunday,2026-05,1,0,-0.18603436626134506
TXN104318,2026-02-16 16:04:48,2026-02-16,887.4,Online Services,Online,Pune,India,Digital,iOS,0,1,0,16,Monday,2026-02,0,0,-0.18661177332226186
TXN104319,2026-06-16 09:46:09,2026-06-16,421.37,Electronics,Mobile Wallet,Delhi,India,Mobile,Android,0,1,0,9,Tuesday,2026-06,0,0,-0.13201606383361875
TXN104320,2026-02-02 17:16:22,2026-02-02,975.21,Food & Dining,ATM,Bengaluru,India,ATM,iOS,0,0,0,17,Monday,2026-02,0,0,-0.25614598293679136
TXN104321,2026-05-21 11:44:09,2026-05-21,2651.49,Travel,Bank Transfer,Jaipur,India,Digital,iOS,0,0,0,11,Thursday,2026-05,0,0,-0.22907446565232054
TXN104322,2026-03-25 07:52:21,2026-03-25,235.23,Grocery,POS,Pune,India,In-Store,iOS,0,0,0,7,Wednesday,2026-03,0,0,-0.13142215862409368
TXN104323,2026-05-15 21:00:03,2026-05-15,1077.42,Grocery,Mobile Wallet,Ahmedabad,India,Mobile,Android,0,0,0,21,Friday,2026-05,0,0,-0.26156040229319166
TXN104324,2026-03-20 12:49:04,2026-03-20,1006.39,Grocery,POS,Chennai,India,In-Store,MacOS,1,0,0,12,Friday,2026-03,0,0,-0.05689020409576728
TXN104325,2026-01-14 17:09:32,2026-01-14,1729.1,Grocery,ATM,Delhi,India,ATM,Windows,0,0,0,17,Wednesday,2026-01,0,0,-0.2541730096458711
TXN104326,2026-05-27 22:02:40,2026-05-27,983.64,Utilities,POS,Kolkata,India,In-Store,Android,0,1,0,22,Wednesday,2026-05,0,0,-0.18140053713357596
TXN104327,2026-05-08 03:44:04,2026-05-08,2451.77,Food & Dining,Bank Transfer,Pune,India,Digital,Android,0,0,0,3,Friday,2026-05,1,0,-0.18563191525426748
TXN104328,2026-02-23 12:40:47,2026-02-23,3411.3,Fashion,POS,Delhi,India,In-Store,MacOS,0,0,0,12,Monday,2026-02,0,0,-0.1997199951466192
TXN104329,2026-05-28 03:02:54,2026-05-28,2615.18,Fashion,Online,Pune,India,Digital,Android,0,0,0,3,Thursday,2026-05,1,0,-0.17988565143020252
TXN104330,2026-01-29 10:39:43,2026-01-29,638.24,Online Services,Online,Ahmedabad,India,Digital,iOS,0,0,0,10,Thursday,2026-01,0,0,-0.24579059547670007
TXN104331,2026-01-24 22:39:12,2026-01-24,5408.89,Online Services,ATM,Mumbai,India,ATM,Android,0,1,0,22,Saturday,2026-01,0,0,-0.06733460322468399
TXN104332,2026-03-23 00:49:16,2026-03-23,456.44,Healthcare,POS,Hyderabad,India,In-Store,Android,0,0,0,0,Monday,2026-03,1,0,-0.17605494081383727
TXN104333,2026-03-04 02:14:37,2026-03-04,2036.05,Online Services,Online,Mumbai,India,Digital,MacOS,0,0,0,2,Wednesday,2026-03,1,0,-0.1978208944453066
TXN104334,2026-04-15 10:08:10,2026-04-15,2890.53,Travel,POS,Delhi,India,In-Store,iOS,0,0,0,10,Wednesday,2026-04,0,0,-0.2183202350610322
TXN104335,2026-02-26 15:26:52,2026-02-26,6080.5,Fashion,POS,Mumbai,India,In-Store,Windows,0,1,0,15,Thursday,2026-02,0,0,-0.05748369142345755
TXN104336,2026-05-16 10:02:39,2026-05-16,2579.37,Entertainment,Bank Transfer,Pune,India,Digital,Android,0,0,0,10,Saturday,2026-05,0,0,-0.2305742018139269
TXN104337,2026-03-03 11:01:50,2026-03-03,628.18,Entertainment,Online,Pune,India,Digital,iOS,0,0,0,11,Tuesday,2026-03,0,0,-0.2458156275979556
TXN104338,2026-06-06 23:12:16,2026-06-06,2401.52,Food & Dining,POS,Mumbai,India,In-Store,Android,0,0,0,23,Saturday,2026-06,1,0,-0.1868645735062256
TXN104339,2026-01-17 03:50:06,2026-01-17,1035.12,Fashion,Bank Transfer,Hyderabad,India,Digital,Windows,0,0,0,3,Saturday,2026-01,1,0,-0.22333245485057235
TXN104340,2026-03-07 21:45:45,2026-03-07,8032.62,Jewelry,ATM,Hyderabad,India,ATM,MacOS,0,1,0,21,Saturday,2026-03,0,0,-0.02256488843064519
TXN104341,2026-01-06 22:19:51,2026-01-06,1345.98,Utilities,Online,Ahmedabad,India,Digital,iOS,0,0,0,22,Tuesday,2026-01,0,0,-0.25838115480193213
TXN104342,2026-02-27 01:47:38,2026-02-27,3617.74,Fashion,Mobile Wallet,Pune,India,Mobile,Android,0,0,0,1,Friday,2026-02,1,0,-0.1343255713561553
TXN104343,2026-03-10 09:52:04,2026-03-10,1180.23,Healthcare,POS,Delhi,India,In-Store,iOS,0,0,0,9,Tuesday,2026-03,0,0,-0.2592326479570341
TXN104344,2026-06-05 01:54:13,2026-06-05,2446.22,Travel,POS,Chennai,India,In-Store,iOS,0,1,0,1,Friday,2026-06,1,0,-0.08857850054074545
TXN104345,2026-03-03 11:14:37,2026-03-03,703.81,Grocery,Mobile Wallet,Hyderabad,India,Mobile,Windows,0,0,0,11,Tuesday,2026-03,0,0,-0.24760410438692027
TXN104346,2026-06-18 08:57:02,2026-06-18,2972.81,Fashion,Mobile Wallet,Lucknow,India,Mobile,iOS,0,0,0,8,Thursday,2026-06,0,0,-0.21548235902508805
TXN104347,2026-03-23 05:05:20,2026-03-23,207.15,Fashion,POS,Hyderabad,India,In-Store,Android,0,0,0,5,Monday,2026-03,1,0,-0.048662611748202855
TXN104348,2026-06-18 14:30:43,2026-06-18,2029.68,Grocery,Online,Ahmedabad,India,Digital,iOS,0,1,0,14,Thursday,2026-06,0,0,-0.1699201185352765
TXN104349,2026-06-26 12:40:15,2026-06-26,1549.39,Utilities,POS,Chennai,India,In-Store,iOS,0,0,0,12,Friday,2026-06,0,0,-0.2534943846471777
TXN104350,2026-06-26 04:49:12,2026-06-26,1302.98,Fashion,Online,Bengaluru,India,Digital,Windows,0,0,0,4,Friday,2026-06,1,0,-0.2166448600582005
TXN104351,2026-03-12 20:13:53,2026-03-12,203.95,Food & Dining,Online,Lucknow,India,Digital,MacOS,0,0,0,20,Thursday,2026-03,0,0,-0.10636621532069501
TXN104352,2026-05-11 00:53:23,2026-05-11,777.87,Grocery,POS,Hyderabad,India,In-Store,MacOS,0,0,1,0,Monday,2026-05,1,0,-0.20902637651457429
TXN104353,2026-01-10 10:54:27,2026-01-10,3027.12,Electronics,Mobile Wallet,Mumbai,India,Mobile,iOS,0,1,0,10,Saturday,2026-01,0,0,-0.12472921299079465
TXN104354,2026-04-08 10:32:21,2026-04-08,589.02,Online Services,Mobile Wallet,Pune,India,Mobile,iOS,0,0,0,10,Wednesday,2026-04,0,0,-0.2422812787448072
TXN104355,2026-03-30 23:00:09,2026-03-30,357.16,Entertainment,POS,Lucknow,India,In-Store,Windows,0,0,0,23,Monday,2026-03,1,0,-0.14018014866837514
TXN104356,2026-02-04 07:02:48,2026-02-04,488.89,Jewelry,POS,Hyderabad,India,In-Store,Android,0,0,0,7,Wednesday,2026-02,0,0,-0.23366202015951698
TXN104357,2026-01-02 21:26:26,2026-01-02,2993.78,Jewelry,Online,Pune,India,Digital,Windows,0,0,0,21,Friday,2026-01,0,0,-0.21418995760630816
TXN104358,2026-05-04 08:36:24,2026-05-04,1668.04,Fashion,Online,Delhi,India,Digital,iOS,0,1,0,8,Monday,2026-05,0,0,-0.1775826468759279
TXN104359,2026-01-24 11:39:01,2026-01-24,3606.54,Travel,Online,Chennai,India,Digital,Android,0,0,0,11,Saturday,2026-01,0,0,-0.19692135234684455
TXN104360,2026-03-15 20:15:18,2026-03-15,2017.66,Online Services,Bank Transfer,Jaipur,India,Digital,Windows,0,1,0,20,Sunday,2026-03,0,0,-0.17050769284571154
TXN104361,2026-06-15 14:38:03,2026-06-15,577.29,Jewelry,Online,Ahmedabad,India,Digital,iOS,0,0,0,14,Monday,2026-06,0,0,-0.24031186903424206
TXN104362,2026-01-22 00:13:21,2026-01-22,4981.03,Entertainment,Mobile Wallet,Bengaluru,India,Mobile,Android,0,0,0,0,Thursday,2026-01,1,0,-0.08750848329391403
TXN104363,2026-06-03 13:19:25,2026-06-03,709.62,Utilities,ATM,Mumbai,India,ATM,iOS,0,0,0,13,Wednesday,2026-06,0,0,-0.24674318345606305
TXN104364,2026-06-20 23:41:09,2026-06-20,596.44,Utilities,Online,Lucknow,India,Digital,iOS,0,0,0,23,Saturday,2026-06,1,0,-0.1957990018425988
TXN104365,2026-02-08 02:46:09,2026-02-08,1413.46,Fashion,Online,Bengaluru,India,Digital,iOS,0,0,0,2,Sunday,2026-02,1,0,-0.20921509705682123
TXN104366,2026-06-06 09:59:29,2026-06-06,1610.73,Food & Dining,ATM,Ahmedabad,India,ATM,iOS,0,0,0,9,Saturday,2026-06,0,0,-0.2529110353068278
TXN104367,2026-01-20 22:51:09,2026-01-20,2253.49,Online Services,Mobile Wallet,Bengaluru,India,Mobile,Android,1,0,0,22,Tuesday,2026-01,0,0,-0.030222138299110135
TXN104368,2026-02-10 09:00:49,2026-02-10,880.71,Healthcare,Bank Transfer,Chennai,India,Digital,Android,0,0,0,9,Tuesday,2026-02,0,0,-0.2607669877717245
TXN104369,2026-05-28 07:08:25,2026-05-28,3561.13,Grocery,POS,Delhi,India,In-Store,Windows,0,0,0,7,Thursday,2026-05,0,0,-0.19728055955910906
TXN104370,2026-04-18 16:45:03,2026-04-18,684.53,Fashion,ATM,Mumbai,India,ATM,MacOS,0,1,0,16,Saturday,2026-04,0,0,-0.18290043016699398
TXN104371,2026-05-27 07:52:43,2026-05-27,479.66,Electronics,POS,Lucknow,India,In-Store,MacOS,0,0,0,7,Wednesday,2026-05,0,0,-0.23223460729997636
TXN104372,2026-03-25 08:32:00,2026-03-25,240.57,Electronics,Mobile Wallet,Chennai,India,Mobile,iOS,0,0,0,8,Wednesday,2026-03,0,0,-0.13476090342993485
TXN104373,2026-04-21 02:46:12,2026-04-21,956.5,Online Services,Bank Transfer,Chennai,India,Digital,iOS,0,0,0,2,Tuesday,2026-04,1,0,-0.21820761703280422
TXN104374,2026-03-07 09:15:51,2026-03-07,2246.32,Grocery,ATM,Pune,India,ATM,MacOS,0,0,0,9,Saturday,2026-03,0,0,-0.2428331428528518
TXN104375,2026-06-07 10:02:25,2026-06-07,2040.31,Electronics,POS,Delhi,India,In-Store,iOS,0,0,0,10,Sunday,2026-06,0,0,-0.24873653784651145
TXN104376,2026-02-22 15:37:15,2026-02-22,1473.32,Travel,ATM,Jaipur,India,ATM,Android,0,1,0,15,Sunday,2026-02,0,0,-0.17816078385559597
TXN104377,2026-02-03 04:07:35,2026-02-03,783.33,Entertainment,POS,Delhi,India,In-Store,iOS,0,0,0,4,Tuesday,2026-02,1,0,-0.20855301363588724
TXN104378,2026-05-30 10:02:49,2026-05-30,3094.44,Food & Dining,Online,Delhi,India,Digital,iOS,0,0,0,10,Saturday,2026-05,0,0,-0.21315485087634056
TXN104379,2026-03-08 12:53:24,2026-03-08,1217.7,Electronics,POS,Chennai,India,In-Store,Windows,0,0,0,12,Sunday,2026-03,0,0,-0.26187003791464436
TXN104380,2026-05-14 05:26:09,2026-05-14,1562.4,Electronics,Mobile Wallet,Jaipur,India,Mobile,Windows,0,0,0,5,Thursday,2026-05,1,0,-0.2067383277613835
TXN104381,2026-01-27 15:07:17,2026-01-27,446.33,Electronics,ATM,Hyderabad,India,ATM,MacOS,0,0,0,15,Tuesday,2026-01,0,0,-0.2224036545692532
TXN104382,2026-01-10 13:28:26,2026-01-10,257.08,Food & Dining,Online,Pune,India,Digital,Android,0,0,0,13,Saturday,2026-01,0,0,-0.1533976810280412
TXN104383,2026-03-14 07:08:58,2026-03-14,2272.38,Travel,Mobile Wallet,Delhi,India,Mobile,iOS,0,0,0,7,Saturday,2026-03,0,0,-0.2420934673536025
TXN104384,2026-04-06 01:52:52,2026-04-06,8547.06,Jewelry,Online,Hyderabad,India,Digital,Windows,0,0,0,1,Monday,2026-04,1,0,-0.004826540547130387
TXN104385,2026-02-17 05:28:51,2026-02-17,1626.14,Food & Dining,Online,Jaipur,India,Digital,iOS,0,0,0,5,Tuesday,2026-02,1,0,-0.2086180059354114
TXN104386,2026-03-11 02:48:51,2026-03-11,2282.91,Grocery,Online,Delhi,India,Digital,iOS,0,1,0,2,Wednesday,2026-03,1,0,-0.09519855605014749
TXN104387,2026-04-10 18:25:24,2026-04-10,2243.95,Healthcare,ATM,Mumbai,India,ATM,Windows,0,0,0,18,Friday,2026-04,0,0,-0.2428331428528518
TXN104388,2026-02-28 15:01:37,2026-02-28,1210.07,Travel,POS,Hyderabad,India,In-Store,iOS,0,0,0,15,Saturday,2026-02,0,0,-0.26193786997072255
TXN104389,2026-01-02 22:42:00,2026-01-02,329.25,Entertainment,POS,Hyderabad,India,In-Store,Android,1,0,0,22,Friday,2026-01,0,0,-0.009013948328773558
TXN104390,2026-06-06 00:48:09,2026-06-06,2053.42,Travel,Bank Transfer,Mumbai,India,Digital,Android,0,0,0,0,Saturday,2026-06,1,0,-0.19543439449707045
TXN104391,2026-03-06 02:39:29,2026-03-06,3877.62,Food & Dining,POS,Hyderabad,India,In-Store,Windows,0,0,0,2,Friday,2026-03,1,0,-0.11848380322699148
TXN104392,2026-03-24 21:01:17,2026-03-24,1765.52,Utilities,Bank Transfer,Bengaluru,India,Digital,Windows,0,1,0,21,Tuesday,2026-03,0,0,-0.17743054475017656
TXN104393,2026-06-03 23:39:52,2026-06-03,968.47,Online Services,Online,Delhi,India,Digital,Windows,0,0,0,23,Wednesday,2026-06,1,0,-0.21901338794315361
TXN104394,2026-01-10 21:31:10,2026-01-10,1631.48,Travel,Bank Transfer,Lucknow,India,Digital,Android,1,1,0,21,Saturday,2026-01,0,1,0.027914621954540086
TXN104395,2026-02-22 02:06:52,2026-02-22,1109.68,Fashion,ATM,Hyderabad,India,ATM,iOS,1,0,0,2,Sunday,2026-02,1,1,0.010012964921451428
TXN104396,2026-03-20 14:20:44,2026-03-20,3349.08,Food & Dining,Bank Transfer,Ahmedabad,India,Digital,Android,1,0,0,14,Friday,2026-03,0,0,-0.004968851286313858
TXN104397,2026-02-28 08:54:29,2026-02-28,1398.38,Online Services,POS,Kolkata,India,In-Store,Android,0,0,0,8,Saturday,2026-02,0,0,-0.25607480611169325
TXN104398,2026-05-30 22:42:21,2026-05-30,2105.59,Online Services,ATM,Jaipur,India,ATM,iOS,1,0,0,22,Saturday,2026-05,0,0,-0.03514573056396797
TXN104399,2026-06-28 07:35:31,2026-06-28,2926.97,Grocery,Online,Ahmedabad,India,Digital,Android,0,0,0,7,Sunday,2026-06,0,0,-0.2158559660094746
TXN104400,2026-02-17 15:31:37,2026-02-17,2114.19,Electronics,Mobile Wallet,Mumbai,India,Mobile,Android,1,0,0,15,Tuesday,2026-02,0,0,-0.03514573056396797
TXN104401,2026-05-29 03:52:14,2026-05-29,1248.75,Food & Dining,Online,Delhi,India,Digital,Windows,0,0,0,3,Friday,2026-05,1,0,-0.21810947053490198
TXN104402,2026-05-03 02:48:15,2026-05-03,354.89,Grocery,Online,Delhi,India,Digital,MacOS,0,1,0,2,Sunday,2026-05,1,0,-0.052121947375644906
TXN104403,2026-01-22 05:11:46,2026-01-22,1689.55,Fashion,ATM,Ahmedabad,India,ATM,Android,0,0,0,5,Thursday,2026-01,1,0,-0.20808450224972547
TXN104404,2026-04-10 12:05:16,2026-04-10,2500.0,Electronics,Bank Transfer,Hyderabad,India,Digital,Android,0,0,0,12,Friday,2026-04,0,0,-0.23383087049891282
TXN104405,2026-04-08 09:37:09,2026-04-08,329.34,Entertainment,Online,Jaipur,India,Digital,MacOS,0,1,0,9,Wednesday,2026-04,0,0,-0.10705325327645632
TXN104406,2026-06-07 13:01:50,2026-06-07,1661.98,Jewelry,Mobile Wallet,Delhi,India,Mobile,MacOS,0,0,0,13,Sunday,2026-06,0,0,-0.2535346881441446
TXN104407,2026-01-25 05:40:31,2026-01-25,1198.17,Jewelry,Mobile Wallet,Hyderabad,India,Mobile,iOS,0,0,0,5,Sunday,2026-01,1,0,-0.21775924953554088
TXN104408,2026-01-28 15:45:33,2026-01-28,194.13,Fashion,ATM,Mumbai,India,ATM,Android,0,1,0,15,Wednesday,2026-01,0,0,-0.03958153986604507
TXN104409,2026-04-23 11:08:08,2026-04-23,1552.07,Entertainment,POS,Bengaluru,India,In-Store,Android,0,1,0,11,Thursday,2026-04,0,0,-0.1780716529665114
TXN104410,2026-02-14 12:15:35,2026-02-14,3591.72,Online Services,Bank Transfer,Pune,India,Digital,MacOS,0,0,0,12,Saturday,2026-02,0,0,-0.19692135234684455
TXN104411,2026-03-09 10:33:35,2026-03-09,1216.33,Grocery,POS,Jaipur,India,In-Store,MacOS,0,0,1,10,Monday,2026-03,0,0,-0.26187003791464436
TXN104412,2026-01-07 08:43:05,2026-01-07,225.54,Healthcare,POS,Mumbai,India,In-Store,Windows,1,0,0,8,Wednesday,2026-01,0,1,0.012237492784975101
TXN104413,2026-02-18 19:29:59,2026-02-18,1582.85,Fashion,Mobile Wallet,Chennai,India,Mobile,MacOS,0,0,0,19,Wednesday,2026-02,0,0,-0.25342646341232766
TXN104414,2026-05-17 10:44:37,2026-05-17,2857.79,Electronics,Mobile Wallet,Delhi,India,Mobile,Android,0,1,0,10,Sunday,2026-05,0,0,-0.1351691116486753
TXN104415,2026-06-13 03:33:38,2026-06-13,600.72,Fashion,Mobile Wallet,Kolkata,India,Mobile,Android,0,0,0,3,Saturday,2026-06,1,0,-0.1953225248998483
TXN104416,2026-03-24 17:30:01,2026-03-24,980.28,Grocery,Online,Hyderabad,India,Digital,Android,0,0,0,17,Tuesday,2026-03,0,0,-0.254323138910282
TXN104417,2026-05-09 06:39:37,2026-05-09,883.69,Healthcare,Online,Chennai,India,Digital,Android,0,0,0,6,Saturday,2026-05,0,0,-0.2607740835383063
TXN104418,2026-05-18 13:50:32,2026-05-18,1276.17,Travel,Online,Ahmedabad,India,Digital,Windows,0,0,0,13,Monday,2026-05,0,0,-0.2599334488630296
TXN104419,2026-06-13 11:22:11,2026-06-13,862.02,Travel,POS,Delhi,India,In-Store,MacOS,1,1,0,11,Saturday,2026-06,0,1,0.0271912488252255
TXN104420,2026-03-14 23:19:50,2026-03-14,3410.94,Grocery,POS,Bengaluru,India,In-Store,Android,0,0,0,23,Saturday,2026-03,1,0,-0.14396436588704375
TXN104421,2026-02-15 21:54:54,2026-02-15,3342.31,Online Services,POS,Chennai,India,In-Store,iOS,0,0,0,21,Sunday,2026-02,0,0,-0.20343265861085014
TXN104422,2026-04-16 20:03:24,2026-04-16,714.51,Food & Dining,ATM,Lucknow,India,ATM,iOS,0,0,0,20,Thursday,2026-04,0,0,-0.24836915974858464
TXN104423,2026-06-09 12:43:04,2026-06-09,3408.77,Food & Dining,Bank Transfer,Hyderabad,India,Digital,Android,0,2,0,12,Tuesday,2026-06,0,1,0.012866101610977232
TXN104424,2026-02-01 02:45:21,2026-02-01,309.86,Food & Dining,Bank Transfer,Chennai,India,Digital,Windows,0,0,0,2,Sunday,2026-02,1,0,-0.12062645002154904
TXN104425,2026-01-06 09:42:39,2026-01-06,605.64,Fashion,Bank Transfer,Bengaluru,India,Digital,iOS,0,1,0,9,Tuesday,2026-01,0,0,-0.17386955020926753
TXN104426,2026-06-25 08:58:48,2026-06-25,1908.24,Electronics,Online,Unknown,India,Digital,iOS,1,1,0,8,Thursday,2026-06,0,1,0.03166825481401325
TXN104427,2026-06-15 02:27:39,2026-06-15,1243.87,Healthcare,Online,Ahmedabad,India,Digital,Android,0,0,0,2,Monday,2026-06,1,0,-0.21777088350088714
TXN104428,2026-05-25 20:40:08,2026-05-25,1302.02,Grocery,Bank Transfer,Pune,India,Digital,iOS,0,0,0,20,Monday,2026-05,0,0,-0.25930849089280694
TXN104429,2026-03-15 23:32:46,2026-03-15,1569.68,Grocery,POS,Mumbai,India,In-Store,Windows,0,0,0,23,Sunday,2026-03,1,0,-0.20719879404080777
TXN104430,2026-04-24 07:25:08,2026-04-24,787.83,Healthcare,ATM,Hyderabad,India,ATM,Android,0,1,0,7,Friday,2026-04,0,0,-0.18720031135029686
TXN104431,2026-01-27 05:14:07,2026-01-27,3161.88,Electronics,Online,Kolkata,India,Digital,Android,0,0,0,5,Tuesday,2026-01,1,0,-0.15223339118337187
TXN104432,2026-02-23 15:33:09,2026-02-23,2024.94,Travel,Online,Lucknow,India,Digital,iOS,0,1,0,15,Monday,2026-02,0,0,-0.1705411810248753
TXN104433,2026-06-27 01:22:02,2026-06-27,1070.78,Food & Dining,ATM,Chennai,India,ATM,iOS,0,0,0,1,Saturday,2026-06,1,0,-0.22285076360285155
TXN104434,2026-06-12 19:25:28,2026-06-12,2440.69,Fashion,Mobile Wallet,Hyderabad,India,Mobile,Android,1,0,0,19,Friday,2026-06,0,0,-0.0264667614850691
TXN104435,2026-03-26 14:32:15,2026-03-26,1675.92,Healthcare,Mobile Wallet,Jaipur,India,Mobile,Android,0,0,0,14,Thursday,2026-03,0,0,-0.25414964641472815
TXN104436,2026-05-07 03:45:41,2026-05-07,958.57,Entertainment,POS,Ahmedabad,India,In-Store,Android,0,0,0,3,Thursday,2026-05,1,0,-0.2182475527568461
TXN104437,2026-06-02 05:25:51,2026-06-02,926.34,Entertainment,POS,Bengaluru,India,In-Store,MacOS,0,0,0,5,Tuesday,2026-06,1,0,-0.21613132486230652
TXN104438,2026-06-05 05:23:01,2026-06-05,464.25,Healthcare,Mobile Wallet,Pune,India,Mobile,Android,0,0,0,5,Friday,2026-06,1,0,-0.1784479174454306
TXN104439,2026-04-21 15:27:53,2026-04-21,713.5,Travel,POS,Hyderabad,India,In-Store,Android,0,0,1,15,Tuesday,2026-04,0,0,-0.24818165875810666
TXN104440,2026-01-15 06:22:28,2026-01-15,1003.79,Travel,POS,Kolkata,India,In-Store,Windows,0,0,0,6,Thursday,2026-01,0,0,-0.25406870554738814
TXN104441,2026-05-12 16:24:32,2026-05-12,1245.14,Fashion,Mobile Wallet,Mumbai,India,Mobile,Windows,0,0,0,16,Tuesday,2026-05,0,0,-0.26078511444509717
TXN104442,2026-04-03 18:46:00,2026-04-03,561.88,Travel,Bank Transfer,Mumbai,India,Digital,iOS,0,0,0,18,Friday,2026-04,0,0,-0.23818164969359068
TXN104443,2026-05-03 22:50:49,2026-05-03,1202.6,Jewelry,Mobile Wallet,Pune,India,Mobile,Windows,0,0,0,22,Sunday,2026-05,0,0,-0.2614552824269687
TXN104444,2026-03-14 00:41:26,2026-03-14,754.64,Utilities,Online,Lucknow,India,Digital,iOS,0,0,0,0,Saturday,2026-03,1,0,-0.20724616509919613
TXN104445,2026-06-04 18:31:31,2026-06-04,658.15,Electronics,POS,Kolkata,India,In-Store,Android,0,0,0,18,Thursday,2026-06,0,0,-0.24518472794085772
TXN104446,2026-06-03 02:48:02,2026-06-03,1762.18,Grocery,Mobile Wallet,Jaipur,India,Mobile,iOS,0,0,0,2,Wednesday,2026-06,1,0,-0.20731901386577412
TXN104447,2026-05-27 23:21:45,2026-05-27,1336.43,Grocery,Online,Kolkata,India,Digital,iOS,0,1,0,23,Wednesday,2026-05,1,0,-0.1160769746466751
TXN104448,2026-04-02 01:58:06,2026-04-02,5026.32,Travel,Bank Transfer,Jaipur,India,Digital,Android,0,0,0,1,Thursday,2026-04,1,0,-0.0877373053988929
TXN104449,2026-01-17 18:50:53,2026-01-17,1751.4,Grocery,Online,Lucknow,India,Digital,Android,0,0,0,18,Saturday,2026-01,0,0,-0.25442888568984
TXN104450,2026-02-12 19:27:07,2026-02-12,417.07,Food & Dining,Bank Transfer,Jaipur,India,Digital,Windows,1,0,0,19,Thursday,2026-02,0,0,-0.019537606733654678
TXN104451,2026-05-01 04:25:16,2026-05-01,444.98,Online Services,ATM,Ahmedabad,India,ATM,Android,0,1,0,4,Friday,2026-05,1,0,-0.06903368733101234
TXN104452,2026-02-10 04:14:08,2026-02-10,842.05,Healthcare,Online,Kolkata,India,Digital,Android,0,0,0,4,Tuesday,2026-02,1,0,-0.20505858271168947
TXN104453,2026-06-19 18:54:07,2026-06-19,1009.61,Electronics,POS,Bengaluru,India,In-Store,MacOS,0,0,0,18,Friday,2026-06,0,0,-0.25554358507381564
TXN104454,2026-06-27 06:43:46,2026-06-27,2021.19,Fashion,Bank Transfer,Bengaluru,India,Digital,Android,0,0,0,6,Saturday,2026-06,0,0,-0.24763106877127083
TXN104455,2026-06-17 06:57:05,2026-06-17,663.69,Food & Dining,ATM,Chennai,India,ATM,Android,0,0,0,6,Wednesday,2026-06,0,0,-0.24560033437783807
TXN104456,2026-02-08 13:26:20,2026-02-08,675.04,Utilities,POS,Kolkata,India,In-Store,Windows,0,1,0,13,Sunday,2026-02,0,0,-0.18038613984693003
TXN104457,2026-04-23 02:10:48,2026-04-23,2620.62,Online Services,Mobile Wallet,Lucknow,India,Mobile,Android,0,0,0,2,Thursday,2026-04,1,0,-0.17988565143020252
TXN104458,2026-05-31 03:57:54,2026-05-31,461.0,Online Services,POS,Kolkata,India,In-Store,iOS,0,0,0,3,Sunday,2026-05,1,0,-0.17666592514197327
TXN104459,2026-04-21 15:09:05,2026-04-21,2471.74,Food & Dining,POS,Mumbai,India,In-Store,Windows,0,1,0,15,Tuesday,2026-04,0,0,-0.1547931618027213
TXN104460,2026-06-29 09:47:13,2026-06-29,1104.28,Healthcare,Online,Ahmedabad,India,Digital,Android,0,1,0,9,Monday,2026-06,0,0,-0.1836290711640367
TXN104461,2026-02-16 04:31:44,2026-02-16,588.44,Grocery,Mobile Wallet,Mumbai,India,Mobile,Android,0,2,0,4,Monday,2026-02,1,1,0.03836042075121471
TXN104462,2026-03-04 03:08:14,2026-03-04,456.3,Food & Dining,Online,Hyderabad,India,Digital,iOS,0,0,0,3,Wednesday,2026-03,1,0,-0.17605494081383727
TXN104463,2026-04-20 07:20:25,2026-04-20,944.4,Travel,POS,Delhi,India,In-Store,Windows,0,0,0,7,Monday,2026-04,0,0,-0.25920170747763077
TXN104464,2026-03-10 19:05:11,2026-03-10,1848.45,Fashion,Bank Transfer,Chennai,India,Digital,iOS,0,0,0,19,Tuesday,2026-03,0,0,-0.25297708181366846
TXN104465,2026-02-12 02:37:05,2026-02-12,1084.66,Entertainment,Online,Pune,India,Digital,Android,0,0,0,2,Thursday,2026-02,1,0,-0.2217454228074514
TXN104466,2026-06-25 12:29:50,2026-06-25,2284.37,Travel,POS,Hyderabad,India,In-Store,Android,0,0,0,12,Thursday,2026-06,0,0,-0.24157168391403028
TXN104467,2026-02-03 20:29:06,2026-02-03,2232.48,Grocery,Online,Hyderabad,India,Digital,Android,0,0,0,20,Tuesday,2026-02,0,0,-0.24271068184307487
TXN104468,2026-02-09 18:58:15,2026-02-09,2088.69,Grocery,Bank Transfer,Kolkata,India,Digital,Windows,0,0,0,18,Monday,2026-02,0,0,-0.24977385769020755
TXN104469,2026-03-02 04:28:11,2026-03-02,2160.97,Grocery,POS,Hyderabad,India,In-Store,Android,0,0,0,4,Monday,2026-03,1,0,-0.19251976468206217
TXN104470,2026-06-27 00:00:02,2026-06-27,715.67,Grocery,Mobile Wallet,Delhi,India,Mobile,MacOS,0,1,0,0,Saturday,2026-06,1,0,-0.0978178752356832
TXN104471,2026-03-03 14:00:11,2026-03-03,2048.85,Grocery,Mobile Wallet,Hyderabad,India,Mobile,Android,0,0,0,14,Tuesday,2026-03,0,0,-0.24897812193586455
TXN104472,2026-02-27 11:22:38,2026-02-27,6032.19,Electronics,ATM,Kolkata,India,ATM,Android,0,0,0,11,Friday,2026-02,0,0,-0.10397626095814128
TXN104473,2026-06-10 05:45:07,2026-06-10,2396.77,Electronics,Bank Transfer,Mumbai,India,Digital,iOS,0,0,0,5,Wednesday,2026-06,1,0,-0.18655257832387495
TXN104474,2026-03-16 04:14:08,2026-03-16,804.19,Jewelry,POS,Hyderabad,India,In-Store,Android,0,0,0,4,Monday,2026-03,1,0,-0.20798189655386506
TXN104475,2026-01-16 19:48:29,2026-01-16,689.53,Travel,POS,Pune,India,In-Store,iOS,0,1,0,19,Friday,2026-01,0,0,-0.18171605764996523
TXN104476,2026-03-23 21:45:22,2026-03-23,1201.27,Grocery,ATM,Ahmedabad,India,ATM,MacOS,0,0,0,21,Monday,2026-03,0,0,-0.2615859716178578
TXN104477,2026-04-04 14:22:00,2026-04-04,2031.62,Food & Dining,Mobile Wallet,Ahmedabad,India,Mobile,MacOS,0,0,0,14,Saturday,2026-04,0,0,-0.24785978759977406
TXN104478,2026-02-17 04:10:37,2026-02-17,1265.13,Online Services,POS,Jaipur,India,In-Store,Android,0,0,0,4,Tuesday,2026-02,1,0,-0.21927653365010147
TXN104479,2026-05-18 18:43:41,2026-05-18,452.25,Healthcare,POS,Chennai,India,In-Store,Android,0,0,0,18,Monday,2026-05,0,0,-0.22709150108382675
TXN104480,2026-03-23 22:44:27,2026-03-23,2011.04,Travel,POS,Delhi,India,In-Store,MacOS,0,0,0,22,Monday,2026-03,0,0,-0.24768696981565652
TXN104481,2026-02-07 11:16:52,2026-02-07,2322.89,Food & Dining,POS,Bengaluru,India,In-Store,Windows,0,0,0,11,Saturday,2026-02,0,0,-0.24052252504752086
TXN104482,2026-05-07 03:44:10,2026-05-07,543.36,Healthcare,Online,Delhi,India,Digital,Android,0,0,0,3,Thursday,2026-05,1,0,-0.18703323539759015
TXN104483,2026-01-19 02:38:11,2026-01-19,2365.3,Healthcare,POS,Jaipur,India,In-Store,Windows,0,0,0,2,Monday,2026-01,1,0,-0.18590197174237477
TXN104484,2026-06-13 20:46:44,2026-06-13,1208.54,Entertainment,POS,Pune,India,In-Store,Windows,0,0,0,20,Saturday,2026-06,0,0,-0.26193786997072255
TXN104485,2026-03-04 01:53:11,2026-03-04,1619.55,Online Services,ATM,Mumbai,India,ATM,Android,0,0,0,1,Wednesday,2026-03,1,0,-0.20952509147830606
TXN104486,2026-03-18 07:51:54,2026-03-18,1641.76,Online Services,POS,Bengaluru,India,In-Store,MacOS,0,1,0,7,Wednesday,2026-03,0,0,-0.17816927702598812
TXN104487,2026-06-23 14:24:43,2026-06-23,1380.84,Food & Dining,ATM,Kolkata,India,ATM,Android,0,0,0,14,Tuesday,2026-06,0,0,-0.2565967771227333
TXN104488,2026-05-11 18:13:49,2026-05-11,796.87,Fashion,Mobile Wallet,Kolkata,India,Mobile,iOS,0,0,0,18,Monday,2026-05,0,0,-0.25536963509607774
TXN104489,2026-04-12 02:46:07,2026-04-12,1635.97,Entertainment,Mobile Wallet,Chennai,India,Mobile,iOS,0,1,0,2,Sunday,2026-04,1,0,-0.1135870390203303
TXN104490,2026-03-06 22:42:34,2026-03-06,1137.8,Utilities,ATM,Bengaluru,India,ATM,Android,0,1,0,22,Friday,2026-03,0,0,-0.18447585915418363
TXN104491,2026-04-30 12:00:20,2026-04-30,1427.38,Grocery,Online,Kolkata,India,Digital,iOS,0,1,0,12,Thursday,2026-04,0,0,-0.17952192999974914
TXN104492,2026-04-01 20:36:03,2026-04-01,881.6,Jewelry,Mobile Wallet,Chennai,India,Mobile,Windows,0,0,0,20,Wednesday,2026-04,0,0,-0.2611164770882655
TXN104493,2026-01-08 01:22:27,2026-01-08,1504.33,Electronics,Bank Transfer,Pune,India,Digital,Android,0,3,0,1,Thursday,2026-01,1,1,0.051106526064155555
TXN104494,2026-06-28 10:56:59,2026-06-28,1096.22,Food & Dining,POS,Bengaluru,India,In-Store,Android,1,0,0,10,Sunday,2026-06,0,0,-0.059646876262596016
TXN104495,2026-03-14 15:35:31,2026-03-14,491.86,Online Services,Online,Pune,India,Digital,iOS,0,1,0,15,Saturday,2026-03,0,0,-0.1527407977834112
TXN104496,2026-05-14 08:01:16,2026-05-14,1685.02,Electronics,Online,Kolkata,India,Digital,MacOS,0,1,0,8,Thursday,2026-05,0,0,-0.17822730415553462
TXN104497,2026-04-17 05:32:51,2026-04-17,2602.63,Food & Dining,Online,Ahmedabad,India,Digital,MacOS,0,0,0,5,Friday,2026-04,1,0,-0.18058223539187057
TXN104498,2026-03-30 17:22:19,2026-03-30,1523.16,Electronics,Online,Delhi,India,Digital,Android,0,1,0,17,Monday,2026-03,0,0,-0.17520097899452086
TXN104499,2026-02-08 13:40:28,2026-02-08,956.78,Fashion,Mobile Wallet,Delhi,India,Mobile,iOS,0,1,0,13,Sunday,2026-02,0,0,-0.18179288153824547
TXN104500,2026-04-23 20:41:35,2026-04-23,1520.42,Electronics,POS,Pune,India,In-Store,Android,1,0,0,20,Thursday,2026-04,0,0,-0.05058356123263197
TXN104501,2026-01-28 07:51:01,2026-01-28,646.84,Fashion,Bank Transfer,Ahmedabad,India,Digital,Android,0,0,0,7,Wednesday,2026-01,0,0,-0.24457876720014216
TXN104502,2026-04-07 17:01:00,2026-04-07,2084.39,Fashion,Bank Transfer,Chennai,India,Digital,iOS,0,0,0,17,Tuesday,2026-04,0,0,-0.2490864330854899
TXN104503,2026-02-06 22:36:11,2026-02-06,2242.32,Jewelry,Bank Transfer,Mumbai,India,Digital,Android,0,0,0,22,Friday,2026-02,0,0,-0.24332033701792732
TXN104504,2026-05-17 23:33:13,2026-05-17,1074.82,Jewelry,Mobile Wallet,Mumbai,India,Mobile,MacOS,0,0,0,23,Sunday,2026-05,1,0,-0.2223307418018879
TXN104505,2026-03-23 00:55:46,2026-03-23,1222.03,Grocery,Mobile Wallet,Lucknow,India,Mobile,Windows,0,0,0,0,Monday,2026-03,1,0,-0.21792754046145163
TXN104506,2026-02-25 15:36:16,2026-02-25,492.72,Healthcare,POS,Jaipur,India,In-Store,iOS,0,0,0,15,Wednesday,2026-02,0,0,-0.23355399667109222
TXN104507,2026-03-26 14:31:40,2026-03-26,1764.85,Grocery,Mobile Wallet,Hyderabad,India,Mobile,iOS,0,0,0,14,Thursday,2026-03,0,0,-0.2536019259184483
TXN104508,2026-01-02 03:09:00,2026-01-02,925.31,Grocery,Bank Transfer,Lucknow,India,Digital,MacOS,0,0,0,3,Friday,2026-01,1,0,-0.21512963298060134
TXN104509,2026-02-27 09:10:12,2026-02-27,145.67,Grocery,Online,Mumbai,India,Digital,Android,1,0,0,9,Friday,2026-02,0,1,0.03749014053159749
TXN104510,2026-04-17 09:49:53,2026-04-17,1217.86,Jewelry,Bank Transfer,Ahmedabad,India,Digital,Android,0,0,0,9,Friday,2026-04,0,0,-0.26187003791464436
TXN104511,2026-05-03 20:52:13,2026-05-03,1018.92,Jewelry,Bank Transfer,Delhi,India,Digital,Android,0,0,0,20,Sunday,2026-05,0,0,-0.2562490641141557
TXN104512,2026-06-17 07:05:57,2026-06-17,495.99,Electronics,Mobile Wallet,Delhi,India,Mobile,Android,0,0,0,7,Wednesday,2026-06,0,0,-0.2339474858114955
TXN104513,2026-06-13 17:50:04,2026-06-13,2424.26,Electronics,POS,Mumbai,India,In-Store,MacOS,1,0,0,17,Saturday,2026-06,0,0,-0.026423164774242003
TXN104514,2026-04-24 20:21:13,2026-04-24,787.93,Travel,ATM,Mumbai,India,ATM,Android,0,0,0,20,Friday,2026-04,0,0,-0.25356211761543995
TXN104515,2026-04-17 04:47:56,2026-04-17,620.86,Food & Dining,Online,Jaipur,India,Digital,Android,0,1,0,4,Friday,2026-04,1,0,-0.08857967940496647
TXN104516,2026-02-06 15:10:39,2026-02-06,2693.11,Food & Dining,POS,Unknown,India,In-Store,Windows,0,0,0,15,Friday,2026-02,0,0,-0.2283913104570756
TXN104517,2026-03-20 02:01:50,2026-03-20,1538.44,Electronics,Online,Pune,India,Digital,Windows,0,0,0,2,Friday,2026-03,1,0,-0.20960138518310067
TXN104518,2026-04-02 09:46:07,2026-04-02,509.66,Utilities,POS,Kolkata,India,In-Store,iOS,0,0,0,9,Thursday,2026-04,0,0,-0.23508647351815282
TXN104519,2026-01-18 23:34:40,2026-01-18,1103.35,Travel,Bank Transfer,Hyderabad,India,Digital,Android,0,0,0,23,Sunday,2026-01,1,0,-0.22164111513339346
TXN104520,2026-04-08 02:53:11,2026-04-08,594.98,Online Services,Online,Chennai,India,Digital,Android,1,0,0,2,Wednesday,2026-04,1,1,0.02145185346139611
TXN104521,2026-03-04 14:03:41,2026-03-04,407.54,Entertainment,POS,Hyderabad,India,In-Store,MacOS,0,1,0,14,Wednesday,2026-03,0,0,-0.1310092323848545
TXN104522,2026-05-30 03:01:32,2026-05-30,384.49,Fashion,Online,Hyderabad,India,Digital,Android,0,0,0,3,Saturday,2026-05,1,0,-0.1548604832109014
TXN104523,2026-05-19 21:18:53,2026-05-19,1925.94,Utilities,Online,Lucknow,India,Digital,Windows,0,0,0,21,Tuesday,2026-05,0,0,-0.24910677886981253
TXN104524,2026-01-04 21:49:46,2026-01-04,590.38,Utilities,POS,Mumbai,India,In-Store,MacOS,0,0,0,21,Sunday,2026-01,0,0,-0.24238654399135207
TXN104525,2026-05-15 10:02:22,2026-05-15,507.43,Travel,Online,Pune,India,Digital,iOS,0,0,0,10,Friday,2026-05,0,0,-0.23433055030563277
TXN104526,2026-03-02 12:41:19,2026-03-02,929.97,Fashion,ATM,Lucknow,India,ATM,Windows,0,1,1,12,Monday,2026-03,0,0,-0.1838083841462566
TXN104527,2026-04-17 11:33:35,2026-04-17,8688.04,Jewelry,Online,Lucknow,India,Digital,Android,0,0,0,11,Friday,2026-04,0,0,-0.04269552099679619
TXN104528,2026-02-23 13:12:33,2026-02-23,1619.34,Electronics,Online,Kolkata,India,Digital,MacOS,0,0,0,13,Monday,2026-02,0,0,-0.25284169739418333
TXN104529,2026-03-29 21:57:51,2026-03-29,2149.01,Grocery,POS,Kolkata,India,In-Store,iOS,1,0,0,21,Sunday,2026-03,0,0,-0.034799445013222186
TXN104530,2026-03-09 11:23:22,2026-03-09,522.22,Food & Dining,ATM,Ahmedabad,India,ATM,Android,0,0,0,11,Monday,2026-03,0,0,-0.23307540330215026
TXN104531,2026-05-09 19:37:38,2026-05-09,1569.3,Utilities,Online,Kolkata,India,Digital,Windows,0,0,0,19,Saturday,2026-05,0,0,-0.25423887697973346
TXN104532,2026-02-24 02:44:12,2026-02-24,1110.19,Utilities,ATM,Pune,India,ATM,MacOS,0,1,0,2,Tuesday,2026-02,1,0,-0.11578966133056845
TXN104533,2026-01-03 01:29:47,2026-01-03,634.82,Online Services,Mobile Wallet,Ahmedabad,India,Mobile,iOS,0,1,0,1,Saturday,2026-01,1,0,-0.08852897847096597
TXN104534,2026-06-15 11:06:34,2026-06-15,936.27,Food & Dining,Bank Transfer,Bengaluru,India,Digital,Windows,1,0,1,11,Monday,2026-06,0,0,-0.05588276111960233
TXN104535,2026-05-01 09:22:05,2026-05-01,666.47,Grocery,Online,Jaipur,India,Digital,Windows,0,1,0,9,Friday,2026-05,0,0,-0.18074675129101708
TXN104536,2026-05-09 20:11:22,2026-05-09,1238.28,Food & Dining,ATM,Bengaluru,India,ATM,Windows,0,0,0,20,Saturday,2026-05,0,0,-0.2606820089664171
TXN104537,2026-04-12 00:09:20,2026-04-12,937.05,Utilities,Bank Transfer,Hyderabad,India,Digital,iOS,0,0,0,0,Sunday,2026-04,1,0,-0.2156488393678655
TXN104538,2026-02-07 15:42:45,2026-02-07,667.76,Grocery,Online,Lucknow,India,Digital,Windows,0,1,0,15,Saturday,2026-02,0,0,-0.18074675129101708
TXN104539,2026-03-26 00:21:52,2026-03-26,914.84,Electronics,Mobile Wallet,Pune,India,Mobile,iOS,0,0,0,0,Thursday,2026-03,1,0,-0.21460306382517402
TXN104540,2026-06-06 05:03:25,2026-06-06,2228.57,Grocery,Mobile Wallet,Ahmedabad,India,Mobile,Android,0,0,0,5,Saturday,2026-06,1,0,-0.19162985489368534
TXN104541,2026-05-13 03:13:15,2026-05-13,441.55,Entertainment,Mobile Wallet,Bengaluru,India,Mobile,Android,0,0,0,3,Wednesday,2026-05,1,0,-0.1731647283043643
TXN104542,2026-04-02 05:55:29,2026-04-02,717.56,Online Services,Bank Transfer,Lucknow,India,Digital,MacOS,0,0,0,5,Thursday,2026-04,1,0,-0.20636192275544268
TXN104543,2026-01-21 18:56:27,2026-01-21,1442.42,Healthcare,Bank Transfer,Pune,India,Digital,Android,1,1,0,18,Wednesday,2026-01,0,1,0.02540624780634937
TXN104544,2026-04-19 20:59:02,2026-04-19,684.98,Jewelry,ATM,Chennai,India,ATM,Android,0,0,0,20,Sunday,2026-04,0,0,-0.24687731045389621
TXN104545,2026-02-16 09:54:05,2026-02-16,3019.35,Grocery,Bank Transfer,Chennai,India,Digital,Android,0,0,0,9,Monday,2026-02,0,0,-0.21338022382623112
TXN104546,2026-03-25 19:20:19,2026-03-25,2766.66,Online Services,Bank Transfer,Chennai,India,Digital,Android,0,0,0,19,Wednesday,2026-03,0,0,-0.22712712867540463
TXN104547,2026-03-24 09:18:33,2026-03-24,2886.75,Utilities,ATM,Jaipur,India,ATM,Android,0,0,0,9,Tuesday,2026-03,0,0,-0.2183202350610322
TXN104548,2026-02-04 02:25:49,2026-02-04,1853.68,Travel,POS,Kolkata,India,In-Store,iOS,0,0,0,2,Wednesday,2026-02,1,0,-0.20029482791631908
TXN104549,2026-03-10 08:33:03,2026-03-10,2396.08,Jewelry,POS,Jaipur,India,In-Store,MacOS,0,0,0,8,Tuesday,2026-03,0,0,-0.23921289191254175
TXN104550,2026-05-09 16:50:45,2026-05-09,1117.79,Travel,Mobile Wallet,Jaipur,India,Mobile,Android,0,0,0,16,Saturday,2026-05,0,0,-0.2606218512088001
TXN104551,2026-05-20 23:01:01,2026-05-20,697.68,Online Services,Online,Pune,India,Digital,MacOS,0,1,0,23,Wednesday,2026-05,1,0,-0.09343111834266848
TXN104552,2026-01-27 14:46:15,2026-01-27,730.67,Online Services,Bank Transfer,Pune,India,Digital,Android,0,0,0,14,Tuesday,2026-01,0,0,-0.2511585009820335
TXN104553,2026-02-25 23:23:36,2026-02-25,317.06,Utilities,Mobile Wallet,Hyderabad,India,Mobile,Windows,0,1,0,23,Wednesday,2026-02,1,0,-0.04718312390097401
TXN104554,2026-01-23 17:25:09,2026-01-23,829.23,Food & Dining,Bank Transfer,Ahmedabad,India,Digital,Windows,0,0,1,17,Friday,2026-01,0,0,-0.25702320779970117
TXN104555,2026-06-02 04:48:43,2026-06-02,869.58,Grocery,Mobile Wallet,Delhi,India,Mobile,Windows,0,0,0,4,Tuesday,2026-06,1,0,-0.20705537539385133
TXN104556,2026-01-21 14:06:02,2026-01-21,956.84,Food & Dining,Bank Transfer,Chennai,India,Digital,Android,0,0,0,14,Wednesday,2026-01,0,0,-0.25575565213844476
TXN104557,2026-03-02 17:50:22,2026-03-02,8249.69,Fashion,Online,Mumbai,India,Digital,Windows,0,0,0,17,Monday,2026-03,0,0,-0.04539325735357813
TXN104558,2026-03-04 09:34:53,2026-03-04,613.77,Utilities,Bank Transfer,Lucknow,India,Digital,iOS,1,0,0,9,Wednesday,2026-03,0,0,-0.03342594002832311
TXN104559,2026-05-02 16:12:08,2026-05-02,920.15,Utilities,Online,Delhi,India,Digital,Android,0,0,0,16,Saturday,2026-05,0,0,-0.2594053133334155
TXN104560,2026-02-21 03:23:33,2026-02-21,6146.67,Online Services,POS,Mumbai,India,In-Store,Android,0,0,0,3,Saturday,2026-02,1,0,-0.055831265459466706
TXN104561,2026-03-29 13:02:10,2026-03-29,632.4,Grocery,POS,Pune,India,In-Store,Android,0,0,0,13,Sunday,2026-03,0,0,-0.24751189176072175
TXN104562,2026-06-02 07:41:53,2026-06-02,481.29,Utilities,Online,Delhi,India,Digital,Android,0,0,0,7,Tuesday,2026-06,0,0,-0.23245548891958456
TXN104563,2026-02-24 20:12:03,2026-02-24,941.38,Jewelry,POS,Hyderabad,India,In-Store,Windows,0,0,0,20,Tuesday,2026-02,0,0,-0.2593193595517305
TXN104564,2026-02-15 09:03:03,2026-02-15,630.85,Utilities,POS,Chennai,India,In-Store,MacOS,0,1,0,9,Sunday,2026-02,0,0,-0.17569361544907652
TXN104565,2026-02-01 22:12:24,2026-02-01,2627.74,Unknown,ATM,Kolkata,India,ATM,Android,0,0,0,22,Sunday,2026-02,0,0,-0.22929281025571213
TXN104566,2026-02-24 06:12:49,2026-02-24,1236.95,Grocery,Bank Transfer,Lucknow,India,Digital,Android,0,0,0,6,Tuesday,2026-02,0,0,-0.26051767827123556
TXN104567,2026-04-06 13:18:48,2026-04-06,457.2,Grocery,Online,Mumbai,India,Digital,Android,0,1,1,13,Monday,2026-04,0,0,-0.14192622386083553
TXN104568,2026-05-13 19:09:10,2026-05-13,1415.76,Entertainment,Online,Chennai,India,Digital,Windows,1,0,1,19,Wednesday,2026-05,0,0,-0.05435255636864633
TXN104569,2026-02-05 05:25:10,2026-02-05,1280.65,Entertainment,ATM,Hyderabad,India,ATM,MacOS,0,0,0,5,Thursday,2026-02,1,0,-0.21776930188648896
TXN104570,2026-04-20 03:22:00,2026-04-20,365.56,Jewelry,Bank Transfer,Kolkata,India,Digital,Android,0,1,0,3,Monday,2026-04,1,0,-0.05373198639346699
TXN104571,2026-06-26 01:28:15,2026-06-26,1566.89,Fashion,Mobile Wallet,Lucknow,India,Mobile,MacOS,0,0,0,1,Friday,2026-06,1,0,-0.20741912997405548
TXN104572,2026-04-16 05:41:00,2026-04-16,1635.16,Fashion,Online,Kolkata,India,Digital,Android,1,0,1,5,Thursday,2026-04,1,1,0.01593358055377181
TXN104573,2026-02-27 04:09:23,2026-02-27,373.57,Entertainment,Mobile Wallet,Ahmedabad,India,Mobile,Android,0,0,0,4,Friday,2026-02,1,0,-0.1504734096979798
TXN104574,2026-02-08 21:25:16,2026-02-08,415.98,Utilities,POS,Hyderabad,India,In-Store,Android,0,2,0,21,Sunday,2026-02,0,1,0.012754124798648125
TXN104575,2026-03-21 07:35:28,2026-03-21,828.78,Jewelry,ATM,Hyderabad,India,ATM,Android,1,1,0,7,Saturday,2026-03,0,1,0.026453812794268505
TXN104576,2026-04-07 23:30:29,2026-04-07,666.7,Utilities,Online,Lucknow,India,Digital,Android,0,1,1,23,Tuesday,2026-04,1,0,-0.09192731087216899
TXN104577,2026-04-23 06:00:05,2026-04-23,1767.17,Fashion,POS,Chennai,India,In-Store,iOS,0,0,0,6,Thursday,2026-04,0,0,-0.2536019259184483
TXN104578,2026-03-02 12:26:53,2026-03-02,775.73,Entertainment,Online,Chennai,India,Digital,iOS,0,2,0,12,Monday,2026-03,0,0,-0.012769253350200627
TXN104579,2026-05-17 12:52:51,2026-05-17,952.61,Online Services,Online,Bengaluru,India,Digital,Android,0,0,0,12,Sunday,2026-05,0,0,-0.2562644413694883
TXN104580,2026-01-06 13:13:18,2026-01-06,470.22,Food & Dining,POS,Chennai,India,In-Store,Android,0,0,1,13,Tuesday,2026-01,0,0,-0.23212585000947167
TXN104581,2026-04-19 16:52:56,2026-04-19,2342.11,Electronics,Bank Transfer,Chennai,India,Digital,Android,0,0,0,16,Sunday,2026-04,0,0,-0.2404408967997831
TXN104582,2026-02-04 20:04:18,2026-02-04,597.28,Electronics,Bank Transfer,Ahmedabad,India,Digital,Windows,0,0,0,20,Wednesday,2026-02,0,0,-0.2426009598562019
TXN104583,2026-02-08 11:22:49,2026-02-08,480.38,Grocery,ATM,Kolkata,India,ATM,Android,0,0,0,11,Sunday,2026-02,0,0,-0.23223460729997636
TXN104584,2026-05-30 10:15:12,2026-05-30,1142.95,Healthcare,POS,Ahmedabad,India,In-Store,Android,0,0,0,10,Saturday,2026-05,0,0,-0.25990609716492047
TXN104585,2026-06-18 10:39:34,2026-06-18,2588.71,Grocery,POS,Chennai,India,In-Store,Android,0,0,1,10,Thursday,2026-06,0,0,-0.23081028976426704
TXN104586,2026-04-28 20:05:02,2026-04-28,1575.58,Travel,Mobile Wallet,Delhi,India,Mobile,Android,0,0,0,20,Tuesday,2026-04,0,0,-0.2537128822402288
TXN104587,2026-01-05 17:26:24,2026-01-05,698.08,Travel,POS,Ahmedabad,India,In-Store,iOS,0,0,0,17,Monday,2026-01,0,0,-0.24539599889688052
TXN104588,2026-06-19 13:51:22,2026-06-19,793.07,Food & Dining,Online,Jaipur,India,Digital,Android,0,0,0,13,Friday,2026-06,0,0,-0.2551660679113422
TXN104589,2026-03-28 04:25:28,2026-03-28,372.58,Fashion,Online,Delhi,India,Digital,Android,0,0,0,4,Saturday,2026-03,1,0,-0.1504734096979798
TXN104590,2026-03-17 05:54:34,2026-03-17,5114.5,Healthcare,ATM,Mumbai,India,ATM,Windows,0,0,0,5,Tuesday,2026-03,1,0,-0.08739305439102163
TXN104591,2026-06-07 09:33:36,2026-06-07,3794.77,Grocery,POS,Pune,India,In-Store,MacOS,0,1,0,9,Sunday,2026-06,0,0,-0.11110758737703352
TXN104592,2026-02-26 23:55:48,2026-02-26,1381.21,Grocery,Online,Bengaluru,India,Digital,Windows,0,0,0,23,Thursday,2026-02,1,0,-0.21074644848311125
TXN104593,2026-05-07 16:56:38,2026-05-07,1086.05,Food & Dining,Mobile Wallet,Mumbai,India,Mobile,MacOS,0,0,0,16,Thursday,2026-05,0,0,-0.2602175385516857
TXN104594,2026-01-29 08:04:07,2026-01-29,445.46,Fashion,Bank Transfer,Pune,India,Digital,iOS,0,0,0,8,Thursday,2026-01,0,0,-0.22162929358012623
TXN104595,2026-06-14 12:02:36,2026-06-14,975.86,Travel,ATM,Ahmedabad,India,ATM,MacOS,0,0,0,12,Sunday,2026-06,0,0,-0.25614598293679136
TXN104596,2026-03-28 10:18:54,2026-03-28,2237.11,Grocery,Online,Jaipur,India,Digital,iOS,0,1,0,10,Saturday,2026-03,0,0,-0.16086679698907813
TXN104597,2026-05-21 18:37:22,2026-05-21,1965.39,Online Services,POS,Pune,India,In-Store,Windows,0,0,0,18,Thursday,2026-05,0,0,-0.24770066174428806
TXN104598,2026-06-09 14:15:10,2026-06-09,764.73,Healthcare,Mobile Wallet,Pune,India,Mobile,MacOS,0,0,0,14,Tuesday,2026-06,0,0,-0.25402074421352466
TXN104599,2026-02-15 22:25:58,2026-02-15,2080.97,Grocery,Mobile Wallet,Mumbai,India,Mobile,Windows,0,0,0,22,Sunday,2026-02,0,0,-0.2490864330854899
TXN104600,2026-04-26 03:26:03,2026-04-26,2767.41,Grocery,Online,Chennai,India,Digital,Unknown,0,0,0,3,Sunday,2026-04,1,0,-0.1716640503567839
TXN104601,2026-04-22 23:39:09,2026-04-22,1127.39,Jewelry,Online,Bengaluru,India,Digital,Android,0,0,0,23,Wednesday,2026-04,1,0,-0.2230806297532752
TXN104602,2026-05-31 12:22:43,2026-05-31,2405.45,Healthcare,POS,Kolkata,India,In-Store,Android,0,0,0,12,Sunday,2026-05,0,0,-0.23886174294092904
TXN104603,2026-02-14 08:30:28,2026-02-14,4106.24,Fashion,POS,Jaipur,India,In-Store,Android,0,0,0,8,Saturday,2026-02,0,0,-0.17724223114850768
TXN104604,2026-05-25 19:21:12,2026-05-25,5075.73,Healthcare,Bank Transfer,Pune,India,Digital,iOS,0,1,0,19,Monday,2026-05,0,0,-0.07289097309356818
TXN104605,2026-04-14 12:50:46,2026-04-14,678.35,Utilities,Mobile Wallet,Chennai,India,Mobile,MacOS,0,0,0,12,Tuesday,2026-04,0,0,-0.24692316486982557
TXN104606,2026-03-26 03:06:01,2026-03-26,1563.53,Utilities,POS,Kolkata,India,In-Store,MacOS,0,0,0,3,Thursday,2026-03,1,0,-0.2067383277613835
TXN104607,2026-05-14 00:46:50,2026-05-14,1925.05,Food & Dining,Online,Jaipur,India,Digital,iOS,1,0,0,0,Thursday,2026-05,1,1,0.021809364362921135
TXN104608,2026-04-18 16:37:40,2026-04-18,1080.17,Fashion,Mobile Wallet,Chennai,India,Mobile,Android,0,0,0,16,Saturday,2026-04,0,0,-0.26202687021232396
TXN104609,2026-01-18 21:26:39,2026-01-18,2965.82,Grocery,Online,Chennai,India,Digital,Android,0,0,0,21,Sunday,2026-01,0,0,-0.215912367749179
TXN104610,2026-04-04 19:54:48,2026-04-04,1146.75,Online Services,Mobile Wallet,Lucknow,India,Mobile,iOS,0,0,0,19,Saturday,2026-04,0,0,-0.2597505546963681
TXN104611,2026-05-30 18:12:28,2026-05-30,970.43,Entertainment,ATM,Hyderabad,India,ATM,iOS,0,1,0,18,Saturday,2026-05,0,0,-0.1810256173208667
TXN104612,2026-02-02 17:19:23,2026-02-02,383.15,Electronics,Mobile Wallet,Chennai,India,Mobile,Android,0,2,0,17,Monday,2026-02,0,1,0.015936756346554337
TXN104613,2026-06-07 03:06:02,2026-06-07,283.71,Online Services,Online,Kolkata,India,Digital,Android,0,0,0,3,Sunday,2026-06,1,0,-0.10590033723375258
TXN104614,2026-05-06 20:25:35,2026-05-06,828.71,Online Services,Online,Bengaluru,India,Digital,Windows,0,1,0,20,Wednesday,2026-05,0,0,-0.1881840265766328
TXN104615,2026-06-09 02:00:19,2026-06-09,107.7,Jewelry,POS,Hyderabad,India,In-Store,Windows,0,0,0,2,Tuesday,2026-06,1,0,-0.00033463952573975497
TXN104616,2026-06-19 19:41:04,2026-06-19,2967.87,Online Services,POS,Jaipur,India,In-Store,Android,0,0,0,19,Friday,2026-06,0,0,-0.215912367749179
TXN104617,2026-05-02 01:00:21,2026-05-02,2232.62,Jewelry,POS,Delhi,India,In-Store,iOS,0,0,0,1,Saturday,2026-05,1,0,-0.19042082882246703
TXN104618,2026-05-18 12:20:33,2026-05-18,1904.29,Travel,Mobile Wallet,Ahmedabad,India,Mobile,Windows,0,0,0,12,Monday,2026-05,0,0,-0.2516973274644301
TXN104619,2026-04-25 21:20:50,2026-04-25,2671.23,Online Services,Bank Transfer,Jaipur,India,Digital,iOS,0,0,0,21,Saturday,2026-04,0,0,-0.22837417828221057
TXN104620,2026-06-13 18:23:08,2026-06-13,879.73,Utilities,ATM,Chennai,India,ATM,MacOS,0,0,0,18,Saturday,2026-06,0,0,-0.2603086934012795
TXN104621,2026-06-11 15:15:51,2026-06-11,1308.99,Electronics,Online,Kolkata,India,Digital,Android,0,1,0,15,Thursday,2026-06,0,0,-0.18429762909685676
TXN104622,2026-01-28 22:41:58,2026-01-28,814.89,Grocery,Bank Transfer,Pune,India,Digital,Windows,0,0,0,22,Wednesday,2026-01,0,0,-0.256786879315394
TXN104623,2026-01-11 10:09:18,2026-01-11,2663.25,Jewelry,Bank Transfer,Mumbai,India,Digital,Android,0,0,0,10,Sunday,2026-01,0,0,-0.22907446565232054
TXN104624,2026-06-16 04:20:59,2026-06-16,142.4,Travel,POS,Ahmedabad,India,In-Store,iOS,0,0,0,4,Tuesday,2026-06,1,0,-0.0075353966854324606
TXN104625,2026-02-16 09:33:33,2026-02-16,2662.65,Online Services,Mobile Wallet,Jaipur,India,Mobile,Android,0,0,0,9,Monday,2026-02,0,0,-0.22907446565232054
TXN104626,2026-05-07 02:53:55,2026-05-07,255.5,Grocery,Online,Lucknow,India,Digital,MacOS,0,0,0,2,Thursday,2026-05,1,0,-0.08790826619628633
TXN104627,2026-05-27 14:58:31,2026-05-27,929.96,Grocery,Online,Mumbai,India,Digital,Android,0,1,0,14,Wednesday,2026-05,0,0,-0.1838083841462566
TXN104628,2026-04-28 07:47:47,2026-04-28,473.59,Food & Dining,Online,Ahmedabad,India,Digital,iOS,0,0,0,7,Tuesday,2026-04,0,0,-0.23226581302042992
TXN104629,2026-05-23 19:13:44,2026-05-23,983.48,Electronics,Bank Transfer,Bengaluru,India,Digital,MacOS,0,0,0,19,Saturday,2026-05,0,0,-0.254483384990097
TXN104630,2026-05-06 20:20:25,2026-05-06,704.7,Healthcare,ATM,Pune,India,ATM,iOS,0,1,0,20,Wednesday,2026-05,0,0,-0.18232048732799416
TXN104631,2026-06-05 00:22:59,2026-06-05,806.09,Food & Dining,POS,Lucknow,India,In-Store,Windows,1,1,0,0,Friday,2026-06,1,1,0.06175521613698354
TXN104632,2026-06-01 07:40:24,2026-06-01,1699.09,Grocery,Online,Ahmedabad,India,Digital,MacOS,0,0,0,7,Monday,2026-06,0,0,-0.2545131671221252
TXN104633,2026-03-13 16:02:25,2026-03-13,1312.66,Electronics,Online,Chennai,India,Digital,Android,0,1,0,16,Friday,2026-03,0,0,-0.18429762909685676
TXN104634,2026-04-17 14:23:25,2026-04-17,2438.99,Fashion,Online,Ahmedabad,India,Digital,iOS,0,1,0,14,Friday,2026-04,0,0,-0.15686382923048242
TXN104635,2026-05-17 03:28:36,2026-05-17,1532.54,Electronics,POS,Kolkata,India,In-Store,iOS,0,1,0,3,Sunday,2026-05,1,0,-0.11409564528019245
TXN104636,2026-06-24 22:03:42,2026-06-24,307.57,Utilities,Online,Kolkata,India,Digital,Windows,0,0,0,22,Wednesday,2026-06,0,0,-0.1804057838601062
TXN104637,2026-02-02 23:50:43,2026-02-02,7195.67,Fashion,Online,Kolkata,India,Digital,Android,1,1,0,23,Monday,2026-02,1,1,0.1053109298813768
TXN104638,2026-01-19 06:54:03,2026-01-19,223.95,Grocery,Mobile Wallet,Jaipur,India,Mobile,iOS,0,0,0,6,Monday,2026-01,0,0,-0.11926526614002952
TXN104639,2026-03-15 01:38:32,2026-03-15,1410.42,Food & Dining,POS,Pune,India,In-Store,Android,0,0,0,1,Sunday,2026-03,1,0,-0.210396699448269
TXN104640,2026-06-17 05:58:34,2026-06-17,1975.76,Grocery,Bank Transfer,Pune,India,Digital,Windows,0,0,0,5,Wednesday,2026-06,1,0,-0.1966799199999006
TXN104641,2026-06-24 15:50:32,2026-06-24,1385.97,Grocery,Online,Jaipur,India,Digital,Android,0,1,0,15,Wednesday,2026-06,0,0,-0.18210955324284334
TXN104642,2026-06-06 07:59:57,2026-06-06,934.44,Electronics,POS,Pune,India,In-Store,Android,0,1,0,7,Saturday,2026-06,0,0,-0.182911697815899
TXN104643,2026-06-27 01:47:29,2026-06-27,3602.02,Online Services,POS,Kolkata,India,In-Store,Windows,0,0,0,1,Saturday,2026-06,1,0,-0.1344992603847336
TXN104644,2026-04-08 00:28:45,2026-04-08,2693.45,Online Services,Online,Kolkata,India,Digital,Windows,1,0,1,0,Wednesday,2026-04,1,1,0.03452095490935303
TXN104645,2026-05-21 22:36:46,2026-05-21,1078.15,Utilities,Online,Delhi,India,Digital,Android,0,0,0,22,Thursday,2026-05,0,0,-0.26156040229319166
TXN104646,2026-05-09 02:35:04,2026-05-09,765.67,Fashion,Mobile Wallet,Ahmedabad,India,Mobile,iOS,0,1,0,2,Saturday,2026-05,1,0,-0.10336020005249968
TXN104647,2026-06-11 20:17:38,2026-06-11,570.26,Travel,Mobile Wallet,Pune,India,Mobile,iOS,0,1,0,20,Thursday,2026-06,0,0,-0.16969704311881761
TXN104648,2026-04-03 03:47:43,2026-04-03,607.86,Food & Dining,Online,Hyderabad,India,Digital,Windows,0,0,0,3,Friday,2026-04,1,0,-0.19330281220469453
TXN104649,2026-06-25 19:32:00,2026-06-25,1045.31,Healthcare,POS,Kolkata,India,In-Store,Windows,0,0,0,19,Thursday,2026-06,0,0,-0.2578030098186984
TXN104650,2026-02-17 20:50:08,2026-02-17,291.6,Jewelry,Mobile Wallet,Ahmedabad,India,Mobile,Android,0,0,0,20,Tuesday,2026-02,0,0,-0.17241618447860002
TXN104651,2026-06-26 20:59:51,2026-06-26,1090.78,Electronics,Online,Mumbai,India,Digital,iOS,0,0,0,20,Friday,2026-06,0,0,-0.25974910760214864
TXN104652,2026-03-05 03:31:16,2026-03-05,2085.13,Grocery,ATM,Lucknow,India,ATM,Android,0,0,0,3,Thursday,2026-03,1,0,-0.1964875990199274
TXN104653,2026-03-02 06:59:52,2026-03-02,698.96,Healthcare,Mobile Wallet,Hyderabad,India,Mobile,MacOS,0,0,0,6,Monday,2026-03,0,0,-0.24539599889688052
TXN104654,2026-06-06 06:52:02,2026-06-06,1076.8,Online Services,Mobile Wallet,Hyderabad,India,Mobile,Windows,0,0,0,6,Saturday,2026-06,0,0,-0.2619140610102935
TXN104655,2026-02-08 02:04:06,2026-02-08,1402.38,Online Services,POS,Lucknow,India,In-Store,Android,0,0,1,2,Sunday,2026-02,1,0,-0.21001346996008763
TXN104656,2026-05-08 01:18:45,2026-05-08,1615.74,Healthcare,Online,Jaipur,India,Digital,Android,0,0,0,1,Friday,2026-05,1,0,-0.20997292722593375
TXN104657,2026-03-29 23:46:37,2026-03-29,934.4,Jewelry,Online,Pune,India,Digital,Android,0,0,0,23,Sunday,2026-03,1,0,-0.21486279998452817
TXN104658,2026-01-26 16:00:32,2026-01-26,4485.18,Food & Dining,Mobile Wallet,Hyderabad,India,Mobile,iOS,0,0,0,16,Monday,2026-01,0,0,-0.16122132279225032
TXN104659,2026-01-17 18:35:45,2026-01-17,1099.64,Online Services,Mobile Wallet,Mumbai,India,Mobile,iOS,0,0,0,18,Saturday,2026-01,0,0,-0.260532791796482
TXN104660,2026-03-12 20:29:01,2026-03-12,378.6,Jewelry,ATM,Ahmedabad,India,ATM,MacOS,0,0,0,20,Thursday,2026-03,0,0,-0.2001590560259403
TXN104661,2026-01-13 04:32:45,2026-01-13,805.6,Online Services,Bank Transfer,Jaipur,India,Digital,iOS,1,0,0,4,Tuesday,2026-01,1,1,0.016483646545854214
TXN104662,2026-03-10 18:16:32,2026-03-10,3098.01,Travel,Bank Transfer,Chennai,India,Digital,iOS,0,0,0,18,Tuesday,2026-03,0,0,-0.2125490365203857
TXN104663,2026-01-26 18:00:57,2026-01-26,2909.63,Electronics,ATM,Chennai,India,ATM,Windows,0,0,0,18,Monday,2026-01,0,0,-0.21710631178615875
TXN104664,2026-02-18 04:21:44,2026-02-18,277.05,Food & Dining,Bank Transfer,Lucknow,India,Digital,iOS,1,0,0,4,Wednesday,2026-02,1,1,0.04750005587003259
TXN104665,2026-01-07 14:02:55,2026-01-07,864.26,Food & Dining,Bank Transfer,Ahmedabad,India,Digital,Android,0,0,0,14,Wednesday,2026-01,0,0,-0.257158626971519
TXN104666,2026-02-27 08:18:22,2026-02-27,719.07,Online Services,POS,Ahmedabad,India,In-Store,MacOS,0,0,0,8,Friday,2026-02,0,0,-0.248233560544452
TXN104667,2026-02-18 00:19:55,2026-02-18,2045.26,Grocery,Online,Chennai,India,Digital,Android,1,0,0,0,Wednesday,2026-02,1,1,0.020152912557746316
TXN104668,2026-04-13 14:51:57,2026-04-13,441.22,Travel,Bank Transfer,Hyderabad,India,Digital,MacOS,0,1,0,14,Monday,2026-04,0,0,-0.13758497456550267
TXN104669,2026-02-22 09:26:52,2026-02-22,3819.94,Utilities,POS,Pune,India,In-Store,Android,0,0,0,9,Sunday,2026-02,0,0,-0.18950062668988082
TXN104670,2026-03-03 03:10:15,2026-03-03,338.35,Grocery,Online,Lucknow,India,Digital,iOS,0,0,0,3,Tuesday,2026-03,1,0,-0.13455515227999215
TXN104671,2026-01-17 10:58:54,2026-01-17,980.31,Travel,Bank Transfer,Chennai,India,Digital,iOS,0,0,0,10,Saturday,2026-01,0,0,-0.254323138910282
TXN104672,2026-06-20 06:01:26,2026-06-20,418.3,Fashion,Bank Transfer,Ahmedabad,India,Digital,Android,0,0,0,6,Saturday,2026-06,0,0,-0.2145931806918629
TXN104673,2026-01-25 21:26:38,2026-01-25,1854.69,Entertainment,Mobile Wallet,Jaipur,India,Mobile,MacOS,0,0,0,21,Sunday,2026-01,0,0,-0.2520114512766721
TXN104674,2026-05-11 07:59:03,2026-05-11,211.34,Electronics,Online,Mumbai,India,Digital,iOS,0,0,0,7,Monday,2026-05,0,0,-0.11371059349609847
TXN104675,2026-01-29 08:56:01,2026-01-29,956.11,Online Services,ATM,Jaipur,India,ATM,iOS,0,0,0,8,Thursday,2026-01,0,0,-0.2564236433581681
TXN104676,2026-04-27 17:01:53,2026-04-27,941.18,Fashion,Online,Jaipur,India,Digital,Unknown,0,0,0,17,Monday,2026-04,0,0,-0.2593193595517305
TXN104677,2026-06-09 00:40:02,2026-06-09,535.5,Online Services,Mobile Wallet,Pune,India,Mobile,MacOS,0,0,0,0,Tuesday,2026-06,1,0,-0.18620680082781793
TXN104678,2026-01-26 17:33:10,2026-01-26,2907.05,Food & Dining,Online,Lucknow,India,Digital,MacOS,1,0,0,17,Monday,2026-01,0,0,-0.016412968863240396
TXN104679,2026-05-04 14:35:51,2026-05-04,4285.36,Travel,ATM,Chennai,India,ATM,iOS,0,0,0,14,Monday,2026-05,0,0,-0.17218112917812028
TXN104680,2026-05-24 03:41:15,2026-05-24,794.49,Electronics,Bank Transfer,Kolkata,India,Digital,Android,0,0,0,3,Sunday,2026-05,1,0,-0.20655140801246158
TXN104681,2026-01-25 07:49:42,2026-01-25,1216.19,Grocery,POS,Ahmedabad,India,In-Store,Android,0,0,0,7,Sunday,2026-01,0,0,-0.26187003791464436
TXN104682,2026-02-23 04:08:35,2026-02-23,669.26,Food & Dining,Mobile Wallet,Jaipur,India,Mobile,Android,0,0,0,4,Monday,2026-02,1,0,-0.19655329133883032
TXN104683,2026-06-05 00:15:09,2026-06-05,399.24,Grocery,Mobile Wallet,Jaipur,India,Mobile,iOS,0,0,0,0,Friday,2026-06,1,0,-0.15784507499313127
TXN104684,2026-03-14 18:18:28,2026-03-14,448.48,Fashion,Online,Lucknow,India,Digital,Windows,0,0,0,18,Saturday,2026-03,0,0,-0.2224321181980362
TXN104685,2026-04-30 06:17:00,2026-04-30,458.06,Food & Dining,Online,Bengaluru,India,Digital,Android,0,0,0,6,Thursday,2026-04,0,0,-0.22844554107538695
TXN104686,2026-02-25 09:28:32,2026-02-25,2978.8,Travel,Online,Ahmedabad,India,Digital,iOS,0,0,0,9,Wednesday,2026-02,0,0,-0.21515187668617702
TXN104687,2026-03-06 20:34:11,2026-03-06,1546.95,Electronics,Online,Mumbai,India,Digital,iOS,0,1,0,20,Friday,2026-03,0,0,-0.1768920602247942
TXN104688,2026-04-03 00:40:31,2026-04-03,511.58,Utilities,Mobile Wallet,Kolkata,India,Mobile,Android,0,0,0,0,Friday,2026-04,1,0,-0.1851066698547753
TXN104689,2026-03-27 17:16:15,2026-03-27,549.49,Jewelry,Mobile Wallet,Chennai,India,Mobile,Android,0,0,0,17,Friday,2026-03,0,0,-0.23701543556801907
TXN104690,2026-03-21 09:03:44,2026-03-21,493.91,Grocery,Online,Delhi,India,Digital,iOS,1,0,0,9,Saturday,2026-03,0,0,-0.022665517941033442
TXN104691,2026-06-18 21:08:41,2026-06-18,244.0,Electronics,POS,Delhi,India,In-Store,Android,0,0,0,21,Thursday,2026-06,0,0,-0.13493444521355868
TXN104692,2026-04-18 17:01:04,2026-04-18,1661.24,Jewelry,POS,Ahmedabad,India,In-Store,iOS,0,0,1,17,Saturday,2026-04,0,0,-0.2535346881441446
TXN104693,2026-06-28 08:52:38,2026-06-28,990.49,Grocery,Online,Chennai,India,Digital,Android,0,1,0,8,Sunday,2026-06,0,0,-0.18159101661868055
TXN104694,2026-04-28 00:28:15,2026-04-28,4306.2,Jewelry,POS,Bengaluru,India,In-Store,Windows,0,0,0,0,Tuesday,2026-04,1,0,-0.10165635272856355
TXN104695,2026-06-06 13:52:12,2026-06-06,207.1,Unknown,POS,Mumbai,India,In-Store,Windows,0,0,0,13,Saturday,2026-06,0,0,-0.10730320105354996
TXN104696,2026-03-24 12:17:05,2026-03-24,2161.52,Online Services,POS,Kolkata,India,In-Store,iOS,0,1,0,12,Tuesday,2026-03,0,0,-0.1634284704765005
TXN104697,2026-05-27 00:23:23,2026-05-27,2320.55,Travel,ATM,Bengaluru,India,ATM,iOS,0,1,0,0,Wednesday,2026-05,1,0,-0.09274715565095282
TXN104698,2026-06-18 23:09:06,2026-06-18,2577.81,Jewelry,Bank Transfer,Kolkata,India,Digital,Android,0,0,0,23,Thursday,2026-06,1,0,-0.18142374276903223
TXN104699,2026-06-22 20:39:51,2026-06-22,1334.77,Travel,Online,Delhi,India,Digital,iOS,0,0,1,20,Monday,2026-06,0,0,-0.25997228996952787
TXN104700,2026-01-15 10:43:56,2026-01-15,2294.32,Entertainment,Bank Transfer,Hyderabad,India,Digital,Windows,0,0,0,10,Thursday,2026-01,0,0,-0.24192555624793793
TXN104701,2026-05-11 03:00:39,2026-05-11,1400.54,Grocery,Bank Transfer,Delhi,India,Digital,Windows,0,1,1,3,Monday,2026-05,1,0,-0.11502809683039306
TXN104702,2026-05-19 18:12:26,2026-05-19,602.55,Travel,Mobile Wallet,Hyderabad,India,Mobile,Android,1,0,0,18,Tuesday,2026-05,0,0,-0.03234261885587564
TXN104703,2026-06-30 13:17:09,2026-06-30,795.55,Utilities,POS,Chennai,India,In-Store,Android,0,0,0,13,Tuesday,2026-06,0,0,-0.2556154025248542
TXN104704,2026-06-23 02:33:50,2026-06-23,778.74,Food & Dining,Mobile Wallet,Ahmedabad,India,Mobile,Android,0,0,0,2,Tuesday,2026-06,1,0,-0.20902637651457429
TXN104705,2026-01-30 14:26:17,2026-01-30,2782.33,Online Services,Mobile Wallet,Delhi,India,Mobile,Android,0,0,0,14,Friday,2026-01,0,0,-0.225311168654119
TXN104706,2026-02-26 11:10:32,2026-02-26,3051.95,Fashion,POS,Lucknow,India,In-Store,iOS,0,0,0,11,Thursday,2026-02,0,0,-0.21433442781500506
TXN104707,2026-05-26 07:07:31,2026-05-26,2104.09,Online Services,POS,Bengaluru,India,In-Store,Android,0,0,0,7,Tuesday,2026-05,0,0,-0.24629933890025418
TXN104708,2026-06-28 11:06:03,2026-06-28,1151.76,Fashion,Mobile Wallet,Lucknow,India,Mobile,Windows,0,0,0,11,Sunday,2026-06,0,0,-0.25944235984207953
TXN104709,2026-05-08 15:31:12,2026-05-08,211.46,Jewelry,Bank Transfer,Chennai,India,Digital,iOS,0,0,0,15,Friday,2026-05,0,0,-0.11389125525115018
TXN104710,2026-02-17 21:59:58,2026-02-17,2119.39,Jewelry,Mobile Wallet,Jaipur,India,Mobile,Android,0,1,0,21,Tuesday,2026-02,0,0,-0.165397950338816
TXN104711,2026-05-16 03:48:59,2026-05-16,2049.44,Travel,Bank Transfer,Lucknow,India,Digital,Android,0,0,0,3,Saturday,2026-05,1,0,-0.1961710544378798
TXN104712,2026-01-22 17:34:54,2026-01-22,1377.31,Online Services,ATM,Chennai,India,ATM,iOS,0,0,0,17,Thursday,2026-01,0,0,-0.25666284947783385
TXN104713,2026-01-06 13:25:56,2026-01-06,1609.17,Online Services,Online,Jaipur,India,Digital,iOS,0,0,0,13,Tuesday,2026-01,0,0,-0.2529110353068278
TXN104714,2026-04-14 00:29:49,2026-04-14,572.86,Electronics,Online,Hyderabad,India,Digital,Windows,1,1,0,0,Tuesday,2026-04,1,1,0.06813920522857253
TXN104715,2026-02-05 05:23:40,2026-02-05,833.23,Entertainment,Mobile Wallet,Lucknow,India,Mobile,MacOS,0,0,0,5,Thursday,2026-02,1,0,-0.2050298211605327
TXN104716,2026-03-20 10:26:46,2026-03-20,568.78,Grocery,POS,Chennai,India,In-Store,Windows,0,0,0,10,Friday,2026-03,0,0,-0.24022313215042218
TXN104717,2026-04-26 10:44:00,2026-04-26,968.48,Online Services,Online,Jaipur,India,Digital,iOS,0,0,0,10,Sunday,2026-04,0,0,-0.25577454073403066
TXN104718,2026-02-26 12:15:35,2026-02-26,2211.97,Electronics,Bank Transfer,Hyderabad,India,Digital,Android,0,0,0,12,Thursday,2026-02,0,0,-0.24384350433226448
TXN104719,2026-02-18 10:17:47,2026-02-18,1557.73,Grocery,Bank Transfer,Chennai,India,Digital,Windows,0,1,0,10,Wednesday,2026-02,0,0,-0.17810461048126996
TXN104720,2026-06-22 16:13:40,2026-06-22,475.57,Fashion,Online,Chennai,India,Digital,MacOS,0,0,0,16,Monday,2026-06,0,0,-0.23247448564488243
TXN104721,2026-03-23 04:49:17,2026-03-23,4748.77,Food & Dining,Online,Hyderabad,India,Digital,iOS,0,0,0,4,Monday,2026-03,1,0,-0.08994044733401685
TXN104722,2026-03-07 11:04:11,2026-03-07,1259.48,Online Services,POS,Hyderabad,India,In-Store,iOS,0,0,0,11,Saturday,2026-03,0,0,-0.260629810048945
TXN104723,2026-03-18 10:37:42,2026-03-18,639.55,Jewelry,Online,Chennai,India,Digital,Android,0,0,0,10,Wednesday,2026-03,0,0,-0.2460362662913762
TXN104724,2026-02-14 21:20:53,2026-02-14,861.9,Fashion,Bank Transfer,Pune,India,Digital,Windows,0,1,0,21,Saturday,2026-02,0,0,-0.1858084258045637
TXN104725,2026-03-20 16:17:23,2026-03-20,703.53,Grocery,POS,Kolkata,India,In-Store,Windows,0,1,0,16,Friday,2026-03,0,0,-0.1826064297552562
TXN104726,2026-01-20 05:58:54,2026-01-20,1314.13,Healthcare,Mobile Wallet,Pune,India,Mobile,Android,0,0,0,5,Tuesday,2026-01,1,0,-0.21376003969529295
TXN104727,2026-05-03 09:07:52,2026-05-03,380.61,Food & Dining,Bank Transfer,Mumbai,India,Digital,Windows,0,0,0,9,Sunday,2026-05,0,0,-0.20133240942299008
TXN104728,2026-03-08 02:08:09,2026-03-08,1387.8,Fashion,ATM,Delhi,India,ATM,MacOS,1,0,0,2,Sunday,2026-03,1,1,0.01658140367237182
TXN104729,2026-03-24 19:11:43,2026-03-24,2147.5,Travel,POS,Kolkata,India,In-Store,Android,0,0,0,19,Tuesday,2026-03,0,0,-0.24497069848975234
TXN104730,2026-01-03 23:57:48,2026-01-03,8730.12,Food & Dining,POS,Bengaluru,India,In-Store,Android,0,0,0,23,Saturday,2026-01,1,0,-0.004102416278558341
TXN104731,2026-03-05 23:58:30,2026-03-05,1355.45,Fashion,POS,Lucknow,India,In-Store,Unknown,0,0,0,23,Thursday,2026-03,1,0,-0.2106793493163947
TXN104732,2026-02-09 10:23:32,2026-02-09,1738.04,Utilities,POS,Delhi,India,In-Store,iOS,0,0,0,10,Monday,2026-02,0,0,-0.2533820408343874
TXN104733,2026-02-28 13:15:34,2026-02-28,1500.98,Food & Dining,Mobile Wallet,Pune,India,Mobile,MacOS,0,0,0,13,Saturday,2026-02,0,0,-0.25445190487681973
TXN104734,2026-03-03 19:25:30,2026-03-03,2533.42,Online Services,POS,Hyderabad,India,In-Store,Android,0,0,0,19,Tuesday,2026-03,0,0,-0.23121552627636938
TXN104735,2026-05-12 06:10:28,2026-05-12,905.41,Food & Dining,Mobile Wallet,Chennai,India,Mobile,iOS,0,1,0,6,Tuesday,2026-05,0,0,-0.18533439171730892
TXN104736,2026-03-01 21:38:44,2026-03-01,1366.06,Electronics,Online,Pune,India,Digital,iOS,0,0,0,21,Sunday,2026-03,0,0,-0.2567004139589866
TXN104737,2026-04-26 03:08:39,2026-04-26,1469.3,Online Services,Online,Bengaluru,India,Digital,Android,0,0,0,3,Sunday,2026-04,1,0,-0.21002723186752792
TXN104738,2026-03-16 01:47:55,2026-03-16,2609.82,Food & Dining,Mobile Wallet,Mumbai,India,Mobile,MacOS,0,1,0,1,Monday,2026-03,1,0,-0.08259817297268712
TXN104739,2026-05-02 23:14:54,2026-05-02,802.35,Electronics,ATM,Bengaluru,India,ATM,iOS,0,0,0,23,Saturday,2026-05,1,0,-0.20832802315827464
TXN104740,2026-04-17 04:05:28,2026-04-17,3936.61,Entertainment,POS,Bengaluru,India,In-Store,iOS,0,1,0,4,Friday,2026-04,1,0,-0.03760585467933697
TXN104741,2026-04-06 08:12:25,2026-04-06,1488.13,Fashion,POS,Pune,India,In-Store,Android,0,0,0,8,Monday,2026-04,0,0,-0.2538691632353677
TXN104742,2026-04-01 22:41:26,2026-04-01,2304.64,Online Services,Online,Hyderabad,India,Digital,iOS,0,0,0,22,Wednesday,2026-04,0,0,-0.24067512683641873
TXN104743,2026-06-07 17:09:16,2026-06-07,432.96,Food & Dining,Bank Transfer,Kolkata,India,Digital,Windows,0,0,0,17,Sunday,2026-06,0,0,-0.21948669432694856
TXN104744,2026-05-10 19:06:15,2026-05-10,2064.66,Unknown,Online,Delhi,India,Digital,Windows,0,0,0,19,Sunday,2026-05,0,0,-0.24917853422857694
TXN104745,2026-03-03 10:44:59,2026-03-03,1594.59,Grocery,ATM,Hyderabad,India,ATM,MacOS,1,0,0,10,Tuesday,2026-03,0,0,-0.05009580850265549
TXN104746,2026-02-18 10:13:41,2026-02-18,5940.57,Fashion,ATM,Ahmedabad,India,ATM,Android,0,0,0,10,Wednesday,2026-02,0,0,-0.10461716095284412
TXN104747,2026-05-17 08:30:15,2026-05-17,1657.02,Jewelry,Mobile Wallet,Pune,India,Mobile,Android,0,0,0,8,Sunday,2026-05,0,0,-0.2535346881441446
TXN104748,2026-04-02 03:49:06,2026-04-02,1850.25,Utilities,POS,Lucknow,India,In-Store,Windows,0,0,0,3,Thursday,2026-04,1,0,-0.20029482791631908
TXN104749,2026-06-08 06:19:05,2026-06-08,569.03,Electronics,Online,Bengaluru,India,Digital,Windows,0,1,0,6,Monday,2026-06,0,0,-0.1689909632069893
TXN104750,2026-05-04 00:20:45,2026-05-04,1413.6,Travel,ATM,Lucknow,India,ATM,iOS,0,0,0,0,Monday,2026-05,1,0,-0.20921509705682123
TXN104751,2026-03-02 06:54:13,2026-03-02,2742.49,Travel,Online,Delhi,India,Digital,Android,0,1,0,6,Monday,2026-03,0,0,-0.138540770297913
TXN104752,2026-02-17 07:40:32,2026-02-17,831.05,Entertainment,Online,Bengaluru,India,Digital,iOS,0,0,0,7,Tuesday,2026-02,0,0,-0.25734666479158597
TXN104753,2026-06-02 03:34:16,2026-06-02,620.49,Utilities,Online,Mumbai,India,Digital,Windows,0,0,0,3,Tuesday,2026-06,1,0,-0.1937992706658695
TXN104754,2026-06-13 15:48:13,2026-06-13,5470.0,Healthcare,POS,Mumbai,India,In-Store,Android,0,1,0,15,Saturday,2026-06,0,0,-0.06698300063221241
TXN104755,2026-05-16 19:37:21,2026-05-16,878.22,Food & Dining,Online,Delhi,India,Digital,Android,0,0,0,19,Saturday,2026-05,0,0,-0.2603086934012795
TXN104756,2026-02-27 18:54:09,2026-02-27,2262.03,Utilities,POS,Bengaluru,India,In-Store,Android,0,1,0,18,Friday,2026-02,0,0,-0.1610207721778601
TXN104757,2026-04-11 16:09:42,2026-04-11,748.24,Fashion,Mobile Wallet,Jaipur,India,Mobile,Android,1,0,0,16,Saturday,2026-04,0,0,-0.04872853951746625
TXN104758,2026-04-22 00:46:41,2026-04-22,772.53,Grocery,Bank Transfer,Ahmedabad,India,Digital,Android,0,0,0,0,Wednesday,2026-04,1,0,-0.20946410815284988
TXN104759,2026-06-22 22:03:51,2026-06-22,994.01,Food & Dining,Online,Jaipur,India,Digital,Android,0,0,0,22,Monday,2026-06,0,0,-0.25462815646014453
TXN104760,2026-03-03 11:02:29,2026-03-03,1734.43,Jewelry,Online,Kolkata,India,Digital,iOS,0,0,0,11,Tuesday,2026-03,0,0,-0.2531936818070734
TXN104761,2026-02-08 20:29:17,2026-02-08,2791.98,Utilities,Bank Transfer,Kolkata,India,Digital,Android,0,1,0,20,Sunday,2026-02,0,0,-0.13938382651344894
TXN104762,2026-02-27 15:27:34,2026-02-27,700.19,Food & Dining,Mobile Wallet,Chennai,India,Mobile,iOS,0,0,0,15,Friday,2026-02,0,0,-0.24628226230351352
TXN104763,2026-04-09 19:52:54,2026-04-09,2687.87,Entertainment,Online,Kolkata,India,Digital,Android,0,0,0,19,Thursday,2026-04,0,0,-0.2283913104570756
TXN104764,2026-02-13 15:23:01,2026-02-13,1224.97,Jewelry,Bank Transfer,Hyderabad,India,Digital,Android,0,0,0,15,Friday,2026-02,0,0,-0.2613768373999786
TXN104765,2026-01-29 16:16:41,2026-01-29,952.61,Fashion,POS,Chennai,India,In-Store,MacOS,0,0,0,16,Thursday,2026-01,0,0,-0.2562644413694883
TXN104766,2026-02-28 04:11:22,2026-02-28,1715.71,Fashion,POS,Mumbai,India,In-Store,Windows,0,0,0,4,Saturday,2026-02,1,0,-0.2078055110406235
TXN104767,2026-03-12 04:04:08,2026-03-12,3440.23,Jewelry,Mobile Wallet,Hyderabad,India,Mobile,iOS,0,0,0,4,Thursday,2026-03,1,0,-0.14257675766147804
TXN104768,2026-04-02 00:06:04,2026-04-02,4146.39,Online Services,Bank Transfer,Bengaluru,India,Digital,iOS,0,0,0,0,Thursday,2026-04,1,0,-0.10537622715624462
TXN104769,2026-01-09 09:36:08,2026-01-09,613.24,Travel,Mobile Wallet,Delhi,India,Mobile,Android,0,2,0,9,Friday,2026-01,0,0,-0.006182975830123505
TXN104770,2026-05-07 22:07:26,2026-05-07,1232.68,Food & Dining,POS,Delhi,India,In-Store,Windows,0,0,0,22,Thursday,2026-05,0,0,-0.26106678830410956
TXN104771,2026-05-14 19:51:34,2026-05-14,1719.42,Fashion,POS,Ahmedabad,India,In-Store,Android,0,0,0,19,Thursday,2026-05,0,0,-0.25483129742647814
TXN104772,2026-06-06 20:43:52,2026-06-06,682.24,Electronics,ATM,Mumbai,India,ATM,Android,1,0,0,20,Saturday,2026-06,0,0,-0.044323409127301705
TXN104773,2026-05-25 02:03:56,2026-05-25,1372.96,Jewelry,POS,Ahmedabad,India,In-Store,iOS,0,0,0,2,Monday,2026-05,1,0,-0.21114198581437743
TXN104774,2026-05-24 07:25:54,2026-05-24,617.29,Fashion,ATM,Jaipur,India,ATM,Android,0,0,0,7,Sunday,2026-05,0,0,-0.24793326303413044
TXN104775,2026-05-11 16:43:14,2026-05-11,1821.42,Online Services,Online,Pune,India,Digital,iOS,0,0,0,16,Monday,2026-05,0,0,-0.2517245130401916
TXN104776,2026-01-21 06:49:04,2026-01-21,3539.18,Electronics,Online,Mumbai,India,Digital,Android,0,0,0,6,Wednesday,2026-01,0,0,-0.19714429029915215
TXN104777,2026-03-05 16:43:00,2026-03-05,1027.89,Food & Dining,POS,Lucknow,India,In-Store,Android,0,0,0,16,Thursday,2026-03,0,0,-0.25572467252584274
TXN104778,2026-03-31 17:34:55,2026-03-31,1990.86,Grocery,Bank Transfer,Kolkata,India,Digital,Windows,0,0,0,17,Tuesday,2026-03,0,0,-0.2483632133899396
TXN104779,2026-02-05 03:30:38,2026-02-05,2489.87,Utilities,Mobile Wallet,Chennai,India,Mobile,iOS,0,0,0,3,Thursday,2026-02,1,0,-0.1849146342493005
TXN104780,2026-03-03 18:15:15,2026-03-03,3508.08,Food & Dining,POS,Jaipur,India,In-Store,Android,0,0,0,18,Tuesday,2026-03,0,0,-0.19776727652769138
TXN104781,2026-06-19 19:16:49,2026-06-19,1538.64,Entertainment,ATM,Kolkata,India,ATM,Android,0,1,0,19,Friday,2026-06,0,0,-0.17557290107304663
TXN104782,2026-03-17 23:05:06,2026-03-17,2726.54,Grocery,Online,Chennai,India,Digital,Android,0,1,0,23,Tuesday,2026-03,1,0,-0.07735306160338018
TXN104783,2026-06-19 04:45:57,2026-06-19,4062.13,Electronics,Mobile Wallet,Delhi,India,Mobile,Windows,0,0,0,4,Friday,2026-06,1,0,-0.10919168117274614
TXN104784,2026-01-13 12:39:25,2026-01-13,877.75,Grocery,POS,Hyderabad,India,In-Store,iOS,0,0,0,12,Tuesday,2026-01,0,0,-0.25976859667203206
TXN104785,2026-01-11 19:26:36,2026-01-11,445.12,Travel,Bank Transfer,Delhi,India,Digital,iOS,0,1,1,19,Sunday,2026-01,0,0,-0.13856286891108116
TXN104786,2026-02-23 18:18:08,2026-02-23,1749.19,Entertainment,Bank Transfer,Jaipur,India,Digital,Android,0,1,0,18,Monday,2026-02,0,0,-0.17743670525514177
TXN104787,2026-01-16 15:34:55,2026-01-16,1316.93,Food & Dining,Online,Delhi,India,Digital,iOS,0,0,1,15,Friday,2026-01,0,0,-0.25969395730272693
TXN104788,2026-01-08 18:02:27,2026-01-08,1123.58,Entertainment,POS,Delhi,India,In-Store,Android,0,0,0,18,Thursday,2026-01,0,0,-0.26116076042459013
TXN104789,2026-04-14 19:41:20,2026-04-14,723.81,Food & Dining,Mobile Wallet,Delhi,India,Mobile,iOS,0,0,0,19,Tuesday,2026-04,0,0,-0.24834343535999848
TXN104790,2026-02-28 01:15:07,2026-02-28,2224.57,Travel,Online,Mumbai,India,Digital,iOS,0,1,0,1,Saturday,2026-02,1,0,-0.0972123218001858
TXN104791,2026-02-26 12:13:08,2026-02-26,684.77,Travel,Bank Transfer,Jaipur,India,Digital,Windows,0,0,0,12,Thursday,2026-02,0,0,-0.24687731045389621
TXN104792,2026-02-09 04:41:05,2026-02-09,638.91,Electronics,Mobile Wallet,Ahmedabad,India,Mobile,Windows,0,0,0,4,Monday,2026-02,1,0,-0.19520215203297864
TXN104793,2026-05-10 07:33:33,2026-05-10,986.5,Online Services,POS,Delhi,India,In-Store,Android,0,0,0,7,Sunday,2026-05,0,0,-0.2551196982663841
TXN104794,2026-04-04 15:32:34,2026-04-04,2305.62,Entertainment,Mobile Wallet,Delhi,India,Mobile,MacOS,0,0,0,15,Saturday,2026-04,0,0,-0.2408128446228267
TXN104795,2026-05-18 15:57:30,2026-05-18,370.51,Electronics,Mobile Wallet,Chennai,India,Mobile,Android,0,0,0,15,Monday,2026-05,0,0,-0.1983480444586707
TXN104796,2026-02-13 01:14:37,2026-02-13,486.93,Electronics,Bank Transfer,Hyderabad,India,Digital,Android,0,0,0,1,Friday,2026-02,1,0,-0.18553506578252443
TXN104797,2026-05-19 17:17:02,2026-05-19,569.26,Online Services,Online,Delhi,India,Digital,Android,0,1,0,17,Tuesday,2026-05,0,0,-0.16902455779528525
TXN104798,2026-03-21 01:48:53,2026-03-21,5359.33,Healthcare,POS,Ahmedabad,India,In-Store,Windows,0,1,0,1,Saturday,2026-03,1,0,-0.017471245507442057
TXN104799,2026-03-22 13:43:15,2026-03-22,1374.75,Entertainment,Online,Ahmedabad,India,Digital,iOS,0,1,0,13,Sunday,2026-03,0,0,-0.1834002453502777
TXN104800,2026-01-02 06:29:56,2026-01-02,476.17,Fashion,Mobile Wallet,Hyderabad,India,Mobile,Android,0,0,0,6,Friday,2026-01,0,0,-0.23209398706366657
TXN104801,2026-06-27 03:32:35,2026-06-27,987.56,Travel,Mobile Wallet,Hyderabad,India,Mobile,Android,0,0,0,3,Saturday,2026-06,1,0,-0.22055497765562498
TXN104802,2026-05-20 00:14:25,2026-05-20,2035.58,Jewelry,ATM,Jaipur,India,ATM,Android,0,1,0,0,Wednesday,2026-05,1,0,-0.10768037207727199
TXN104803,2026-04-25 03:06:13,2026-04-25,5431.45,Utilities,POS,Hyderabad,India,In-Store,MacOS,0,0,0,3,Saturday,2026-04,1,0,-0.07051910274191886
TXN104804,2026-03-31 16:21:45,2026-03-31,320.32,Travel,Online,Lucknow,India,Digital,iOS,0,0,0,16,Tuesday,2026-03,0,0,-0.18417369921343157
TXN104805,2026-01-23 10:34:57,2026-01-23,464.18,Online Services,Bank Transfer,Jaipur,India,Digital,Android,0,0,0,10,Friday,2026-01,0,0,-0.23156821027951757
TXN104806,2026-05-26 09:16:11,2026-05-26,836.6,Utilities,Bank Transfer,Bengaluru,India,Digital,MacOS,0,0,0,9,Tuesday,2026-05,0,0,-0.25856301451202707
TXN104807,2026-03-03 03:07:34,2026-03-03,860.52,Travel,Mobile Wallet,Delhi,India,Mobile,Android,0,0,0,3,Tuesday,2026-03,1,0,-0.20397663553350076
TXN104808,2026-04-23 01:06:58,2026-04-23,849.55,Fashion,Bank Transfer,Ahmedabad,India,Digital,iOS,0,0,0,1,Thursday,2026-04,1,0,-0.20394694471795854
TXN104809,2026-05-08 01:26:32,2026-05-08,1002.45,Electronics,Bank Transfer,Bengaluru,India,Digital,iOS,0,1,0,1,Friday,2026-05,1,0,-0.11146082520673861
TXN104810,2026-03-03 00:33:35,2026-03-03,5557.87,Grocery,Bank Transfer,Delhi,India,Digital,Android,0,0,0,0,Tuesday,2026-03,1,0,-0.06712652982124456
TXN104811,2026-02-07 19:08:36,2026-02-07,398.38,Healthcare,ATM,Ahmedabad,India,ATM,Android,0,0,0,19,Saturday,2026-02,0,0,-0.20840620060935416
TXN104812,2026-06-15 07:52:23,2026-06-15,1246.21,Travel,POS,Ahmedabad,India,In-Store,iOS,0,1,0,7,Monday,2026-06,0,0,-0.18572943294408928
TXN104813,2026-03-02 19:15:06,2026-03-02,1717.77,Utilities,Mobile Wallet,Chennai,India,Mobile,MacOS,0,1,0,19,Monday,2026-03,0,0,-0.17975643458303403
TXN104814,2026-05-09 01:37:09,2026-05-09,343.33,Jewelry,ATM,Jaipur,India,ATM,Windows,0,1,0,1,Saturday,2026-05,1,0,-0.051469011907577245
TXN104815,2026-06-22 09:33:01,2026-06-22,3454.26,Grocery,POS,Pune,India,In-Store,iOS,0,0,0,9,Monday,2026-06,0,0,-0.19984680889046075
TXN104816,2026-06-05 22:31:21,2026-06-05,967.33,Food & Dining,Online,Chennai,India,Digital,Windows,0,0,0,22,Friday,2026-06,0,0,-0.25534145122398155
TXN104817,2026-05-29 05:04:23,2026-05-29,460.84,Utilities,Online,Bengaluru,India,Digital,iOS,0,0,0,5,Friday,2026-05,1,0,-0.17666592514197327
TXN104818,2026-05-02 14:47:40,2026-05-02,3779.75,Utilities,POS,Kolkata,India,In-Store,Android,0,0,0,14,Saturday,2026-05,0,0,-0.1895240537731645
TXN104819,2026-04-20 12:01:46,2026-04-20,1891.31,Utilities,Online,Jaipur,India,Digital,MacOS,0,0,0,12,Monday,2026-04,0,0,-0.2523767832201754
TXN104820,2026-01-13 16:13:38,2026-01-13,710.43,Fashion,Online,Hyderabad,India,Digital,iOS,0,1,0,16,Tuesday,2026-01,0,0,-0.18360961129388936
TXN104821,2026-06-04 00:02:28,2026-06-04,1958.64,Food & Dining,POS,Kolkata,India,In-Store,Android,1,0,0,0,Thursday,2026-06,1,1,0.02035774884208985
TXN104822,2026-04-10 00:29:14,2026-04-10,1495.43,Entertainment,Online,Bengaluru,India,Digital,Windows,0,0,0,0,Friday,2026-04,1,0,-0.20859074774425956
TXN104823,2026-05-15 07:25:45,2026-05-15,320.8,Jewelry,Bank Transfer,Delhi,India,Digital,iOS,0,0,0,7,Friday,2026-05,0,0,-0.18529496397520884
TXN104824,2026-01-22 20:15:14,2026-01-22,346.89,Travel,POS,Mumbai,India,In-Store,Android,0,0,1,20,Thursday,2026-01,0,0,-0.1917574881422755
TXN104825,2026-03-15 15:30:33,2026-03-15,1435.68,Online Services,ATM,Pune,India,ATM,Android,0,0,0,15,Sunday,2026-03,0,0,-0.2525399436164854
TXN104826,2026-06-30 05:35:40,2026-06-30,265.82,Travel,Online,Chennai,India,Digital,iOS,0,2,0,5,Tuesday,2026-06,1,1,0.05877415544592213
TXN104827,2026-05-12 20:48:27,2026-05-12,2451.24,Jewelry,POS,Delhi,India,In-Store,Android,0,0,0,20,Tuesday,2026-05,0,0,-0.2351871468089437
TXN104828,2026-01-23 16:50:53,2026-01-23,363.33,Healthcare,POS,Bengaluru,India,In-Store,iOS,0,0,1,16,Friday,2026-01,0,0,-0.19752753028076198
TXN104829,2026-04-29 17:05:21,2026-04-29,2290.5,Food & Dining,Bank Transfer,Jaipur,India,Digital,Android,0,0,1,17,Wednesday,2026-04,0,0,-0.24192555624793793
TXN104830,2026-03-11 21:45:15,2026-03-11,3424.89,Entertainment,Bank Transfer,Bengaluru,India,Digital,iOS,0,0,0,21,Wednesday,2026-03,0,0,-0.20022938985197714
TXN104831,2026-03-25 08:37:55,2026-03-25,1622.51,Travel,Online,Kolkata,India,Digital,MacOS,0,0,0,8,Wednesday,2026-03,0,0,-0.25284169739418333
TXN104832,2026-04-11 08:31:37,2026-04-11,57.35,Travel,ATM,Mumbai,India,ATM,Unknown,0,0,0,8,Saturday,2026-04,0,0,-0.013620237141482305
TXN104833,2026-03-25 15:09:04,2026-03-25,2687.21,Grocery,Online,Kolkata,India,Digital,iOS,0,0,0,15,Wednesday,2026-03,0,0,-0.2283913104570756
TXN104834,2026-06-10 02:43:15,2026-06-10,773.37,Grocery,Mobile Wallet,Jaipur,India,Mobile,Android,0,0,0,2,Wednesday,2026-06,1,0,-0.20902767981622822
TXN104835,2026-01-28 17:55:55,2026-01-28,1047.25,Fashion,Mobile Wallet,Ahmedabad,India,Mobile,iOS,0,4,0,17,Wednesday,2026-01,0,1,0.01561253647156624
TXN104836,2026-05-16 14:30:04,2026-05-16,605.08,Utilities,POS,Kolkata,India,In-Store,Windows,0,0,0,14,Saturday,2026-05,0,0,-0.2437743104232768
TXN104837,2026-01-01 19:22:34,2026-01-01,4212.01,Entertainment,Bank Transfer,Lucknow,India,Digital,Android,1,0,0,19,Thursday,2026-01,0,1,0.008765717734721568
TXN104838,2026-06-14 18:01:00,2026-06-14,1263.87,Grocery,Bank Transfer,Ahmedabad,India,Digital,Android,0,1,0,18,Sunday,2026-06,0,0,-0.1847453205997479
TXN104839,2026-03-04 14:18:49,2026-03-04,792.43,Online Services,Bank Transfer,Hyderabad,India,Digital,iOS,0,0,0,14,Wednesday,2026-03,0,0,-0.2551660679113422
TXN104840,2026-01-22 03:14:32,2026-01-22,3202.03,Entertainment,Bank Transfer,Delhi,India,Digital,iOS,0,0,0,3,Thursday,2026-01,1,0,-0.15040035691596138
TXN104841,2026-03-11 15:03:58,2026-03-11,2216.34,Jewelry,Mobile Wallet,Jaipur,India,Mobile,Windows,0,0,0,15,Wednesday,2026-03,0,0,-0.24384350433226448
TXN104842,2026-05-05 09:59:10,2026-05-05,443.22,Healthcare,ATM,Bengaluru,India,ATM,iOS,0,0,0,9,Tuesday,2026-05,0,0,-0.22238963164199627
TXN104843,2026-05-29 03:03:29,2026-05-29,1432.56,Electronics,ATM,Hyderabad,India,ATM,Windows,1,2,0,3,Friday,2026-05,1,1,0.10373103387414795
TXN104844,2026-04-06 13:04:56,2026-04-06,1307.98,Food & Dining,Mobile Wallet,Kolkata,India,Mobile,Android,0,0,0,13,Monday,2026-04,0,0,-0.2598252422370801
TXN104845,2026-06-12 05:25:44,2026-06-12,337.76,Entertainment,ATM,Delhi,India,ATM,Android,0,0,0,5,Friday,2026-06,1,0,-0.13487657450802715
TXN104846,2026-03-20 15:28:48,2026-03-20,2125.33,Grocery,Bank Transfer,Ahmedabad,India,Digital,Windows,1,2,0,15,Friday,2026-03,0,1,0.07701262684111598
TXN104847,2026-01-05 08:09:41,2026-01-05,1071.45,Grocery,Online,Lucknow,India,Digital,Android,0,0,0,8,Monday,2026-01,0,0,-0.26126789324577643
TXN104848,2026-03-01 07:01:27,2026-03-01,6129.76,Grocery,POS,Ahmedabad,India,In-Store,Android,0,0,0,7,Sunday,2026-03,0,0,-0.09916685355947252
TXN104849,2026-04-30 17:56:50,2026-04-30,3387.39,Travel,Online,Chennai,India,Digital,Android,0,0,0,17,Thursday,2026-04,0,0,-0.20043115791052774
TXN104850,2026-02-15 18:55:22,2026-02-15,1309.87,Fashion,POS,Jaipur,India,In-Store,Windows,0,1,0,18,Sunday,2026-02,0,0,-0.18429762909685676
TXN104851,2026-06-27 18:56:24,2026-06-27,1022.58,Food & Dining,POS,Ahmedabad,India,In-Store,Windows,0,0,0,18,Saturday,2026-06,0,0,-0.25562203063098893
TXN104852,2026-06-25 11:08:01,2026-06-25,213.63,Electronics,Mobile Wallet,Mumbai,India,Mobile,Android,0,0,0,11,Thursday,2026-06,0,0,-0.11410930344550496
TXN104853,2026-05-14 23:13:57,2026-05-14,2151.39,Healthcare,ATM,Jaipur,India,ATM,MacOS,0,0,0,23,Thursday,2026-05,1,0,-0.1935288294996863
TXN104854,2026-02-25 12:35:12,2026-02-25,1038.25,Entertainment,Bank Transfer,Chennai,India,Digital,Android,0,0,0,12,Wednesday,2026-02,0,0,-0.25725248071897966
TXN104855,2026-04-20 20:15:43,2026-04-20,754.5,Travel,POS,Jaipur,India,In-Store,MacOS,0,0,0,20,Monday,2026-04,0,0,-0.2516910813162089
TXN104856,2026-06-06 22:59:50,2026-06-06,1115.67,Grocery,Mobile Wallet,Jaipur,India,Mobile,MacOS,0,1,0,22,Saturday,2026-06,0,0,-0.18449544189829475
TXN104857,2026-04-14 22:26:10,2026-04-14,3798.25,Grocery,ATM,Lucknow,India,ATM,Windows,0,0,0,22,Tuesday,2026-04,0,0,-0.1897112158645406
TXN104858,2026-03-18 14:38:46,2026-03-18,3267.29,Fashion,Bank Transfer,Lucknow,India,Digital,Android,0,0,0,14,Wednesday,2026-03,0,0,-0.20180806107405957
TXN104859,2026-05-26 06:10:11,2026-05-26,3260.09,Electronics,Online,Bengaluru,India,Digital,Android,0,0,0,6,Tuesday,2026-05,0,0,-0.20165714600411633
TXN104860,2026-01-02 08:11:20,2026-01-02,477.91,Fashion,POS,Ahmedabad,India,In-Store,iOS,0,0,0,8,Friday,2026-01,0,0,-0.23223460729997636
TXN104861,2026-01-08 13:16:20,2026-01-08,3880.48,Entertainment,ATM,Unknown,India,ATM,Android,0,0,0,13,Thursday,2026-01,0,0,-0.18474528455067935
TXN104862,2026-03-16 15:52:18,2026-03-16,740.93,Food & Dining,ATM,Kolkata,India,ATM,Windows,0,2,0,15,Monday,2026-03,0,0,-0.013499316994136423
TXN104863,2026-05-05 11:48:23,2026-05-05,1992.19,Electronics,Mobile Wallet,Lucknow,India,Mobile,MacOS,1,1,0,11,Tuesday,2026-05,0,1,0.0355674788777216
TXN104864,2026-02-07 16:04:53,2026-02-07,1811.66,Fashion,Mobile Wallet,Delhi,India,Mobile,MacOS,0,1,0,16,Saturday,2026-02,0,0,-0.17756280798937407
TXN104865,2026-06-25 12:49:53,2026-06-25,979.7,Entertainment,Mobile Wallet,Delhi,India,Mobile,Android,0,0,0,12,Thursday,2026-06,0,0,-0.254323138910282
TXN104866,2026-01-27 17:02:38,2026-01-27,1301.63,Online Services,ATM,Delhi,India,ATM,Android,0,0,0,17,Tuesday,2026-01,0,0,-0.25900655996579697
TXN104867,2026-01-20 22:27:37,2026-01-20,294.55,Utilities,Mobile Wallet,Delhi,India,Mobile,Android,0,0,0,22,Tuesday,2026-01,0,0,-0.1735402245733294
TXN104868,2026-05-20 21:43:02,2026-05-20,1149.62,Food & Dining,Mobile Wallet,Hyderabad,India,Mobile,Android,0,0,0,21,Wednesday,2026-05,0,0,-0.25944235984207953
TXN104869,2026-02-12 06:08:37,2026-02-12,3168.43,Fashion,Online,Kolkata,India,Digital,Android,1,0,0,6,Thursday,2026-02,0,0,-0.01039052407574892
TXN104870,2026-01-31 16:24:16,2026-01-31,6355.89,Fashion,POS,Delhi,India,In-Store,Android,0,0,0,16,Saturday,2026-01,0,0,-0.09396931671515907
TXN104871,2026-04-01 16:18:26,2026-04-01,1122.29,Online Services,Online,Chennai,India,Digital,Android,1,0,0,16,Wednesday,2026-04,0,0,-0.06024048342987265
TXN104872,2026-03-02 19:33:49,2026-03-02,619.12,Grocery,Online,Kolkata,India,Digital,Android,0,0,0,19,Monday,2026-03,0,0,-0.24784609388709883
TXN104873,2026-04-19 02:37:56,2026-04-19,1202.49,Jewelry,Online,Jaipur,India,Digital,Windows,0,0,0,2,Sunday,2026-04,1,0,-0.21780138806332083
TXN104874,2026-04-01 23:00:06,2026-04-01,640.67,Entertainment,Online,Ahmedabad,India,Digital,iOS,0,1,0,23,Wednesday,2026-04,1,0,-0.09097508430952594
TXN104875,2026-06-12 15:16:46,2026-06-12,352.44,Healthcare,Bank Transfer,Jaipur,India,Digital,iOS,1,1,0,15,Friday,2026-06,0,1,0.049139522102065736
TXN104876,2026-04-05 19:25:18,2026-04-05,1524.81,Grocery,POS,Kolkata,India,In-Store,iOS,0,0,0,19,Sunday,2026-04,0,0,-0.25271481170775967
TXN104877,2026-05-23 17:32:35,2026-05-23,1103.4,Entertainment,POS,Bengaluru,India,In-Store,Android,0,0,0,17,Saturday,2026-05,0,0,-0.260532791796482
TXN104878,2026-05-24 18:42:01,2026-05-24,2427.31,Food & Dining,Bank Transfer,Mumbai,India,Digital,MacOS,0,0,0,18,Sunday,2026-05,0,0,-0.23820538130184532
TXN104879,2026-01-13 12:43:18,2026-01-13,3515.05,Grocery,Mobile Wallet,Lucknow,India,Mobile,Android,0,0,0,12,Tuesday,2026-01,0,0,-0.19776727652769138
TXN104880,2026-04-23 21:27:51,2026-04-23,4971.44,Travel,Mobile Wallet,Kolkata,India,Mobile,iOS,0,0,0,21,Thursday,2026-04,0,0,-0.13994734046282242
TXN104881,2026-02-04 08:22:57,2026-02-04,1317.88,Online Services,ATM,Pune,India,ATM,Android,0,0,0,8,Wednesday,2026-02,0,0,-0.25969395730272693
TXN104882,2026-05-29 22:50:15,2026-05-29,1906.9,Food & Dining,POS,Delhi,India,In-Store,MacOS,0,2,0,22,Friday,2026-05,0,0,-0.01073952375787468
TXN104883,2026-06-07 11:56:53,2026-06-07,1373.68,Fashion,POS,Mumbai,India,In-Store,MacOS,0,0,0,11,Sunday,2026-06,0,0,-0.2565680717377821
TXN104884,2026-02-17 22:56:40,2026-02-17,171.52,Grocery,Online,Lucknow,India,Digital,Android,0,2,0,22,Tuesday,2026-02,0,1,0.05491954523208287
TXN104885,2026-02-04 14:50:50,2026-02-04,2947.75,Healthcare,Online,Hyderabad,India,Digital,MacOS,0,0,0,14,Wednesday,2026-02,0,0,-0.2159324368419091
TXN104886,2026-03-27 13:18:48,2026-03-27,1697.06,Healthcare,POS,Hyderabad,India,In-Store,iOS,0,0,0,13,Friday,2026-03,0,0,-0.2542390951950295
TXN104887,2026-06-15 12:36:22,2026-06-15,1715.4,Entertainment,Mobile Wallet,Pune,India,Mobile,Windows,0,1,0,12,Monday,2026-06,0,0,-0.17975643458303403
TXN104888,2026-06-08 23:37:18,2026-06-08,727.74,Food & Dining,Online,Chennai,India,Digital,Android,0,0,1,23,Monday,2026-06,1,0,-0.2051214532664713
TXN104889,2026-06-01 00:12:40,2026-06-01,655.65,Fashion,Online,Jaipur,India,Digital,Android,0,0,0,0,Monday,2026-06,1,0,-0.19604568570637165
TXN104890,2026-04-24 06:42:22,2026-04-24,1038.58,Entertainment,Online,Ahmedabad,India,Digital,Windows,0,0,0,6,Friday,2026-04,0,0,-0.25863564679344136
TXN104891,2026-06-26 04:48:10,2026-06-26,1713.58,Electronics,Bank Transfer,Jaipur,India,Digital,Android,0,0,0,4,Friday,2026-06,1,0,-0.2078055110406235
TXN104892,2026-04-10 19:43:55,2026-04-10,230.02,Jewelry,POS,Lucknow,India,In-Store,MacOS,0,1,0,19,Friday,2026-04,0,0,-0.05770497774452299
TXN104893,2026-06-09 00:06:04,2026-06-09,1289.17,Food & Dining,POS,Kolkata,India,In-Store,Android,0,0,0,0,Tuesday,2026-06,1,0,-0.2167924452571986
TXN104894,2026-04-09 15:48:41,2026-04-09,4233.54,Travel,Online,Jaipur,India,Digital,Android,0,0,0,15,Thursday,2026-04,0,0,-0.17362206869867808
TXN104895,2026-01-03 05:29:57,2026-01-03,987.26,Fashion,POS,Bengaluru,India,In-Store,iOS,0,1,0,5,Saturday,2026-01,1,0,-0.11193342868123601
TXN104896,2026-03-26 09:02:15,2026-03-26,225.06,Utilities,Online,Jaipur,India,Digital,Android,0,0,0,9,Thursday,2026-03,0,0,-0.11974902769779794
TXN104897,2026-05-05 12:51:40,2026-05-05,942.98,Electronics,POS,Delhi,India,In-Store,MacOS,0,0,0,12,Tuesday,2026-05,0,0,-0.2593193595517305
TXN104898,2026-05-18 13:06:16,2026-05-18,1388.35,Travel,Online,Jaipur,India,Digital,Android,0,1,0,13,Monday,2026-05,0,0,-0.18210955324284334
TXN104899,2026-03-24 04:28:25,2026-03-24,1481.59,Healthcare,Bank Transfer,Pune,India,Digital,Android,0,1,0,4,Tuesday,2026-03,1,0,-0.11408458477052674
TXN104900,2026-01-25 02:12:19,2026-01-25,1241.15,Travel,POS,Hyderabad,India,In-Store,iOS,0,0,0,2,Sunday,2026-01,1,0,-0.21777088350088714
TXN104901,2026-03-09 22:04:32,2026-03-09,5161.37,Utilities,Bank Transfer,Delhi,India,Digital,Windows,0,0,0,22,Monday,2026-03,0,0,-0.13028111714356194
TXN104902,2026-03-02 11:40:29,2026-03-02,1227.46,Electronics,POS,Lucknow,India,In-Store,MacOS,0,0,0,11,Monday,2026-03,0,0,-0.2612269173474664
TXN104903,2026-01-29 04:24:23,2026-01-29,1278.63,Utilities,POS,Bengaluru,India,In-Store,Android,0,0,0,4,Thursday,2026-01,1,0,-0.21739583012403724
TXN104904,2026-05-07 21:41:37,2026-05-07,695.55,Grocery,Online,Chennai,India,Digital,Android,0,0,0,21,Thursday,2026-05,0,0,-0.2465444941225201
TXN104905,2026-01-19 02:54:07,2026-01-19,2334.29,Grocery,POS,Jaipur,India,In-Store,iOS,0,0,0,2,Monday,2026-01,1,0,-0.18644766881434072
TXN104906,2026-06-20 13:02:20,2026-06-20,4262.72,Online Services,POS,Kolkata,India,In-Store,Android,0,0,0,13,Saturday,2026-06,0,0,-0.17351234466453896
TXN104907,2026-03-15 21:39:07,2026-03-15,663.48,Food & Dining,POS,Bengaluru,India,In-Store,iOS,0,1,1,21,Sunday,2026-03,0,0,-0.18045407125862428
TXN104908,2026-03-02 23:36:41,2026-03-02,1005.35,Fashion,Bank Transfer,Hyderabad,India,Digital,Windows,0,0,0,23,Monday,2026-03,1,0,-0.22069016696389865
TXN104909,2026-06-20 05:27:22,2026-06-20,170.74,Electronics,Mobile Wallet,Delhi,India,Mobile,Android,0,1,0,5,Saturday,2026-06,1,1,0.007232877134969895
TXN104910,2026-06-02 18:47:23,2026-06-02,561.56,Entertainment,Bank Transfer,Ahmedabad,India,Digital,Android,0,0,0,18,Tuesday,2026-06,0,0,-0.23872750580825236
TXN104911,2026-01-20 02:12:08,2026-01-20,5299.98,Food & Dining,Online,Pune,India,Digital,Android,0,0,0,2,Tuesday,2026-01,1,0,-0.07586624600319336
TXN104912,2026-02-17 13:20:02,2026-02-17,864.56,Jewelry,ATM,Bengaluru,India,ATM,Windows,0,0,0,13,Tuesday,2026-02,0,0,-0.257158626971519
TXN104913,2026-03-28 23:34:13,2026-03-28,1314.99,Jewelry,Online,Chennai,India,Digital,Android,0,0,0,23,Saturday,2026-03,1,0,-0.21376003969529295
TXN104914,2026-06-01 06:56:57,2026-06-01,612.22,Entertainment,Bank Transfer,Chennai,India,Digital,Android,1,1,0,6,Monday,2026-06,0,1,0.033623813020284166
TXN104915,2026-05-19 21:57:44,2026-05-19,1569.1,Fashion,POS,Mumbai,India,In-Store,Android,0,0,0,21,Tuesday,2026-05,0,0,-0.25423887697973346
TXN104916,2026-04-20 03:41:53,2026-04-20,953.72,Food & Dining,Online,Chennai,India,Digital,MacOS,0,0,0,3,Monday,2026-04,1,0,-0.21766240276574156
TXN104917,2026-01-28 00:25:59,2026-01-28,1523.47,Unknown,Mobile Wallet,Pune,India,Mobile,iOS,0,0,0,0,Wednesday,2026-01,1,0,-0.2091365779223251
TXN104918,2026-02-28 14:08:13,2026-02-28,1192.38,Grocery,ATM,Lucknow,India,ATM,Android,0,1,0,14,Saturday,2026-02,0,0,-0.18341581378815353
TXN104919,2026-05-13 04:12:47,2026-05-13,3479.61,Travel,POS,Lucknow,India,In-Store,Android,0,0,0,4,Wednesday,2026-05,1,0,-0.1400015364725572
TXN104920,2026-02-20 22:27:59,2026-02-20,1254.89,Grocery,Online,Delhi,India,Digital,Android,0,2,0,22,Friday,2026-02,0,0,-0.014425237075354258
TXN104921,2026-05-29 10:43:18,2026-05-29,562.59,Grocery,POS,Bengaluru,India,In-Store,Android,0,0,0,10,Friday,2026-05,0,0,-0.23818164969359068
TXN104922,2026-01-12 02:05:23,2026-01-12,659.2,Electronics,Mobile Wallet,Lucknow,India,Mobile,Windows,0,0,0,2,Monday,2026-01,1,0,-0.19598109594355345
TXN104923,2026-02-19 13:49:37,2026-02-19,245.95,Food & Dining,ATM,Chennai,India,ATM,iOS,0,1,0,13,Thursday,2026-02,0,0,-0.06410526454564547
TXN104924,2026-05-12 07:53:59,2026-05-12,1212.36,Utilities,Mobile Wallet,Bengaluru,India,Mobile,Windows,0,1,0,7,Tuesday,2026-05,0,0,-0.1842814290491107
TXN104925,2026-04-23 22:31:00,2026-04-23,1042.26,Food & Dining,Online,Chennai,India,Digital,Android,0,0,0,22,Thursday,2026-04,0,0,-0.25809321836339183
TXN104926,2026-06-19 03:41:25,2026-06-19,3679.95,Fashion,POS,Chennai,India,In-Store,Android,0,0,0,3,Friday,2026-06,1,0,-0.13127808772555616
TXN104927,2026-06-15 03:02:53,2026-06-15,429.12,Grocery,Bank Transfer,Ahmedabad,India,Digital,Android,0,0,0,3,Monday,2026-06,1,0,-0.1699383750393751
TXN104928,2026-06-02 06:18:14,2026-06-02,627.6,Food & Dining,POS,Lucknow,India,In-Store,iOS,0,0,0,6,Tuesday,2026-06,0,0,-0.24601947677206282
TXN104929,2026-01-14 09:56:14,2026-01-14,632.89,Travel,Online,Jaipur,India,Digital,Android,0,0,0,9,Wednesday,2026-01,0,0,-0.24726104668219306
TXN104930,2026-02-01 01:11:42,2026-02-01,895.28,Entertainment,ATM,Ahmedabad,India,ATM,iOS,0,1,0,1,Sunday,2026-02,1,0,-0.10637687561029552
TXN104931,2026-05-19 06:13:11,2026-05-19,399.91,Jewelry,ATM,Bengaluru,India,ATM,Android,0,0,0,6,Tuesday,2026-05,0,0,-0.208532787359263
TXN104932,2026-05-26 01:16:51,2026-05-26,877.6,Grocery,Bank Transfer,Mumbai,India,Digital,Android,0,0,0,1,Tuesday,2026-05,1,0,-0.20850751105290627
TXN104933,2026-06-04 02:36:12,2026-06-04,1113.17,Electronics,Bank Transfer,Bengaluru,India,Digital,iOS,0,0,0,2,Thursday,2026-06,1,0,-0.22348420002735347
TXN104934,2026-02-24 06:45:12,2026-02-24,1140.28,Food & Dining,Bank Transfer,Mumbai,India,Digital,Android,1,1,0,6,Tuesday,2026-02,0,1,0.027847795345976256
TXN104935,2026-04-30 03:54:40,2026-04-30,3037.21,Jewelry,ATM,Jaipur,India,ATM,Windows,0,0,0,3,Thursday,2026-04,1,0,-0.16013999096220666
TXN104936,2026-03-16 22:23:38,2026-03-16,1070.87,Utilities,Online,Bengaluru,India,Digital,MacOS,0,0,0,22,Monday,2026-03,0,0,-0.26126789324577643
TXN104937,2026-01-21 05:47:54,2026-01-21,1050.64,Online Services,POS,Ahmedabad,India,In-Store,Android,0,0,0,5,Wednesday,2026-01,1,0,-0.2228204068163806
TXN104938,2026-06-21 17:22:17,2026-06-21,2741.09,Fashion,Bank Transfer,Pune,India,Digital,MacOS,0,0,0,17,Sunday,2026-06,0,0,-0.22756049351811752
TXN104939,2026-05-13 20:31:54,2026-05-13,1094.66,Jewelry,Mobile Wallet,Bengaluru,India,Mobile,Android,0,1,1,20,Wednesday,2026-05,0,0,-0.18470158435751333
TXN104940,2026-03-28 00:26:37,2026-03-28,414.62,Grocery,Online,Jaipur,India,Digital,MacOS,0,0,0,0,Saturday,2026-03,1,0,-0.16478233000907627
TXN104941,2026-06-18 03:13:20,2026-06-18,463.13,Grocery,POS,Ahmedabad,India,In-Store,MacOS,0,0,0,3,Thursday,2026-06,1,0,-0.17764499613981038
TXN104942,2026-02-28 01:02:27,2026-02-28,466.67,Online Services,POS,Bengaluru,India,In-Store,Windows,0,0,0,1,Saturday,2026-02,1,0,-0.17945953697559353
TXN104943,2026-03-30 22:03:35,2026-03-30,413.65,Online Services,Online,Kolkata,India,Digital,Android,0,0,0,22,Monday,2026-03,0,0,-0.21440629770496838
TXN104944,2026-05-30 21:49:13,2026-05-30,5424.18,Grocery,POS,Chennai,India,In-Store,iOS,0,0,0,21,Saturday,2026-05,0,0,-0.12201618785462998
TXN104945,2026-03-24 06:53:35,2026-03-24,465.1,Grocery,ATM,Delhi,India,ATM,Windows,0,0,0,6,Tuesday,2026-03,0,0,-0.23173073514600517
TXN104946,2026-03-06 23:28:20,2026-03-06,1060.68,Grocery,Online,Ahmedabad,India,Digital,Android,0,1,0,23,Friday,2026-03,1,0,-0.11273975185937801
TXN104947,2026-03-05 06:51:54,2026-03-05,1145.93,Grocery,Bank Transfer,Mumbai,India,Digital,MacOS,0,0,0,6,Thursday,2026-03,0,0,-0.2594447769021537
TXN104948,2026-03-12 05:14:50,2026-03-12,951.97,Electronics,Bank Transfer,Hyderabad,India,Digital,Windows,0,0,0,5,Thursday,2026-03,1,0,-0.21650308267270546
TXN104949,2026-01-04 17:05:09,2026-01-04,587.69,Jewelry,Mobile Wallet,Hyderabad,India,Mobile,MacOS,0,1,0,17,Sunday,2026-01,0,0,-0.17073689089872446
TXN104950,2026-05-23 17:10:24,2026-05-23,1578.39,Entertainment,Online,Lucknow,India,Digital,iOS,0,1,0,17,Saturday,2026-05,0,0,-0.17955472438116482
TXN104951,2026-04-14 01:18:45,2026-04-14,324.03,Utilities,ATM,Chennai,India,ATM,Android,0,0,0,1,Tuesday,2026-04,1,0,-0.1271203981147515
TXN104952,2026-05-30 12:00:05,2026-05-30,467.48,Utilities,POS,Hyderabad,India,In-Store,iOS,0,0,0,12,Saturday,2026-05,0,0,-0.23165365393307719
TXN104953,2026-06-24 05:44:44,2026-06-24,2690.47,Food & Dining,POS,Mumbai,India,In-Store,Windows,0,0,0,5,Wednesday,2026-06,1,0,-0.17435531452259834
TXN104954,2026-04-03 16:05:11,2026-04-03,455.79,Utilities,POS,Kolkata,India,In-Store,Android,0,0,0,16,Friday,2026-04,0,0,-0.22743380633002613
TXN104955,2026-06-23 03:38:12,2026-06-23,3096.52,Entertainment,Bank Transfer,Lucknow,India,Digital,Android,0,0,0,3,Tuesday,2026-06,1,0,-0.15595846827667104
TXN104956,2026-05-22 11:02:50,2026-05-22,3315.45,Travel,Online,Delhi,India,Digital,Android,0,0,0,11,Friday,2026-05,0,0,-0.2021997292753367
TXN104957,2026-06-27 07:04:17,2026-06-27,3368.45,Food & Dining,Mobile Wallet,Lucknow,India,Mobile,iOS,0,0,0,7,Saturday,2026-06,0,0,-0.20187535279522612
TXN104958,2026-05-28 19:54:27,2026-05-28,2154.05,Food & Dining,Bank Transfer,Bengaluru,India,Digital,Android,0,0,0,19,Thursday,2026-05,0,0,-0.24417239473988533
TXN104959,2026-06-27 17:28:14,2026-06-27,363.77,Utilities,Bank Transfer,Chennai,India,Digital,iOS,0,0,0,17,Saturday,2026-06,0,0,-0.19752753028076198
TXN104960,2026-04-22 17:01:45,2026-04-22,320.36,Jewelry,Bank Transfer,Ahmedabad,India,Digital,iOS,0,0,0,17,Wednesday,2026-04,0,0,-0.18417369921343157
TXN104961,2026-06-10 03:30:12,2026-06-10,447.76,Fashion,POS,Lucknow,India,In-Store,Android,0,0,0,3,Wednesday,2026-06,1,0,-0.17379282538324897
TXN104962,2026-04-29 21:50:27,2026-04-29,511.88,Utilities,Bank Transfer,Ahmedabad,India,Digital,iOS,1,0,0,21,Wednesday,2026-04,0,0,-0.022273784404709396
TXN104963,2026-02-28 10:18:09,2026-02-28,1119.4,Grocery,POS,Delhi,India,In-Store,Windows,0,0,1,10,Saturday,2026-02,0,0,-0.2606218512088001
TXN104964,2026-02-12 14:28:57,2026-02-12,634.53,Utilities,Mobile Wallet,Jaipur,India,Mobile,MacOS,0,0,0,14,Thursday,2026-02,0,0,-0.2476053036320363
TXN104965,2026-01-12 00:09:19,2026-01-12,2029.72,Fashion,Online,Pune,India,Digital,Android,0,1,0,0,Monday,2026-01,1,0,-0.10789449345977942
TXN104966,2026-02-09 18:24:09,2026-02-09,1845.96,Grocery,Online,Jaipur,India,Digital,iOS,1,0,0,18,Monday,2026-02,0,0,-0.04280593936762478
TXN104967,2026-04-28 10:22:41,2026-04-28,1389.31,Fashion,POS,Hyderabad,India,In-Store,Windows,0,0,0,10,Tuesday,2026-04,0,0,-0.25475320575354315
TXN104968,2026-01-20 22:25:20,2026-01-20,923.5,Entertainment,POS,Bengaluru,India,In-Store,Android,0,0,0,22,Tuesday,2026-01,0,0,-0.2584278927824551
TXN104969,2026-06-15 04:14:21,2026-06-15,1038.34,Grocery,POS,Chennai,India,In-Store,Android,0,0,0,4,Monday,2026-06,1,0,-0.22346971323419612
TXN104970,2026-05-11 05:39:32,2026-05-11,1395.29,Online Services,POS,Chennai,India,In-Store,iOS,0,0,0,5,Monday,2026-05,1,0,-0.21005570332362322
TXN104971,2026-06-05 15:22:35,2026-06-05,751.0,Grocery,Mobile Wallet,Hyderabad,India,Mobile,Android,0,0,0,15,Friday,2026-06,0,0,-0.2516801350345874
TXN104972,2026-03-31 16:05:20,2026-03-31,2396.75,Jewelry,POS,Kolkata,India,In-Store,iOS,1,0,0,16,Tuesday,2026-03,0,0,-0.026843464683561247
TXN104973,2026-04-04 09:02:24,2026-04-04,383.09,Healthcare,POS,Ahmedabad,India,In-Store,MacOS,0,0,0,9,Saturday,2026-04,0,0,-0.20322498864344224
TXN104974,2026-01-13 00:00:37,2026-01-13,589.06,Travel,Online,Chennai,India,Digital,Android,0,0,0,0,Tuesday,2026-01,1,0,-0.19582355713106664
TXN104975,2026-03-07 11:57:12,2026-03-07,522.95,Fashion,POS,Jaipur,India,In-Store,Android,0,0,0,11,Saturday,2026-03,0,0,-0.23294949280476407
TXN104976,2026-02-06 21:43:53,2026-02-06,1581.42,Healthcare,POS,Kolkata,India,In-Store,Android,0,0,0,21,Friday,2026-02,0,0,-0.25342646341232766
TXN104977,2026-06-26 11:30:20,2026-06-26,419.81,Entertainment,Bank Transfer,Kolkata,India,Digital,Android,0,0,0,11,Friday,2026-06,0,0,-0.2149295988111976
TXN104978,2026-03-07 09:36:40,2026-03-07,526.54,Healthcare,Online,Ahmedabad,India,Digital,iOS,0,0,0,9,Saturday,2026-03,0,0,-0.23282952588295353
TXN104979,2026-02-05 13:24:45,2026-02-05,1539.95,Fashion,Online,Hyderabad,India,Digital,Android,0,0,0,13,Thursday,2026-02,0,0,-0.2532033468207059
TXN104980,2026-01-26 17:13:28,2026-01-26,547.26,Food & Dining,POS,Lucknow,India,In-Store,MacOS,0,0,0,17,Monday,2026-01,0,0,-0.2363908008409653
TXN104981,2026-03-16 01:26:07,2026-03-16,2144.31,Jewelry,POS,Pune,India,In-Store,Windows,0,0,1,1,Monday,2026-03,1,0,-0.19392944226204134
TXN104982,2026-04-18 00:07:12,2026-04-18,2104.33,Electronics,POS,Chennai,India,In-Store,Android,0,1,0,0,Saturday,2026-04,1,0,-0.10335520046910174
TXN104983,2026-06-17 19:21:27,2026-06-17,713.17,Fashion,Bank Transfer,Mumbai,India,Digital,Android,0,0,0,19,Wednesday,2026-06,0,0,-0.24818165875810666
TXN104984,2026-02-12 19:59:07,2026-02-12,1214.51,Travel,POS,Jaipur,India,In-Store,Android,0,0,0,19,Thursday,2026-02,0,0,-0.2621341793716361
TXN104985,2026-05-30 14:08:23,2026-05-30,5695.74,Utilities,POS,Delhi,India,In-Store,Android,0,0,0,14,Saturday,2026-05,0,0,-0.11343708824561904
TXN104986,2026-05-28 15:02:29,2026-05-28,2203.18,Utilities,ATM,Pune,India,ATM,Android,0,1,0,15,Thursday,2026-05,0,0,-0.16207496985624747
TXN104987,2026-01-08 15:46:08,2026-01-08,1628.33,Travel,Online,Ahmedabad,India,Digital,iOS,0,0,0,15,Thursday,2026-01,0,0,-0.25270804957474313
TXN104988,2026-01-29 16:43:04,2026-01-29,3795.13,Grocery,Bank Transfer,Bengaluru,India,Digital,iOS,0,0,0,16,Thursday,2026-01,0,0,-0.1897112158645406
TXN104989,2026-02-09 18:16:32,2026-02-09,507.28,Grocery,POS,Chennai,India,In-Store,MacOS,0,0,0,18,Monday,2026-02,0,0,-0.2345845458777467
TXN104990,2026-06-07 09:17:19,2026-06-07,2994.9,Fashion,POS,Kolkata,India,In-Store,Windows,0,1,0,9,Sunday,2026-06,0,0,-0.1294076281805322
TXN104991,2026-05-08 09:14:17,2026-05-08,1457.52,Fashion,Bank Transfer,Hyderabad,India,Digital,Android,0,0,0,9,Friday,2026-05,0,0,-0.2532992318026616
TXN104992,2026-03-25 12:24:34,2026-03-25,3518.22,Jewelry,Online,Chennai,India,Digital,Windows,0,0,0,12,Wednesday,2026-03,0,0,-0.19776727652769138
TXN104993,2026-04-26 14:14:08,2026-04-26,722.19,Food & Dining,Mobile Wallet,Mumbai,India,Mobile,Android,0,0,0,14,Sunday,2026-04,0,0,-0.24904582490951221
TXN104994,2026-05-24 23:13:22,2026-05-24,3340.9,Travel,POS,Hyderabad,India,In-Store,Android,0,0,0,23,Sunday,2026-05,1,0,-0.14527133242927326
TXN104995,2026-06-23 12:36:11,2026-06-23,272.1,Online Services,ATM,Kolkata,India,ATM,iOS,0,0,0,12,Tuesday,2026-06,0,0,-0.16388798359079343
TXN104996,2026-03-03 18:53:16,2026-03-03,2836.0,Food & Dining,Mobile Wallet,Lucknow,India,Mobile,iOS,0,0,0,18,Tuesday,2026-03,0,0,-0.22051818959296382
TXN104997,2026-01-07 10:21:37,2026-01-07,1363.87,Entertainment,Bank Transfer,Kolkata,India,Digital,iOS,0,0,0,10,Wednesday,2026-01,0,0,-0.2579164764703095
TXN104998,2026-02-14 15:04:33,2026-02-14,1854.66,Grocery,ATM,Lucknow,India,ATM,Windows,0,1,0,15,Saturday,2026-02,0,0,-0.17709991303753403
TXN104999,2026-06-25 17:00:56,2026-06-25,205.48,Fashion,Bank Transfer,Lucknow,India,Digital,Windows,0,0,0,17,Thursday,2026-06,0,0,-0.10654936120842373
